actual_price,predicted_price,error,abs_error
4.110873864173311,3.9901078119905518,-0.1207660521827596,0.1207660521827596
3.9318256327243257,3.9023030245945307,-0.029522608129795014,0.029522608129795014
4.430816798843313,3.9979984424475044,-0.432818356395809,0.432818356395809
3.713572066704308,4.112937713945913,0.3993656472416047,0.3993656472416047
4.5217885770490405,4.157156570082944,-0.36463200696609643,0.36463200696609643
3.258096538021482,3.7900715667311484,0.5319750287096663,0.5319750287096663
3.713572066704308,4.0281879702503485,0.3146159035460405,0.3146159035460405
3.258096538021482,4.123320169912969,0.8652236318914865,0.8652236318914865
3.951243718581427,4.324066928930499,0.37282321034907184,0.37282321034907184
4.189654742026425,3.663098533494124,-0.526556208532301,0.526556208532301
3.044522437723423,4.120832253984787,1.076309816261364,1.076309816261364
4.204692619390966,4.03954743785718,-0.1651451815337861,0.1651451815337861
4.110873864173311,3.796546838827499,-0.31432702534581214,0.31432702534581214
3.9318256327243257,3.91381874943104,-0.018006883293285814,0.018006883293285814
4.2626798770413155,4.420043174726699,0.15736329768538315,0.15736329768538315
4.394449154672439,3.9101735690141397,-0.4842755856582994,0.4842755856582994
3.044522437723423,3.5826895351601538,0.5381670974367307,0.5381670974367307
4.110873864173311,3.9952552139624498,-0.1156186502108616,0.1156186502108616
3.4339872044851463,2.8146670976861894,-0.6193201067989569,0.6193201067989569
4.454347296253507,4.224855639352039,-0.22949165690146867,0.22949165690146867
4.394449154672439,4.094208435217501,-0.3002407194549379,0.3002407194549379
3.9318256327243257,4.21454081754227,0.2827151848179441,0.2827151848179441
4.330733340286331,3.736427362569944,-0.5943059777163873,0.5943059777163873
3.4339872044851463,4.1188641175815475,0.6848769130964012,0.6848769130964012
4.2626798770413155,3.978945858012591,-0.2837340190287243,0.2837340190287243
3.9318256327243257,3.838372780303173,-0.09345285242115287,0.09345285242115287
3.9318256327243257,3.7035777058236032,-0.2282479269007225,0.2282479269007225
3.4339872044851463,4.02167021498582,0.5876830105006734,0.5876830105006734
3.4339872044851463,3.972969202275369,0.5389819977902226,0.5389819977902226
4.330733340286331,4.122951048938855,-0.20778229134747583,0.20778229134747583
4.330733340286331,3.461067365822315,-0.8696659744640161,0.8696659744640161
3.951243718581427,4.138190833121477,0.1869471145400503,0.1869471145400503
3.713572066704308,3.86203701566732,0.14846494896301188,0.14846494896301188
4.2626798770413155,3.501138061776502,-0.7615418152648132,0.7615418152648132
3.713572066704308,3.513137714959112,-0.20043435174519608,0.20043435174519608
4.2626798770413155,4.066953583578005,-0.19572629346331016,0.19572629346331016
4.2626798770413155,4.430597220856569,0.1679173438152537,0.1679173438152537
4.394449154672439,3.97685057822879,-0.41759857644364917,0.41759857644364917
3.044522437723423,4.06610018217231,1.0215777444488867,1.0215777444488867
3.4339872044851463,3.5506263374168956,0.11663913293174932,0.11663913293174932
3.9318256327243257,3.82384616456075,-0.10797946816357573,0.10797946816357573
4.330733340286331,3.8680883115110984,-0.4626450287752326,0.4626450287752326
3.951243718581427,4.039084008242051,0.0878402896606243,0.0878402896606243
3.828641396489095,4.077931050706389,0.24928965421729377,0.24928965421729377
3.9318256327243257,3.7158099282431225,-0.21601570448120322,0.21601570448120322
4.330733340286331,4.141415705374354,-0.18931763491197717,0.18931763491197717
4.189654742026425,3.902637048542925,-0.28701769348350004,0.28701769348350004
3.9318256327243257,3.668268753687513,-0.2635568790368126,0.2635568790368126
4.51085950651685,4.085320965119722,-0.42553854139712755,0.42553854139712755
3.713572066704308,3.587964958998691,-0.1256071077056169,0.1256071077056169
3.713572066704308,3.973099475468913,0.2595274087646051,0.2595274087646051
3.713572066704308,3.984272082704293,0.27070001599998506,0.27070001599998506
3.4339872044851463,4.055026691747517,0.6210394872623706,0.6210394872623706
3.258096538021482,3.507061787661935,0.24896524964045286,0.24896524964045286
3.713572066704308,3.7819435667104173,0.06837150000610936,0.06837150000610936
3.6375861597263857,3.3298708240770285,-0.30771533564935716,0.30771533564935716
4.110873864173311,3.7102258708050617,-0.40064799336824963,0.40064799336824963
4.394449154672439,4.5692226626552435,0.17477350798280433,0.17477350798280433
3.258096538021482,3.4187489076520183,0.1606523696305362,0.1606523696305362
4.110873864173311,4.049190072399386,-0.06168379177392502,0.06168379177392502
4.454347296253507,4.08763705637538,-0.36671023987812745,0.36671023987812745
3.951243718581427,3.4705094744289857,-0.48073424415244137,0.48073424415244137
3.713572066704308,3.7042163401747112,-0.009355726529596708,0.009355726529596708
3.713572066704308,4.032682071606438,0.3191100049021305,0.3191100049021305
3.9318256327243257,4.011226761242658,0.07940112851833225,0.07940112851833225
4.51085950651685,4.155244176188873,-0.35561533032797676,0.35561533032797676
3.044522437723423,3.9107398364265764,0.8662173987031534,0.8662173987031534
3.4339872044851463,3.7693957384250747,0.3354085339399284,0.3354085339399284
3.9318256327243257,3.6761917262225015,-0.25563390650182427,0.25563390650182427
2.3978952727983707,4.077150035866227,1.6792547630678563,1.6792547630678563
3.4339872044851463,3.619579126095852,0.1855919216107056,0.1855919216107056
4.2626798770413155,3.98460380276111,-0.27807607428020553,0.27807607428020553
4.454347296253507,4.508070768087543,0.053723471834035585,0.053723471834035585
3.9318256327243257,3.7905907617441135,-0.14123487098021226,0.14123487098021226
3.044522437723423,3.5592631955960936,0.5147407578726706,0.5147407578726706
4.330733340286331,4.222682795119001,-0.10805054516733037,0.10805054516733037
3.9318256327243257,4.334618011427513,0.4027923787031873,0.4027923787031873
3.4339872044851463,3.820720210032465,0.3867330055473186,0.3867330055473186
4.290459441148391,4.010920157831452,-0.27953928331693856,0.27953928331693856
4.110873864173311,3.9413784132108844,-0.1694954509624269,0.1694954509624269
3.4339872044851463,4.126014894109557,0.6920276896244104,0.6920276896244104
4.330733340286331,4.192897889949178,-0.13783545033715328,0.13783545033715328
3.4339872044851463,3.589490529465304,0.15550332498015784,0.15550332498015784
3.4339872044851463,3.8113042079573667,0.3773170034722204,0.3773170034722204
3.4339872044851463,3.720988735434119,0.28700153094897285,0.28700153094897285
4.330733340286331,4.114169928660799,-0.21656341162553172,0.21656341162553172
4.110873864173311,4.013194225663675,-0.09767963850963657,0.09767963850963657
4.110873864173311,3.828833148540641,-0.2820407156326703,0.2820407156326703
3.9318256327243257,3.7250004659319043,-0.20682516679242147,0.20682516679242147
4.51085950651685,4.107253686267285,-0.40360582024956493,0.40360582024956493
3.9318256327243257,4.2313856489482,0.29956001622387385,0.29956001622387385
4.02535169073515,4.002258514688591,-0.023093176046558916,0.023093176046558916
4.330733340286331,3.8626001574899593,-0.4681331827963717,0.4681331827963717
4.2626798770413155,4.0355838331563945,-0.227096043884921,0.227096043884921
4.394449154672439,4.125156879889018,-0.269292274783421,0.269292274783421
4.2626798770413155,3.900998412189229,-0.3616814648520865,0.3616814648520865
3.4339872044851463,3.5368379120425573,0.10285070755741099,0.10285070755741099
3.49650756146648,3.5352542080656306,0.038746646599150836,0.038746646599150836
3.9318256327243257,3.9320966764272356,0.0002710437029098678,0.0002710437029098678
3.9318256327243257,4.323242088657702,0.3914164559333764,0.3914164559333764
3.9318256327243257,3.5527898713856976,-0.37903576133862815,0.37903576133862815
4.48863636973214,4.105412894179666,-0.38322347555247394,0.38322347555247394
4.330733340286331,4.005272599493892,-0.3254607407924395,0.3254607407924395
4.110873864173311,3.789877601662239,-0.3209962625110725,0.3209962625110725
3.951243718581427,4.135322591556233,0.18407887297480574,0.18407887297480574
4.2626798770413155,3.88300172541235,-0.37967815162896557,0.37967815162896557
4.499809670330265,4.155982953742707,-0.34382671658755815,0.34382671658755815
3.713572066704308,3.7191246162137066,0.005552549509398652,0.005552549509398652
3.9318256327243257,4.030167723831738,0.09834209110741243,0.09834209110741243
3.044522437723423,3.984634493010467,0.9401120552870439,0.9401120552870439
3.951243718581427,4.1579457928711,0.20670207428967302,0.20670207428967302
4.394449154672439,4.015903341170175,-0.37854581350226457,0.37854581350226457
4.110873864173311,3.951003248090016,-0.15987061608329522,0.15987061608329522
3.9318256327243257,4.034920755745467,0.10309512302114099,0.10309512302114099
4.532599493153256,4.113319398441558,-0.4192800947116986,0.4192800947116986
3.9318256327243257,3.5832925685091386,-0.34853306421518715,0.34853306421518715
4.2626798770413155,4.047356774709651,-0.21532310233166463,0.21532310233166463
4.51085950651685,4.3387106032648095,-0.17214890325204024,0.17214890325204024
3.5263605246161616,3.694302539748695,0.16794201513253348,0.16794201513253348
3.044522437723423,3.988207757870451,0.9436853201470279,0.9436853201470279
3.9318256327243257,4.156690477849271,0.22486484512494487,0.22486484512494487
3.9318256327243257,3.836134669698383,-0.09569096302594282,0.09569096302594282
3.951243718581427,4.134548586903658,0.1833048683222307,0.1833048683222307
2.772588722239781,3.370098648288426,0.597509926048645,0.597509926048645
4.51085950651685,3.780889277835556,-0.7299702286812937,0.7299702286812937
4.189654742026425,4.176639685258749,-0.013015056767676114,0.013015056767676114
3.4339872044851463,3.7732616777838937,0.3392744732987474,0.3392744732987474
4.51085950651685,4.265462253255555,-0.24539725326129513,0.24539725326129513
4.394449154672439,4.158199150091413,-0.2362500045810263,0.2362500045810263
3.49650756146648,2.856757843260927,-0.6397497182055529,0.6397497182055529
4.330733340286331,4.102850863998909,-0.2278824762874221,0.2278824762874221
3.58351893845611,3.4752791394611062,-0.10823979899500369,0.10823979899500369
4.2626798770413155,3.9062455442266284,-0.35643433281468706,0.35643433281468706
4.394449154672439,4.167401688467146,-0.2270474662052928,0.2270474662052928
4.454347296253507,4.042831749191593,-0.4115155470619145,0.4115155470619145
3.4339872044851463,3.6769060712098596,0.2429188667247133,0.2429188667247133
3.713572066704308,3.528835447407241,-0.18473661929706697,0.18473661929706697
4.51085950651685,3.938470697724324,-0.572388808792526,0.572388808792526
4.290459441148391,4.238001326959603,-0.052458114188787874,0.052458114188787874
4.110873864173311,3.9956819790931446,-0.11519188508016676,0.11519188508016676
3.713572066704308,3.806953215704855,0.09338114900054695,0.09338114900054695
4.330733340286331,3.982713896044719,-0.34801944424161224,0.34801944424161224
4.394449154672439,3.9225891630843712,-0.4718599915880679,0.4718599915880679
4.51085950651685,4.096093388713711,-0.414766117803139,0.414766117803139
4.2626798770413155,3.7589590509188353,-0.5037208261224801,0.5037208261224801
3.4339872044851463,3.8269924449893713,0.39300524050422503,0.39300524050422503
4.189654742026425,3.9247647279633835,-0.2648900140630417,0.2648900140630417
4.189654742026425,3.6015059258691204,-0.5881488161573047,0.5881488161573047
4.110873864173311,3.817311441616514,-0.2935624225567972,0.2935624225567972
4.465908118654584,4.254461102237822,-0.2114470164167619,0.2114470164167619
4.465908118654584,4.181781203366537,-0.2841269152880468,0.2841269152880468
3.044522437723423,3.4091087693774096,0.3645863316539866,0.3645863316539866
4.499809670330265,3.9468451790984744,-0.5529644912317906,0.5529644912317906
4.110873864173311,3.940133286651682,-0.17074057752162952,0.17074057752162952
3.044522437723423,3.141220566113356,0.09669812838993286,0.09669812838993286
4.5217885770490405,4.15572794303211,-0.36606063401693056,0.36606063401693056
3.044522437723423,4.054610589786699,1.0100881520632758,1.0100881520632758
3.258096538021482,3.7502812337399445,0.49218469571846235,0.49218469571846235
3.9318256327243257,4.152465372009618,0.22063973928529235,0.22063973928529235
3.713572066704308,4.070960377227513,0.35738831052320474,0.35738831052320474
4.394449154672439,4.054351093991916,-0.34009806068052306,0.34009806068052306
3.9318256327243257,3.8273247439302116,-0.10450088879411412,0.10450088879411412
3.9318256327243257,4.2976046639488565,0.3657790312245308,0.3657790312245308
3.258096538021482,4.055244794836559,0.7971482568150772,0.7971482568150772
3.951243718581427,4.184528352938629,0.2332846343572017,0.2332846343572017
3.9318256327243257,4.148646196925791,0.2168205642014649,0.2168205642014649
4.330733340286331,4.155710648946486,-0.17502269133984516,0.17502269133984516
3.4339872044851463,3.5378008387056794,0.10381363422053314,0.10381363422053314
3.9318256327243257,3.7776622080364963,-0.1541634246878294,0.1541634246878294
3.9318256327243257,3.5475190080980914,-0.3843066246262343,0.3843066246262343
4.110873864173311,3.822873178501305,-0.28800068567200654,0.28800068567200654
2.772588722239781,3.628726376349838,0.8561376541100567,0.8561376541100567
3.951243718581427,4.094920237208698,0.14367651862727104,0.14367651862727104
3.4339872044851463,3.726076671726486,0.29208946724133966,0.29208946724133966
3.4339872044851463,3.3832948830744733,-0.050692321410672925,0.050692321410672925
3.9318256327243257,3.7935960395233694,-0.1382295932009563,0.1382295932009563
4.454347296253507,4.215173207335679,-0.239174088917828,0.239174088917828
3.9318256327243257,3.7250004659319043,-0.20682516679242147,0.20682516679242147
3.258096538021482,3.2060332615816494,-0.05206327643983277,0.05206327643983277
4.394449154672439,4.099284401994598,-0.2951647526778407,0.2951647526778407
3.713572066704308,3.637620714523856,-0.07595135218045179,0.07595135218045179
3.58351893845611,4.17610500889132,0.5925860704352104,0.5925860704352104
4.110873864173311,3.9292948987325245,-0.1815789654407869,0.1815789654407869
3.9318256327243257,4.340772813018152,0.40894718029382604,0.40894718029382604
3.9318256327243257,3.8154884636903956,-0.1163371690339301,0.1163371690339301
4.51085950651685,4.39033044785475,-0.12052905866209951,0.12052905866209951
4.2626798770413155,4.205506773379336,-0.05717310366197914,0.05717310366197914
4.532599493153256,4.147557233460729,-0.38504225969252737,0.38504225969252737
4.30406509320417,4.031800992960261,-0.272264100243909,0.272264100243909
3.951243718581427,4.29891563344295,0.3476719148615226,0.3476719148615226
4.330733340286331,3.968943191439032,-0.361790148847299,0.361790148847299
4.2626798770413155,4.297696686287608,0.0350168092462928,0.0350168092462928
3.951243718581427,4.30594915259252,0.3547054340110929,0.3547054340110929
3.4339872044851463,4.198320251081346,0.7643330465961995,0.7643330465961995
4.564348191467836,4.218434046976784,-0.3459141444910525,0.3459141444910525
3.258096538021482,3.5423734123863415,0.2842768743648594,0.2842768743648594
4.394449154672439,4.259086184916634,-0.1353629697558052,0.1353629697558052
2.772588722239781,3.343058186949901,0.5704694647101198,0.5704694647101198
3.951243718581427,4.173096979215634,0.22185326063420696,0.22185326063420696
3.044522437723423,3.6893192747895727,0.6447968370661497,0.6447968370661497
4.394449154672439,4.108961764723146,-0.2854873899492931,0.2854873899492931
4.564348191467836,4.04983517351287,-0.5145130179549664,0.5145130179549664
3.951243718581427,4.248352302768366,0.29710858418693853,0.29710858418693853
3.9318256327243257,3.7003621206719255,-0.23146351205240023,0.23146351205240023
3.9318256327243257,4.027725671855503,0.09590003913117728,0.09590003913117728
3.5553480614894135,3.8381240813295983,0.28277601984018474,0.28277601984018474
3.951243718581427,4.195627426417919,0.24438370783649166,0.24438370783649166
3.713572066704308,3.9267199399655315,0.21314787326122353,0.21314787326122353
4.394449154672439,3.9569700868476017,-0.4374790678248375,0.4374790678248375
4.454347296253507,4.220128815575332,-0.23421848067817574,0.23421848067817574
3.9318256327243257,4.11507964393746,0.18325401121313467,0.18325401121313467
4.330733340286331,4.106202976580778,-0.22453036370555335,0.22453036370555335
3.9318256327243257,4.005396025791749,0.07357039306742363,0.07357039306742363
2.3978952727983707,3.649642019944754,1.2517467471463832,1.2517467471463832
4.02535169073515,4.084192009784178,0.05884031904902809,0.05884031904902809
4.330733340286331,4.42941806017901,0.09868471989267924,0.09868471989267924
3.9318256327243257,3.9374517226759425,0.005626089951616731,0.005626089951616731
4.110873864173311,3.8621940805293926,-0.24867978364391874,0.24867978364391874
3.713572066704308,4.1111610063433135,0.39758893963900555,0.39758893963900555
3.9318256327243257,3.7055826590607976,-0.22624297366352808,0.22624297366352808
4.330733340286331,4.04170305693792,-0.28903028334841085,0.28903028334841085
3.044522437723423,3.6408595023430017,0.5963370646195787,0.5963370646195787
3.951243718581427,4.097128405714239,0.14588468713281166,0.14588468713281166
4.110873864173311,4.164646678252628,0.05377281407931633,0.05377281407931633
3.9318256327243257,3.8215176033185614,-0.11030802940576434,0.11030802940576434
4.110873864173311,3.6465225395925445,-0.4643513245807669,0.4643513245807669
3.713572066704308,3.7250004659319043,0.011428399227596309,0.011428399227596309
3.9318256327243257,3.4453763417940046,-0.4864492909303211,0.4864492909303211
4.394449154672439,4.014412064802325,-0.38003708987011375,0.38003708987011375
4.394449154672439,4.046495626639902,-0.3479535280325372,0.3479535280325372
4.219507705176107,3.7041209596892917,-0.5153867454868153,0.5153867454868153
3.4339872044851463,4.066966033220808,0.6329788287356619,0.6329788287356619
4.2626798770413155,3.9570070884804376,-0.3056727885608779,0.3056727885608779
4.110873864173311,3.6946784021659522,-0.41619546200735913,0.41619546200735913
4.430816798843313,4.14284384041893,-0.2879729584243833,0.2879729584243833
4.51085950651685,4.099419498994788,-0.4114400075220619,0.4114400075220619
4.51085950651685,4.363293551776408,-0.14756595474044154,0.14756595474044154
4.2626798770413155,4.273086445704754,0.010406568663438698,0.010406568663438698
3.9318256327243257,3.8873716253357204,-0.04445400738860528,0.04445400738860528
4.454347296253507,4.377881831042384,-0.07646546521112363,0.07646546521112363
4.127134385045092,4.2471951806088875,0.12006079556379579,0.12006079556379579
2.772588722239781,3.2358202863509256,0.4632315641111444,0.4632315641111444
3.044522437723423,3.157691959879294,0.11316952215587106,0.11316952215587106
3.9318256327243257,3.672262329430461,-0.2595633032938647,0.2595633032938647
3.9318256327243257,3.7620958137880014,-0.16972981893632433,0.16972981893632433
3.9318256327243257,3.391450776633523,-0.5403748560908026,0.5403748560908026
4.02535169073515,4.124884159091992,0.09953246835684215,0.09953246835684215
4.2626798770413155,4.122831199983972,-0.13984867705734327,0.13984867705734327
2.772588722239781,3.276135111697783,0.5035463894580019,0.5035463894580019
4.51085950651685,4.253804833065999,-0.25705467345085076,0.25705467345085076
3.951243718581427,4.163618703479378,0.21237498489795126,0.21237498489795126
3.4339872044851463,3.862283229223856,0.42829602473870976,0.42829602473870976
4.394449154672439,3.961886489133263,-0.4325626655391761,0.4325626655391761
4.51085950651685,4.068067955997562,-0.44279155051928765,0.44279155051928765
4.394449154672439,4.25805840369785,-0.13639075097458875,0.13639075097458875
3.044522437723423,3.482528097183375,0.43800565945995196,0.43800565945995196
4.51085950651685,4.362622523778482,-0.14823698273836783,0.14823698273836783
3.713572066704308,3.756785706176512,0.043213639472204246,0.043213639472204246
3.9318256327243257,4.173839314102557,0.24201368137823165,0.24201368137823165
4.51085950651685,4.361700460402817,-0.14915904611403263,0.14915904611403263
3.9318256327243257,3.7553932002872927,-0.176432432437033,0.176432432437033
3.5263605246161616,3.710238694083906,0.18387816946774427,0.18387816946774427
3.4339872044851463,3.76286469561441,0.3288774911292638,0.3288774911292638
4.330733340286331,4.346464129092771,0.015730788806440188,0.015730788806440188
4.330733340286331,4.017787305191541,-0.31294603509479035,0.31294603509479035
4.189654742026425,4.064540401732117,-0.12511434029430824,0.12511434029430824
3.713572066704308,3.8933577712237897,0.17978570451948173,0.17978570451948173
3.044522437723423,3.965375524070566,0.9208530863471429,0.9208530863471429
4.394449154672439,3.8659854877962596,-0.5284636668761795,0.5284636668761795
4.330733340286331,4.247130419609734,-0.08360292067659714,0.08360292067659714
4.430816798843313,4.062664992454165,-0.36815180638914846,0.36815180638914846
4.330733340286331,4.6185211656892715,0.28778782540294046,0.28778782540294046
3.4339872044851463,4.074176926161546,0.6401897216763999,0.6401897216763999
4.02535169073515,4.0545180287593325,0.029166338024182892,0.029166338024182892
4.477336814478207,4.071671862146087,-0.40566495233211963,0.40566495233211963
4.219507705176107,4.195374944500422,-0.024132760675684928,0.024132760675684928
4.394449154672439,4.14783129320118,-0.2466178614712593,0.2466178614712593
4.394449154672439,3.8930668211325035,-0.5013823335399357,0.5013823335399357
4.2626798770413155,3.9290541672381494,-0.3336257098031661,0.3336257098031661
3.9318256327243257,3.74164512781642,-0.19018050490790595,0.19018050490790595
4.394449154672439,4.273100953225829,-0.12134820144660985,0.12134820144660985
4.51085950651685,4.222226137338982,-0.28863336917786775,0.28863336917786775
3.9318256327243257,4.038981936412786,0.10715630368846041,0.10715630368846041
3.9318256327243257,3.9349863680039725,0.003160735279646776,0.003160735279646776
3.5553480614894135,3.5445594649377594,-0.010788596551654095,0.010788596551654095
3.9318256327243257,3.827829557919867,-0.1039960748044586,0.1039960748044586
4.2626798770413155,4.220842537996411,-0.041837339044904276,0.041837339044904276
4.2626798770413155,4.006643456483855,-0.2560364205574608,0.2560364205574608
3.9318256327243257,3.888238088449299,-0.04358754427502687,0.04358754427502687
4.2626798770413155,3.7181165573830297,-0.5445633196582857,0.5445633196582857
3.58351893845611,3.433198841854371,-0.15032009660173884,0.15032009660173884
4.02535169073515,3.763438684260774,-0.26191300647437554,0.26191300647437554
3.258096538021482,3.7858635110931207,0.5277669730716386,0.5277669730716386
4.330733340286331,3.964615476418594,-0.3661178638677369,0.3661178638677369
3.9318256327243257,3.578260910986421,-0.35356472173790454,0.35356472173790454
4.394449154672439,4.253881243771137,-0.14056791090130183,0.14056791090130183
3.4339872044851463,3.6431424885348473,0.20915528404970107,0.20915528404970107
4.110873864173311,3.8703510383894364,-0.24052282578387496,0.24052282578387496
3.4339872044851463,3.3477691974922967,-0.08621800699284954,0.08621800699284954
3.4339872044851463,3.6001267275078765,0.16613952302273027,0.16613952302273027
3.951243718581427,3.9754762252439857,0.024232506662558606,0.024232506662558606
3.044522437723423,3.258055599428954,0.21353316170553116,0.21353316170553116
3.951243718581427,4.120208170803991,0.16896445222256418,0.16896445222256418
4.51085950651685,4.045404895265207,-0.46545461125164245,0.46545461125164245
3.4339872044851463,3.8079241830031814,0.3739369785180351,0.3739369785180351
4.2626798770413155,3.955074717488702,-0.30760515955261347,0.30760515955261347
4.330733340286331,3.931162482606072,-0.399570857680259,0.399570857680259
4.465908118654584,4.0012454723145225,-0.46466264634006116,0.46466264634006116
4.2626798770413155,3.7919799530065523,-0.47069992403476313,0.47069992403476313
2.3978952727983707,3.563456075058378,1.1655608022600075,1.1655608022600075
3.828641396489095,4.069568374914136,0.24092697842504052,0.24092697842504052
4.110873864173311,4.0791372957083185,-0.03173656846499284,0.03173656846499284
4.2626798770413155,4.067041037719172,-0.1956388393221431,0.1956388393221431
4.110873864173311,3.599380097192718,-0.5114937669805935,0.5114937669805935
4.2626798770413155,3.8691927977515577,-0.3934870792897578,0.3934870792897578
3.713572066704308,4.239014372150212,0.5254423054459041,0.5254423054459041
3.9318256327243257,4.021352230241078,0.0895265975167523,0.0895265975167523
3.4339872044851463,3.893530217797067,0.45954301331192093,0.45954301331192093
4.394449154672439,4.061820102612278,-0.33262905206016136,0.33262905206016136
4.51085950651685,4.302125482981488,-0.20873402353536186,0.20873402353536186
3.4339872044851463,3.8717680981584617,0.4377808936733154,0.4377808936733154
4.189654742026425,4.43569517876441,0.24604043673798515,0.24604043673798515
4.189654742026425,3.55407683776178,-0.635577904264645,0.635577904264645
4.2626798770413155,4.066760618889486,-0.19591925815182964,0.19591925815182964
4.394449154672439,4.1482314845881,-0.2462176700843388,0.2462176700843388
3.9318256327243257,4.07007157243936,0.13824593971503463,0.13824593971503463
4.007333185232471,3.970743569261937,-0.03658961597053434,0.03658961597053434
4.2626798770413155,3.991649926990461,-0.2710299500508544,0.2710299500508544
3.044522437723423,3.4853673700167267,0.4408449322933037,0.4408449322933037
3.58351893845611,3.969105685699473,0.38558674724336317,0.38558674724336317
3.258096538021482,3.7784092996633,0.5203127616418177,0.5203127616418177
2.772588722239781,3.6231192152583143,0.8505304930185331,0.8505304930185331
4.2626798770413155,4.109544761215845,-0.1531351158254708,0.1531351158254708
3.9318256327243257,3.6435255686247694,-0.28830006409955633,0.28830006409955633
4.110873864173311,3.439998211501594,-0.6708756526717172,0.6708756526717172
3.4339872044851463,3.6674273616756925,0.23344015719054623,0.23344015719054623
3.58351893845611,3.876696768876789,0.2931778304206789,0.2931778304206789
4.51085950651685,4.297116158769136,-0.2137433477477133,0.2137433477477133
4.394449154672439,4.205301213802346,-0.18914794087009312,0.18914794087009312
4.394449154672439,3.9342539836770998,-0.46019517099533935,0.46019517099533935
4.110873864173311,4.161150243241137,0.05027637906782534,0.05027637906782534
4.394449154672439,4.063665956417376,-0.3307831982550633,0.3307831982550633
3.713572066704308,3.3938154901850277,-0.31975657651928024,0.31975657651928024
4.430816798843313,4.1763737253004685,-0.2544430735428449,0.2544430735428449
4.2626798770413155,3.8830008456676546,-0.3796790313736609,0.3796790313736609
3.5263605246161616,4.080695957613582,0.5543354329974202,0.5543354329974202
4.290459441148391,4.162270166063797,-0.1281892750845941,0.1281892750845941
4.110873864173311,3.949500553416463,-0.16137331075684846,0.16137331075684846
3.4339872044851463,3.518594201286046,0.08460699680089956,0.08460699680089956
3.9318256327243257,3.9289180468391165,-0.0029075858852092296,0.0029075858852092296
3.332204510175204,4.0718475998832036,0.7396430897079997,0.7396430897079997
3.713572066704308,3.9686328089492338,0.2550607422449258,0.2550607422449258
3.713572066704308,3.6773676637403994,-0.03620440296390859,0.03620440296390859
3.9318256327243257,4.102839505393005,0.1710138726686794,0.1710138726686794
4.330733340286331,4.180618595565506,-0.15011474472082487,0.15011474472082487
4.110873864173311,4.079853213553952,-0.031020650619359103,0.031020650619359103
3.951243718581427,3.9654422952541704,0.014198576672743268,0.014198576672743268
4.204692619390966,3.9164796811239273,-0.2882129382670384,0.2882129382670384
4.330733340286331,4.271067193309767,-0.05966614697656425,0.05966614697656425
4.2626798770413155,4.07002315604379,-0.19265672099752518,0.19265672099752518
4.330733340286331,4.455791777218303,0.1250584369319716,0.1250584369319716
4.330733340286331,3.883359521215635,-0.44737381907069595,0.44737381907069595
2.3978952727983707,2.9185112150462102,0.5206159422478396,0.5206159422478396
3.4339872044851463,4.14724029088482,0.713253086399674,0.713253086399674
3.044522437723423,3.7774672929853783,0.7329448552619553,0.7329448552619553
4.330733340286331,3.9258246281742997,-0.4049087121120314,0.4049087121120314
2.772588722239781,3.2360270887696077,0.4634383665298265,0.4634383665298265
4.394449154672439,4.068162531414468,-0.3262866232579711,0.3262866232579711
2.772588722239781,3.4933105681431496,0.7207218459033684,0.7207218459033684
3.9318256327243257,3.8807066117936255,-0.0511190209307002,0.0511190209307002
2.3978952727983707,3.8250670917399514,1.4271718189415807,1.4271718189415807
3.9318256327243257,3.8095788442126572,-0.12224678851166848,0.12224678851166848
3.9318256327243257,3.7915702463535,-0.1402553863708258,0.1402553863708258
3.9318256327243257,4.061080906627739,0.12925527390341296,0.12925527390341296
3.58351893845611,3.7548091978094664,0.1712902593533565,0.1712902593533565
3.044522437723423,3.004108535167976,-0.04041390255544686,0.04041390255544686
3.9318256327243257,3.776742434973089,-0.15508319775123658,0.15508319775123658
4.330733340286331,4.331322431247429,0.0005890909610979378,0.0005890909610979378
3.713572066704308,3.8439320777299946,0.13036001102568662,0.13036001102568662
3.258096538021482,3.2683811505621065,0.010284612540624405,0.010284612540624405
3.4339872044851463,3.4062823842063077,-0.027704820278838582,0.027704820278838582
4.2626798770413155,3.9996433585320825,-0.26303651850923293,0.26303651850923293
3.044522437723423,3.6950541455030033,0.6505317077795802,0.6505317077795802
4.394449154672439,4.120922321804566,-0.2735268328678728,0.2735268328678728
3.9318256327243257,4.048288996194522,0.11646336347019615,0.11646336347019615
4.330733340286331,4.140115030350916,-0.19061830993541484,0.19061830993541484
4.110873864173311,3.7812771263089786,-0.32959673786433275,0.32959673786433275
3.9318256327243257,3.6857563796334913,-0.24606925309083438,0.24606925309083438
3.9318256327243257,3.608521027608419,-0.32330460511590653,0.32330460511590653
3.9318256327243257,3.9136612485372364,-0.018164384187089322,0.018164384187089322
3.713572066704308,3.537648420958865,-0.17592364574544295,0.17592364574544295
3.951243718581427,4.166274338091098,0.21503061950967073,0.21503061950967073
4.394449154672439,3.8786152599515296,-0.5158338947209096,0.5158338947209096
3.5263605246161616,3.8746159537516363,0.3482554291354747,0.3482554291354747
3.9318256327243257,3.8644804479826527,-0.06734518474167306,0.06734518474167306
4.330733340286331,4.216485201755307,-0.11424813853102389,0.11424813853102389
4.394449154672439,3.959856520390288,-0.4345926342821511,0.4345926342821511
4.3694478524670215,4.0829804016744715,-0.28646745079255,0.28646745079255
4.204692619390966,3.7134164164057086,-0.4912762029852571,0.4912762029852571
3.828641396489095,3.971095127252354,0.14245373076325896,0.14245373076325896
4.394449154672439,4.170590408839399,-0.22385874583304055,0.22385874583304055
3.9318256327243257,4.429215206642544,0.49738957391821836,0.49738957391821836
4.51085950651685,4.119974283197304,-0.3908852233195459,0.3908852233195459
4.330733340286331,3.9570244843875133,-0.37370885589881775,0.37370885589881775
3.713572066704308,4.000147239062516,0.28657517235820773,0.28657517235820773
3.258096538021482,3.2666910649051655,0.00859452688368334,0.00859452688368334
3.4339872044851463,3.4564190876510583,0.022431883165912048,0.022431883165912048
3.9318256327243257,3.967439302781177,0.035613670056851454,0.035613670056851454
3.4339872044851463,3.3296334701788917,-0.10435373430625461,0.10435373430625461
4.330733340286331,3.714938396104692,-0.6157949441816393,0.6157949441816393
4.51085950651685,4.260710577835126,-0.2501489286817238,0.2501489286817238
3.713572066704308,3.9606292612785152,0.24705719457420727,0.24705719457420727
4.330733340286331,3.9391573665470645,-0.39157597373926656,0.39157597373926656
3.58351893845611,3.5909409867490165,0.007422048292906602,0.007422048292906602
3.828641396489095,3.7717391247916083,-0.05690227169748674,0.05690227169748674
3.4339872044851463,3.840260327823646,0.4062731233384995,0.4062731233384995
4.465908118654584,4.080207633808266,-0.3857004848463177,0.3857004848463177
3.713572066704308,3.9606292612785152,0.24705719457420727,0.24705719457420727
4.2626798770413155,4.052774533972567,-0.20990534306874853,0.20990534306874853
3.951243718581427,4.0693153769586035,0.11807165837717637,0.11807165837717637
3.044522437723423,3.985752603211099,0.941230165487676,0.941230165487676
4.2626798770413155,4.0551235535344885,-0.20755632350682696,0.20755632350682696
3.9318256327243257,3.6297631136783166,-0.3020625190460091,0.3020625190460091
3.9318256327243257,3.7494553780960893,-0.18237025462823642,0.18237025462823642
3.4339872044851463,4.020134166968902,0.5861469624837561,0.5861469624837561
4.418840607796598,4.19153991306644,-0.22730069473015835,0.22730069473015835
3.9318256327243257,3.769307176682794,-0.1625184560415316,0.1625184560415316
4.110873864173311,3.7462465250881904,-0.3646273390851209,0.3646273390851209
3.951243718581427,4.0842080380975085,0.13296431951608145,0.13296431951608145
3.258096538021482,3.8451891587313662,0.5870926207098841,0.5870926207098841
3.713572066704308,3.926997024144576,0.21342495744026824,0.21342495744026824
3.044522437723423,3.510520899489591,0.4659984617661679,0.4659984617661679
4.2626798770413155,3.828342447546258,-0.4343374294950575,0.4343374294950575
4.394449154672439,4.336210975619615,-0.05823817905282436,0.05823817905282436
4.110873864173311,4.119620992475688,0.008747128302376339,0.008747128302376339
4.110873864173311,4.038549955711426,-0.07232390846188519,0.07232390846188519
4.2626798770413155,4.63398912410541,0.3713092470640946,0.3713092470640946
4.394449154672439,4.247821253825528,-0.14662790084691135,0.14662790084691135
3.970291913552122,3.6784941371014668,-0.2917977764506552,0.2917977764506552
4.110873864173311,4.157469202880716,0.04659533870740429,0.04659533870740429
4.2626798770413155,4.038248206549675,-0.22443167049164003,0.22443167049164003
3.9318256327243257,3.5392320894747717,-0.392593543249554,0.392593543249554
4.394449154672439,3.63423672188799,-0.7602124327844493,0.7602124327844493
4.330733340286331,3.7505904427637247,-0.5801428975226064,0.5801428975226064
3.713572066704308,4.022782265397398,0.30921019869308974,0.30921019869308974
4.2626798770413155,4.367791313714736,0.10511143667342093,0.10511143667342093
4.430816798843313,4.193206562438461,-0.23761023640485224,0.23761023640485224
3.713572066704308,3.4810535014036184,-0.2325185653006896,0.2325185653006896
4.2626798770413155,3.8187162255968854,-0.44396365144443006,0.44396365144443006
3.9318256327243257,3.943085912782349,0.011260280058023486,0.011260280058023486
3.258096538021482,4.042163268970232,0.7840667309487501,0.7840667309487501
3.9318256327243257,4.133829138273776,0.20200350554945024,0.20200350554945024
3.9318256327243257,3.979439534008411,0.04761390128408527,0.04761390128408527
4.330733340286331,4.06830313158034,-0.2624302087059913,0.2624302087059913
4.442651256490317,4.141662139613323,-0.3009891168769938,0.3009891168769938
3.1354942159291497,4.098789438440924,0.9632952225117739,0.9632952225117739
3.9318256327243257,3.839979250262507,-0.09184638246181853,0.09184638246181853
3.9318256327243257,3.967439302781177,0.035613670056851454,0.035613670056851454
3.9318256327243257,4.001855438829238,0.07002980610491205,0.07002980610491205
3.4339872044851463,4.2310983058657445,0.7971111013805983,0.7971111013805983
3.4339872044851463,3.4668983898097996,0.032911185324653314,0.032911185324653314
3.951243718581427,4.181080090406412,0.22983637182498473,0.22983637182498473
4.330733340286331,4.462384267805968,0.1316509275196367,0.1316509275196367
4.51085950651685,4.458560235585237,-0.052299270931612796,0.052299270931612796
4.499809670330265,4.178320536506323,-0.32148913382394184,0.32148913382394184
4.394449154672439,3.7250004659319043,-0.6694486887405349,0.6694486887405349
3.9318256327243257,3.6073503357497483,-0.32447529697457744,0.32447529697457744
3.9318256327243257,4.081178519613345,0.14935288688901904,0.14935288688901904
4.110873864173311,3.7003374667680413,-0.41053639740527004,0.41053639740527004
3.713572066704308,3.8374243800998045,0.12385231339549652,0.12385231339549652
3.9318256327243257,4.135160869470668,0.20333523674634213,0.20333523674634213
3.5263605246161616,4.100706531753496,0.5743460071373345,0.5743460071373345
3.713572066704308,4.076595536849236,0.3630234701449284,0.3630234701449284
3.9318256327243257,4.064505998651809,0.1326803659274831,0.1326803659274831
3.044522437723423,2.847779026402761,-0.1967434113206621,0.1967434113206621
3.9318256327243257,3.884635429374004,-0.047190203350321536,0.047190203350321536
4.51085950651685,4.228148586945322,-0.28271091957152805,0.28271091957152805
4.465908118654584,4.115374169627491,-0.3505339490270929,0.3505339490270929
3.044522437723423,3.5697695315042575,0.5252470937808345,0.5252470937808345
4.2626798770413155,4.159515840025652,-0.1031640370156639,0.1031640370156639
3.713572066704308,3.5429978067509813,-0.17057425995332665,0.17057425995332665
4.189654742026425,3.8498348000585514,-0.3398199419678738,0.3398199419678738
4.110873864173311,3.815499725938623,-0.2953741382346884,0.2953741382346884
3.9318256327243257,3.8575522569615197,-0.07427337576280602,0.07427337576280602
4.330733340286331,3.8752767915568915,-0.4554565487294395,0.4554565487294395
4.330733340286331,3.9647782484627845,-0.3659550918235466,0.3659550918235466
3.951243718581427,4.151623872836685,0.20038015425525835,0.20038015425525835
4.189654742026425,4.074058004620815,-0.11559673740561038,0.11559673740561038
3.951243718581427,4.028125598827135,0.07688188024570763,0.07688188024570763
3.9318256327243257,3.530271712035492,-0.4015539206888339,0.4015539206888339
4.189654742026425,3.8321546725359403,-0.35750006949048485,0.35750006949048485
3.9318256327243257,4.11015095134634,0.17832531862201462,0.17832531862201462
3.9318256327243257,3.6157151741977867,-0.3161104585265391,0.3161104585265391
3.5263605246161616,3.460908283926367,-0.06545224068979438,0.06545224068979438
3.951243718581427,4.059242240919884,0.10799852233845719,0.10799852233845719
4.465908118654584,4.185198775069208,-0.280709343585376,0.280709343585376
3.4339872044851463,3.3596822610446826,-0.07430494344046368,0.07430494344046368
3.9318256327243257,4.037475151445533,0.10564951872120742,0.10564951872120742
4.532599493153256,4.068252700130136,-0.46434679302312,0.46434679302312
4.110873864173311,3.9824619948986375,-0.12841186927467385,0.12841186927467385
4.394449154672439,4.101821024523804,-0.29262813014863553,0.29262813014863553
3.9318256327243257,3.9462027646469835,0.014377131922657771,0.014377131922657771
3.9318256327243257,3.8184249096398513,-0.11340072308447446,0.11340072308447446
4.2626798770413155,4.0864768393156075,-0.176203037725708,0.176203037725708
2.772588722239781,4.007623817271497,1.2350350950317162,1.2350350950317162
3.4339872044851463,3.617135185964214,0.18314798147906775,0.18314798147906775
3.951243718581427,4.069842038527833,0.1185983199464058,0.1185983199464058
4.394449154672439,3.97567682310522,-0.41877233156721916,0.41877233156721916
4.343805421853684,3.772090308816173,-0.5717151130375111,0.5717151130375111
2.772588722239781,3.6657835041842475,0.8931947819444663,0.8931947819444663
4.454347296253507,3.927416236591509,-0.5269310596619983,0.5269310596619983
4.330733340286331,4.354408103605882,0.023674763319551317,0.023674763319551317
4.330733340286331,4.298662685046652,-0.032070655239679446,0.032070655239679446
4.330733340286331,4.311141757398879,-0.01959158288745222,0.01959158288745222
3.713572066704308,3.9696164700482965,0.2560444033439886,0.2560444033439886
4.394449154672439,4.345707710854661,-0.048741443817777785,0.048741443817777785
3.258096538021482,3.8788394835334272,0.6207429455119451,0.6207429455119451
2.772588722239781,3.323422571495051,0.55083384925527,0.55083384925527
4.51085950651685,4.260905006379446,-0.24995450013740417,0.24995450013740417
3.951243718581427,4.059242240919884,0.10799852233845719,0.10799852233845719
3.044522437723423,3.6851328785487825,0.6406104408253595,0.6406104408253595
3.9318256327243257,4.062993807636285,0.13116817491195887,0.13116817491195887
3.9318256327243257,4.302860608712875,0.37103497598854895,0.37103497598854895
3.713572066704308,3.936057232510506,0.22248516580619793,0.22248516580619793
4.454347296253507,4.32177721872781,-0.13257007752569727,0.13257007752569727
4.290459441148391,4.016245724341295,-0.27421371680709594,0.27421371680709594
4.2626798770413155,4.328770762373369,0.06609088533205387,0.06609088533205387
4.51085950651685,4.412277483468709,-0.09858202304814068,0.09858202304814068
4.532599493153256,4.265483057743898,-0.26711643540935803,0.26711643540935803
3.9318256327243257,4.2068052912541765,0.27497965852985073,0.27497965852985073
4.290459441148391,4.044507381101935,-0.24595206004645576,0.24595206004645576
3.951243718581427,4.15019777704443,0.19895405846300296,0.19895405846300296
4.110873864173311,3.718883766457294,-0.39199009771601734,0.39199009771601734
3.713572066704308,4.051473544761203,0.33790147805689497,0.33790147805689497
3.9318256327243257,4.1049436113479905,0.17311797862366474,0.17311797862366474
3.9318256327243257,3.5615366266388326,-0.3702890060854931,0.3702890060854931
2.3978952727983707,3.3092085454443474,0.9113132726459767,0.9113132726459767
3.044522437723423,3.253869788260195,0.20934735053677178,0.20934735053677178
3.951243718581427,4.220261112910105,0.269017394328678,0.269017394328678
3.9318256327243257,3.8458099413805984,-0.08601569134372733,0.08601569134372733
4.394449154672439,4.050129971537646,-0.34431918313479315,0.34431918313479315
3.58351893845611,3.5504524930173558,-0.033066445438754144,0.033066445438754144
3.9318256327243257,4.062253445726838,0.13042781300251205,0.13042781300251205
3.951243718581427,4.018893173221458,0.0676494546400308,0.0676494546400308
3.9318256327243257,4.073640515634525,0.14181488291019884,0.14181488291019884
3.9318256327243257,3.864267579766731,-0.06755805295759476,0.06755805295759476
4.189654742026425,4.188545951130008,-0.0011087908964171334,0.0011087908964171334
3.951243718581427,4.331453957535526,0.3802102389540991,0.3802102389540991
3.044522437723423,3.494359125190137,0.4498366874667141,0.4498366874667141
3.4339872044851463,3.602558962313983,0.1685717578288366,0.1685717578288366
4.2626798770413155,4.094294554565923,-0.16838532247539284,0.16838532247539284
3.4339872044851463,3.2247328115862284,-0.2092543928989179,0.2092543928989179
4.02535169073515,4.020500162792577,-0.004851527942572709,0.004851527942572709
2.772588722239781,3.557965939804777,0.7853772175649958,0.7853772175649958
3.044522437723423,3.2058322109243633,0.1613097732009403,0.1613097732009403
3.9318256327243257,3.6426645423495376,-0.2891610903747881,0.2891610903747881
3.828641396489095,3.418425669245659,-0.41021572724343613,0.41021572724343613
4.394449154672439,4.044298200733548,-0.35015095393889073,0.35015095393889073
3.9318256327243257,4.01189679348346,0.08007116075913467,0.08007116075913467
3.951243718581427,4.187511231277435,0.2362675126960081,0.2362675126960081
4.204692619390966,3.8892036588336074,-0.3154889605573583,0.3154889605573583
2.833213344056216,3.388490612005504,0.5552772679492879,0.5552772679492879
4.2626798770413155,3.949884909657633,-0.3127949673836823,0.3127949673836823
4.248495242049359,4.042740235986345,-0.205755006063014,0.205755006063014
4.394449154672439,4.264203861772751,-0.130245292899688,0.130245292899688
3.258096538021482,3.6176509506048036,0.35955441258332144,0.35955441258332144
4.499809670330265,4.075940362347136,-0.4238693079831286,0.4238693079831286
3.9318256327243257,3.8277088363934677,-0.10411679633085802,0.10411679633085802
4.51085950651685,4.149512824106974,-0.36134668240987544,0.36134668240987544
3.258096538021482,3.831480387620031,0.573383849598549,0.573383849598549
3.9318256327243257,4.047425506733073,0.11559987400874716,0.11559987400874716
3.9318256327243257,4.0400683163245,0.10824268360017397,0.10824268360017397
3.951243718581427,4.20808457882052,0.2568408602390928,0.2568408602390928
3.951243718581427,4.074089065780909,0.12284534719948148,0.12284534719948148
3.044522437723423,3.143724373864254,0.09920193614083095,0.09920193614083095
3.610917912644224,3.870993454842568,0.26007554219834406,0.26007554219834406
4.394449154672439,3.86203701566732,-0.5324121390051193,0.5324121390051193
3.9318256327243257,4.000947891631267,0.0691222589069409,0.0691222589069409
4.2626798770413155,4.040553585408063,-0.22212629163325204,0.22212629163325204
4.189654742026425,3.9311131252907408,-0.25854161673568443,0.25854161673568443
4.189654742026425,4.217610351762333,0.027955609735907494,0.027955609735907494
3.4339872044851463,3.911957105561594,0.47796990107644755,0.47796990107644755
4.110873864173311,3.9297965296030553,-0.1810773345702561,0.1810773345702561
3.9318256327243257,4.34657516779914,0.4147495350748147,0.4147495350748147
3.9318256327243257,3.917204379347571,-0.014621253376754684,0.014621253376754684
3.9318256327243257,4.194828145258962,0.2630025125346367,0.2630025125346367
4.442651256490317,4.2481093332951305,-0.19454192319518615,0.19454192319518615
4.330733340286331,4.243266615384898,-0.08746672490143315,0.08746672490143315
3.9318256327243257,3.8990983835698447,-0.032727249154481,0.032727249154481
3.9318256327243257,3.7736633522525995,-0.1581622804717262,0.1581622804717262
4.330733340286331,4.075348368354923,-0.25538497193140763,0.25538497193140763
2.772588722239781,3.383107224169288,0.6105185019295067,0.6105185019295067
3.951243718581427,4.165758978218754,0.2145152596373272,0.2145152596373272
4.564348191467836,4.117508793364156,-0.44683939810368045,0.44683939810368045
4.394449154672439,4.278499245533735,-0.1159499091387044,0.1159499091387044
4.2626798770413155,3.996335969808648,-0.26634390723266765,0.26634390723266765
4.330733340286331,3.7755424599438423,-0.5551908803424888,0.5551908803424888
3.9318256327243257,3.99738561978194,0.06555998705761423,0.06555998705761423
3.58351893845611,3.5522522508373955,-0.03126668761871443,0.03126668761871443
3.9318256327243257,3.995643095546649,0.06381746282232337,0.06381746282232337
3.4339872044851463,3.660987904408059,0.22700069992291283,0.22700069992291283
2.772588722239781,3.477968669455899,0.7053799472161177,0.7053799472161177
3.9318256327243257,3.372168540747041,-0.5596570919772845,0.5596570919772845
4.248495242049359,3.947516634652386,-0.30097860739697335,0.30097860739697335
4.465908118654584,4.180377623442266,-0.2855304952123179,0.2855304952123179
3.044522437723423,3.4737057161070792,0.4291832783836562,0.4291832783836562
3.9318256327243257,4.149557362324673,0.21773172960034737,0.21773172960034737
4.51085950651685,4.3713987530680445,-0.13946075344880526,0.13946075344880526
4.51085950651685,4.058331256147679,-0.45252825036917077,0.45252825036917077
4.2626798770413155,4.087527429609309,-0.17515244743200675,0.17515244743200675
3.4339872044851463,3.8710627252774947,0.43707552079234846,0.43707552079234846
3.713572066704308,3.7584770886924317,0.04490502198812374,0.04490502198812374
3.4339872044851463,4.196495547199248,0.762508342714102,0.762508342714102
3.713572066704308,3.6250605031860856,-0.08851156351822231,0.08851156351822231
4.02535169073515,4.1797963085156145,0.1544446177804648,0.1544446177804648
3.5553480614894135,3.985060546083078,0.4297124845936646,0.4297124845936646
4.110873864173311,3.51558627484605,-0.5952875893272616,0.5952875893272616
3.713572066704308,3.9195140195710514,0.20594195286674344,0.20594195286674344
4.394449154672439,4.043055422383411,-0.35139373228902837,0.35139373228902837
4.394449154672439,4.039248612529189,-0.35520054214325025,0.35520054214325025
4.330733340286331,4.2889438749050015,-0.04178946538132955,0.04178946538132955
4.3694478524670215,3.9287377174929947,-0.4407101349740268,0.4407101349740268
3.9318256327243257,3.790579489877693,-0.1412461428466325,0.1412461428466325
3.713572066704308,4.133065046813252,0.4194929801089442,0.4194929801089442
4.394449154672439,4.242466157782393,-0.15198299689004635,0.15198299689004635
3.713572066704308,3.7531829019856096,0.039610835281301604,0.039610835281301604
4.394449154672439,4.211777295243984,-0.18267185942845554,0.18267185942845554
3.713572066704308,3.773172751971125,0.059600685266817166,0.059600685266817166
4.189654742026425,4.087489420337647,-0.10216532168877812,0.10216532168877812
3.951243718581427,4.1561169707723735,0.20487325219094643,0.20487325219094643
3.9318256327243257,3.8238977700149173,-0.10792786270940846,0.10792786270940846
2.772588722239781,3.6334841808339293,0.8608954585941482,0.8608954585941482
4.330733340286331,4.094889671265217,-0.2358436690211141,0.2358436690211141
3.9318256327243257,3.837831832292206,-0.09399380043211991,0.09399380043211991
3.713572066704308,3.8518073920149867,0.13823532531067872,0.13823532531067872
4.204692619390966,4.108500782881577,-0.096191836509389,0.096191836509389
3.258096538021482,3.2806865828458966,0.022590044824414512,0.022590044824414512
4.110873864173311,3.857262690756113,-0.2536111734171982,0.2536111734171982
3.951243718581427,4.015258797099023,0.06401507851759547,0.06401507851759547
3.951243718581427,4.0188649037595425,0.06762118517811544,0.06762118517811544
3.218875824868201,4.168973030440169,0.9500972055719679,0.9500972055719679
4.48863636973214,4.250173275136162,-0.2384630945959776,0.2384630945959776
3.9318256327243257,3.6795151041284595,-0.2523105285958662,0.2523105285958662
3.044522437723423,3.708345612238065,0.6638231745146421,0.6638231745146421
3.9318256327243257,3.6591677315524223,-0.27265790117190347,0.27265790117190347
3.4339872044851463,3.828963329245555,0.3949761247604089,0.3949761247604089
4.51085950651685,4.246265241018292,-0.264594265498558,0.264594265498558
4.02535169073515,4.094490947254083,0.06913925651893305,0.06913925651893305
3.9318256327243257,3.9135651911583755,-0.018260441565950192,0.018260441565950192
4.2626798770413155,3.9797897877708,-0.2828900892705155,0.2828900892705155
4.394449154672439,3.6979577758622715,-0.6964913788101676,0.6964913788101676
3.713572066704308,3.2241712184710627,-0.48940084823324526,0.48940084823324526
3.9318256327243257,3.5528454258240822,-0.3789802069002435,0.3789802069002435
4.219507705176107,4.130790815172477,-0.0887168900036297,0.0887168900036297
3.9318256327243257,3.844167130684462,-0.0876585020398637,0.0876585020398637
3.713572066704308,3.5201486620794165,-0.1934234046248915,0.1934234046248915
3.091042453358316,3.4900944472085973,0.39905199385028123,0.39905199385028123
3.9318256327243257,4.011986462874226,0.08016083014990061,0.08016083014990061
4.2626798770413155,4.045605911673019,-0.21707396536829648,0.21707396536829648
4.394449154672439,4.180015952507167,-0.21443320216527173,0.21443320216527173
4.51085950651685,4.4867048992919685,-0.024154607224881275,0.024154607224881275
4.454347296253507,4.298615293318359,-0.15573200293514855,0.15573200293514855
4.394449154672439,3.881401034488284,-0.513048120184155,0.513048120184155
3.9318256327243257,4.005400995746386,0.07357536302205991,0.07357536302205991
4.2626798770413155,4.1598472419074,-0.1028326351339155,0.1028326351339155
4.330733340286331,4.110282593150959,-0.22045074713537183,0.22045074713537183
4.532599493153256,4.295885018554859,-0.23671447459839712,0.23671447459839712
4.189654742026425,4.053943076316358,-0.1357116657100672,0.1357116657100672
3.9318256327243257,3.7417139780325055,-0.19011165469182023,0.19011165469182023
4.204692619390966,3.9853558700676626,-0.21933674932330316,0.21933674932330316
3.58351893845611,3.8603760056293384,0.27685706717322844,0.27685706717322844
4.2626798770413155,4.022776027616977,-0.23990384942433884,0.23990384942433884
3.4339872044851463,3.948827077026078,0.5148398725409318,0.5148398725409318
4.330733340286331,3.5776841639358237,-0.7530491763505074,0.7530491763505074
4.2626798770413155,3.503197499095351,-0.7594823779459645,0.7594823779459645
4.465908118654584,4.309054195552136,-0.15685392310244772,0.15685392310244772
4.110873864173311,4.1900226290266165,0.07914876485330513,0.07914876485330513
4.2626798770413155,4.008888336157603,-0.2537915408837126,0.2537915408837126
4.110873864173311,4.0892543328019055,-0.02161953137140582,0.02161953137140582
4.418840607796598,4.113836613956168,-0.30500399384043053,0.30500399384043053
3.044522437723423,3.9533397924507225,0.9088173547272995,0.9088173547272995
4.394449154672439,4.167015275110522,-0.22743387956191707,0.22743387956191707
4.330733340286331,3.9204415292860766,-0.41029181100025447,0.41029181100025447
3.951243718581427,4.144421880793693,0.19317816221226547,0.19317816221226547
3.258096538021482,3.900998412189229,0.6429018741677468,0.6429018741677468
2.3978952727983707,3.7821907826768655,1.3842955098784948,1.3842955098784948
4.110873864173311,3.9652686754531214,-0.1456051887201899,0.1456051887201899
3.4339872044851463,3.933020433710343,0.4990332292251969,0.4990332292251969
3.9318256327243257,4.015844818921626,0.08401918619730031,0.08401918619730031
3.713572066704308,4.111744035343356,0.3981719686390477,0.3981719686390477
4.330733340286331,3.963959684491826,-0.36677365579450516,0.36677365579450516
4.2626798770413155,3.9279879686815162,-0.33469190835979923,0.33469190835979923
3.044522437723423,3.9232567418761977,0.8787343041527746,0.8787343041527746
4.2626798770413155,3.6171093538923738,-0.6455705231489417,0.6455705231489417
3.258096538021482,3.946199971927298,0.6881034339058161,0.6881034339058161
4.394449154672439,3.837831832292206,-0.5566173223802333,0.5566173223802333
3.9318256327243257,3.622861958553143,-0.30896367417118276,0.30896367417118276
3.713572066704308,3.5311774142507035,-0.18239465245360442,0.18239465245360442
4.51085950651685,4.083704400571484,-0.4271551059453653,0.4271551059453653
3.9318256327243257,3.8231125605286973,-0.10871307219562842,0.10871307219562842
3.951243718581427,4.075748333913895,0.1245046153324676,0.1245046153324676
3.9318256327243257,3.5486916399948836,-0.38313399272944215,0.38313399272944215
3.044522437723423,3.9661483821575034,0.9216259444340804,0.9216259444340804
4.499809670330265,4.23993540038388,-0.2598742699463852,0.2598742699463852
4.394449154672439,4.128336026197967,-0.26611312847447177,0.26611312847447177
4.394449154672439,4.205393714351288,-0.18905544032115085,0.18905544032115085
2.3978952727983707,3.4047026335920956,1.006807360793725,1.006807360793725
3.951243718581427,4.13951907639118,0.18827535780975335,0.18827535780975335
3.9318256327243257,3.891862354595191,-0.03996327812913458,0.03996327812913458
4.2626798770413155,4.175947410877361,-0.08673246616395414,0.08673246616395414
3.713572066704308,3.9606292612785152,0.24705719457420727,0.24705719457420727
3.951243718581427,4.124973470023475,0.17372975144204794,0.17372975144204794
3.5263605246161616,4.125262170220477,0.5989016456043155,0.5989016456043155
3.044522437723423,3.605675668762802,0.5611532310393792,0.5611532310393792
3.9318256327243257,3.487093188026389,-0.4447324446979368,0.4447324446979368
4.110873864173311,3.9481760050732286,-0.16269785910008272,0.16269785910008272
4.330733340286331,4.156410809649312,-0.17432253063701886,0.17432253063701886
4.330733340286331,3.9344200402184053,-0.39631330006792576,0.39631330006792576
4.330733340286331,4.296589921908357,-0.0341434183779743,0.0341434183779743
4.330733340286331,4.3453511414628565,0.014617801176525447,0.014617801176525447
4.110873864173311,3.738514437611216,-0.3723594265620953,0.3723594265620953
3.044522437723423,4.176187691028645,1.1316652533052216,1.1316652533052216
4.2626798770413155,4.011974033297682,-0.25070584374363314,0.25070584374363314
4.330733340286331,4.0884539404557785,-0.24227939983055258,0.24227939983055258
4.330733340286331,4.169446951090374,-0.16128638919595684,0.16128638919595684
4.394449154672439,3.9044195957767522,-0.4900295588956869,0.4900295588956869
3.9318256327243257,3.973593768527474,0.04176813580314809,0.04176813580314809
3.9318256327243257,3.3812660506161105,-0.5505595821082152,0.5505595821082152
3.58351893845611,3.4776124779798505,-0.1059064604762594,0.1059064604762594
4.51085950651685,4.609830909801408,0.09897140328455833,0.09897140328455833
4.110873864173311,3.6666777129455133,-0.4441961512277981,0.4441961512277981
4.532599493153256,4.19250536763333,-0.34009412551992657,0.34009412551992657
4.330733340286331,4.164041203965239,-0.16669213632109248,0.16669213632109248
4.51085950651685,4.258476550322282,-0.25238295619456785,0.25238295619456785
3.258096538021482,3.7463921898741024,0.48829565185262025,0.48829565185262025
4.110873864173311,3.9923721856521985,-0.11850167852111282,0.11850167852111282
3.9318256327243257,4.178098881064779,0.24627324834045305,0.24627324834045305
4.2626798770413155,3.872586257578142,-0.39009361946317345,0.39009361946317345
3.9318256327243257,3.705461356885344,-0.22636427583898167,0.22636427583898167
4.2626798770413155,4.150133951282056,-0.11254592575925937,0.11254592575925937
4.465908118654584,4.282732986403844,-0.18317513225073956,0.18317513225073956
4.110873864173311,3.6157151741977867,-0.4951586899755247,0.4951586899755247
3.9318256327243257,3.840843613007557,-0.09098201971676856,0.09098201971676856
3.9318256327243257,4.0173505036180766,0.08552487089375083,0.08552487089375083
3.713572066704308,4.219946409918523,0.5063743432142154,0.5063743432142154
4.5217885770490405,4.135063465302608,-0.38672511174643276,0.38672511174643276
3.951243718581427,4.022528944816671,0.07128522623524347,0.07128522623524347
4.2626798770413155,4.093270270274152,-0.16940960676716355,0.16940960676716355
4.394449154672439,3.967439302781177,-0.42700985189126195,0.42700985189126195
3.9318256327243257,4.013605819136784,0.08178018641245854,0.08178018641245854
3.951243718581427,4.281358635148859,0.33011491656743175,0.33011491656743175
3.951243718581427,4.023617921981915,0.0723742034004875,0.0723742034004875
3.9318256327243257,3.1761178520643507,-0.755707780659975,0.755707780659975
4.465908118654584,4.317011981802762,-0.14889613685182201,0.14889613685182201
4.394449154672439,4.148853315582035,-0.24559583909040406,0.24559583909040406
4.02535169073515,4.028310584938215,0.0029588942030649434,0.0029588942030649434
3.9318256327243257,4.025969825837535,0.09414419311320943,0.09414419311320943
4.330733340286331,3.564580999623944,-0.7661523406623871,0.7661523406623871
2.3978952727983707,3.5821188888023947,1.184223616004024,1.184223616004024
3.9318256327243257,4.129759766199807,0.19793413347548094,0.19793413347548094
3.713572066704308,3.5169015898961664,-0.19667047680814154,0.19667047680814154
3.9318256327243257,3.905197366263414,-0.026628266460911654,0.026628266460911654
4.51085950651685,4.1988895840552996,-0.3119699224615502,0.3119699224615502
4.454347296253507,4.011195973822225,-0.44315132243128197,0.44315132243128197
3.58351893845611,3.549102367674019,-0.034416570782090705,0.034416570782090705
3.044522437723423,3.5888997258886457,0.5443772881652227,0.5443772881652227
4.394449154672439,4.01604979988689,-0.3783993547855493,0.3783993547855493
4.330733340286331,4.093551033177399,-0.23718230710893184,0.23718230710893184
3.258096538021482,3.3919646065353053,0.13386806851382316,0.13386806851382316
3.9318256327243257,3.8680668709462314,-0.06375876177809436,0.06375876177809436
3.9318256327243257,3.752834683744978,-0.17899094897934775,0.17899094897934775
3.4339872044851463,3.424392105183744,-0.009595099301402232,0.009595099301402232
3.9318256327243257,3.978189733836986,0.046364101112660094,0.046364101112660094
3.951243718581427,4.10554774000547,0.15430402142404276,0.15430402142404276
3.044522437723423,3.7654524584084417,0.7209300206850187,0.7209300206850187
4.394449154672439,3.6581533342936035,-0.7362958203788357,0.7362958203788357
4.2626798770413155,3.8009424757842356,-0.46173740125707985,0.46173740125707985
4.2626798770413155,3.9528354884714316,-0.30984438856988383,0.30984438856988383
3.9318256327243257,3.953504674736382,0.021679042012056282,0.021679042012056282
3.951243718581427,3.998330984980286,0.04708726639885885,0.04708726639885885
4.51085950651685,4.113145336476432,-0.39771417004041787,0.39771417004041787
3.951243718581427,4.0842080380975085,0.13296431951608145,0.13296431951608145
4.394449154672439,4.222531075827368,-0.1719180788450707,0.1719180788450707
3.9318256327243257,3.5615366266388326,-0.3702890060854931,0.3702890060854931
4.454347296253507,4.58591306359185,0.13156576733834235,0.13156576733834235
4.2626798770413155,4.0584676636710215,-0.20421221337029394,0.20421221337029394
4.110873864173311,4.028562497724969,-0.08231136644834258,0.08231136644834258
4.532599493153256,3.986972953347562,-0.5456265398056943,0.5456265398056943
4.110873864173311,3.8446260166035517,-0.2662478475697596,0.2662478475697596
4.2626798770413155,4.298698540299074,0.036018663257758377,0.036018663257758377
3.9318256327243257,4.153776484357372,0.22195085163304595,0.22195085163304595
3.9318256327243257,4.074552831711626,0.14272719898730069,0.14272719898730069
4.110873864173311,3.8272489738466247,-0.2836248903266867,0.2836248903266867
3.951243718581427,4.018850769028585,0.0676070504471582,0.0676070504471582
3.951243718581427,4.174260173630955,0.22301645504952816,0.22301645504952816
3.4339872044851463,3.668268753687513,0.23428154920236688,0.23428154920236688
3.951243718581427,4.1236304461824,0.17238672760097273,0.17238672760097273
3.9318256327243257,3.883998249825389,-0.04782738289893684,0.04782738289893684
4.330733340286331,4.106121241013116,-0.22461209927321502,0.22461209927321502
3.9318256327243257,3.6884233469662218,-0.24340228575810396,0.24340228575810396
4.110873864173311,4.196869709218356,0.0859958450450442,0.0859958450450442
3.4339872044851463,3.6267832078857554,0.1927960034006091,0.1927960034006091
4.406719247264253,4.275544320941068,-0.13117492632318495,0.13117492632318495
4.394449154672439,4.119232629660597,-0.27521652501184235,0.27521652501184235
4.330733340286331,3.768293273159922,-0.5624400671264089,0.5624400671264089
4.23410650459726,4.069665976861246,-0.16444052773601392,0.16444052773601392
3.4339872044851463,3.3968244644077332,-0.03716274007741305,0.03716274007741305
3.9318256327243257,4.214707645247778,0.2828820125234519,0.2828820125234519
3.58351893845611,3.7304556950930756,0.1469367566369657,0.1469367566369657
3.044522437723423,4.070751642500276,1.0262292047768526,1.0262292047768526
4.110873864173311,4.081336381589129,-0.02953748258418276,0.02953748258418276
4.394449154672439,4.044926143994102,-0.3495230106783369,0.3495230106783369
4.51085950651685,4.36289048446125,-0.1479690220555998,0.1479690220555998
3.9318256327243257,3.602945181129644,-0.32888045159468193,0.32888045159468193
3.713572066704308,3.9242151418065307,0.2106430751022228,0.2106430751022228
4.02535169073515,4.016937844918608,-0.008413845816541254,0.008413845816541254
4.394449154672439,4.064613958645592,-0.3298351960268473,0.3298351960268473
3.951243718581427,4.180551939936755,0.22930822135532747,0.22930822135532747
3.7612001156935624,3.7021250637633694,-0.05907505193019302,0.05907505193019302
4.394449154672439,4.386363992430184,-0.008085162242255528,0.008085162242255528
4.219507705176107,4.038393994510197,-0.18111371066590998,0.18111371066590998
4.110873864173311,4.065527791302643,-0.04534607287066805,0.04534607287066805
3.044522437723423,3.6008045728947073,0.5562821351712843,0.5562821351712843
3.9318256327243257,3.9340505342119907,0.0022249014876649653,0.0022249014876649653
4.394449154672439,4.357379609928916,-0.037069544743522975,0.037069544743522975
4.219507705176107,4.06255904396832,-0.15694866120778705,0.15694866120778705
3.9318256327243257,3.8335995499562907,-0.09822608276803502,0.09822608276803502
3.951243718581427,4.210690460135261,0.25944674155383396,0.25944674155383396
4.330733340286331,4.198756896793388,-0.13197644349294269,0.13197644349294269
4.477336814478207,4.216192440488165,-0.2611443739900414,0.2611443739900414
4.51085950651685,4.14633425968906,-0.36452524682778975,0.36452524682778975
4.394449154672439,4.071917555780835,-0.32253159889160443,0.32253159889160443
3.9318256327243257,3.773004178015841,-0.15882145470848474,0.15882145470848474
3.58351893845611,3.831476360742022,0.247957422285912,0.247957422285912
4.2626798770413155,3.804258033606219,-0.4584218434350964,0.4584218434350964
4.454347296253507,3.9737520325672153,-0.480595263686292,0.480595263686292
3.9318256327243257,3.8281985062323773,-0.10362712649194838,0.10362712649194838
3.713572066704308,3.6447220979551194,-0.06884996874918858,0.06884996874918858
4.290459441148391,4.187099646113343,-0.10335979503504777,0.10335979503504777
2.3978952727983707,3.4591414962125917,1.061246223414221,1.061246223414221
4.330733340286331,3.975451694656176,-0.35528164563015485,0.35528164563015485
3.044522437723423,3.7787921866328817,0.7342697489094587,0.7342697489094587
4.394449154672439,4.101830311461625,-0.2926188432108141,0.2926188432108141
3.9318256327243257,3.857533402671531,-0.07429223005279484,0.07429223005279484
3.4339872044851463,3.6586815666274237,0.22469436214227745,0.22469436214227745
3.258096538021482,3.298058607175512,0.03996206915402967,0.03996206915402967
4.51085950651685,4.093124461740422,-0.4177350447764274,0.4177350447764274
3.044522437723423,4.089243861835315,1.0447214241118918,1.0447214241118918
4.330733340286331,4.071399646588127,-0.25933369369820447,0.25933369369820447
3.9318256327243257,3.5615366266388326,-0.3702890060854931,0.3702890060854931
3.9318256327243257,3.7987171072191286,-0.13310852550519714,0.13310852550519714
3.9318256327243257,3.9117135661416427,-0.020112066582683052,0.020112066582683052
4.1588830833596715,4.025244380130717,-0.13363870322895455,0.13363870322895455
3.9318256327243257,3.8620934187260882,-0.06973221399823748,0.06973221399823748
3.58351893845611,3.379332421313654,-0.20418651714245595,0.20418651714245595
3.951243718581427,4.097823198415078,0.14657947983365105,0.14657947983365105
3.4339872044851463,3.708546534071134,0.27455932958598783,0.27455932958598783
4.330733340286331,4.158276911777694,-0.17245642850863696,0.17245642850863696
4.330733340286331,4.0045170259397525,-0.3262163143465786,0.3262163143465786
3.9318256327243257,3.9960385339920426,0.06421290126771684,0.06421290126771684
3.713572066704308,3.684054332018998,-0.02951773468531016,0.02951773468531016
4.2626798770413155,4.052332936598871,-0.21034694044244429,0.21034694044244429
3.9318256327243257,3.721360120220631,-0.21046551250369472,0.21046551250369472
3.258096538021482,3.5806467307394776,0.32255019271799545,0.32255019271799545
4.394449154672439,4.117940615788812,-0.27650853888362725,0.27650853888362725
2.3978952727983707,3.7194888084686437,1.321593535670273,1.321593535670273
3.713572066704308,4.013206626506067,0.2996345598017589,0.2996345598017589
3.9318256327243257,4.117611848016274,0.1857862152919485,0.1857862152919485
3.5553480614894135,3.555088006114236,-0.0002600553751777035,0.0002600553751777035
4.110873864173311,3.9066629259056516,-0.2042109382676598,0.2042109382676598
3.9318256327243257,3.9813798834747516,0.049554250750425854,0.049554250750425854
3.713572066704308,3.4980181294160477,-0.21555393728826022,0.21555393728826022
3.713572066704308,3.7470394382817824,0.03346737157747448,0.03346737157747448
3.713572066704308,3.989348907953099,0.2757768412487911,0.2757768412487911
3.4339872044851463,2.920704618242118,-0.5132825862430281,0.5132825862430281
3.9318256327243257,3.6135974162720577,-0.31822821645226806,0.31822821645226806
3.713572066704308,3.772151043810797,0.05857897710648885,0.05857897710648885
4.51085950651685,4.311701787748566,-0.1991577187682836,0.1991577187682836
4.2626798770413155,4.121843656058952,-0.14083622098236326,0.14083622098236326
3.258096538021482,3.992331828714413,0.734235290692931,0.734235290692931
3.713572066704308,3.9420988011293754,0.22852673442506743,0.22852673442506743
4.2626798770413155,3.438754152290832,-0.8239257247504836,0.8239257247504836
4.2626798770413155,3.882214451375789,-0.38046542566552644,0.38046542566552644
3.713572066704308,3.5865042715049857,-0.1270677951993222,0.1270677951993222
3.4339872044851463,3.6628557130621697,0.22886850857702346,0.22886850857702346
4.5217885770490405,4.16543285082019,-0.35635572622885014,0.35635572622885014
3.9318256327243257,3.991297806035983,0.05947217331165744,0.05947217331165744
4.189654742026425,3.941766218244341,-0.24788852378208404,0.24788852378208404
4.110873864173311,3.8062305899714906,-0.3046432742018208,0.3046432742018208
4.2626798770413155,3.941381571353962,-0.3212983056873533,0.3212983056873533
4.189654742026425,4.1242825505098635,-0.0653721915165617,0.0653721915165617
3.951243718581427,4.2049920490696815,0.2537483304882544,0.2537483304882544
4.51085950651685,4.201268567618998,-0.30959093889785194,0.30959093889785194
4.189654742026425,4.123575241516119,-0.06607950051030631,0.06607950051030631
3.9318256327243257,4.065568707213094,0.13374307448876843,0.13374307448876843
4.110873864173311,3.80804026295813,-0.3028336012151813,0.3028336012151813
4.564348191467836,3.9307584616663322,-0.6335897298015039,0.6335897298015039
3.4339872044851463,4.076830151055524,0.6428429465703775,0.6428429465703775
3.044522437723423,3.6715118819587262,0.6269894442353032,0.6269894442353032
3.4339872044851463,3.668268753687513,0.23428154920236688,0.23428154920236688
4.189654742026425,3.7876147666368127,-0.40203997538961245,0.40203997538961245
3.9318256327243257,3.951005620277753,0.019179987553427313,0.019179987553427313
4.110873864173311,3.8554227706851076,-0.2554510934882037,0.2554510934882037
4.330733340286331,4.262659240226954,-0.06807410005937697,0.06807410005937697
4.110873864173311,3.833455871825759,-0.2774179923475524,0.2774179923475524
4.110873864173311,3.8694718946322952,-0.24140196954101611,0.24140196954101611
3.9318256327243257,3.99479307441697,0.06296744169264423,0.06296744169264423
3.258096538021482,3.438754152290832,0.18065761426934968,0.18065761426934968
3.9318256327243257,3.967439302781177,0.035613670056851454,0.035613670056851454
4.394449154672439,4.268535264058902,-0.1259138906135373,0.1259138906135373
4.394449154672439,4.130724379187815,-0.2637247754846239,0.2637247754846239
4.2626798770413155,3.810323102392041,-0.4523567746492745,0.4523567746492745
4.51085950651685,4.240127685392439,-0.27073182112441074,0.27073182112441074
4.454347296253507,4.4823670800969095,0.028019783843402202,0.028019783843402202
3.4339872044851463,3.6551576999424884,0.22117049545734213,0.22117049545734213
4.51085950651685,4.417900705771553,-0.09295880074529705,0.09295880074529705
3.713572066704308,3.6725022780963243,-0.041069788607983604,0.041069788607983604
3.9318256327243257,4.225450429034506,0.29362479631018035,0.29362479631018035
3.951243718581427,4.137840952276157,0.18659723369473014,0.18659723369473014
3.4339872044851463,3.696849903036833,0.26286269855168687,0.26286269855168687
4.110873864173311,4.175107828295743,0.06423396412243143,0.06423396412243143
3.9318256327243257,3.7167401692220734,-0.21508546350225233,0.21508546350225233
4.189654742026425,3.818996314033443,-0.3706584279929821,0.3706584279929821
3.951243718581427,4.022528944816671,0.07128522623524347,0.07128522623524347
4.02535169073515,3.9810780213241275,-0.044273669411022176,0.044273669411022176
4.356708826689592,4.41946409396871,0.06275526727911807,0.06275526727911807
3.4339872044851463,3.496088953575269,0.06210174909012256,0.06210174909012256
4.430816798843313,4.042999456475786,-0.3878173423675273,0.3878173423675273
3.044522437723423,3.3659680860854095,0.3214456483619865,0.3214456483619865
4.2626798770413155,4.218009553877298,-0.04467032316401731,0.04467032316401731
2.772588722239781,3.5039458729227233,0.7313571506829422,0.7313571506829422
4.394449154672439,4.077102829769638,-0.31734632490280124,0.31734632490280124
4.51085950651685,4.3571338254120535,-0.15372568110479623,0.15372568110479623
4.454347296253507,3.9135717598693693,-0.540775536384138,0.540775536384138
4.454347296253507,4.136719025218329,-0.3176282710351783,0.3176282710351783
3.9318256327243257,3.935976433269043,0.004150800544717281,0.004150800544717281
3.951243718581427,4.097823198415078,0.14657947983365105,0.14657947983365105
3.9318256327243257,3.6895707108714793,-0.24225492185284647,0.24225492185284647
4.454347296253507,4.188368873583508,-0.26597842266999905,0.26597842266999905
3.713572066704308,4.183773620316242,0.4702015536119344,0.4702015536119344
3.9318256327243257,4.053097307265975,0.12127167454164889,0.12127167454164889
4.51085950651685,4.365727780348955,-0.14513172616789483,0.14513172616789483
4.2626798770413155,4.0288876511049745,-0.23379222593634097,0.23379222593634097
4.110873864173311,4.110362258982499,-0.000511605190812503,0.000511605190812503
3.4339872044851463,3.9747850542295047,0.5407978497443584,0.5407978497443584
4.02535169073515,3.603086269718911,-0.42226542101623865,0.42226542101623865
4.394449154672439,4.111226969632053,-0.283222185040386,0.283222185040386
3.258096538021482,3.886934055300745,0.6288375172792628,0.6288375172792628
2.3978952727983707,3.863880837657195,1.4659855648588245,1.4659855648588245
3.9318256327243257,3.8248476920314585,-0.10697794069286726,0.10697794069286726
4.02535169073515,4.240605839708685,0.21525414897353556,0.21525414897353556
3.258096538021482,3.691118758606267,0.4330222205847849,0.4330222205847849
4.2626798770413155,4.015087445363876,-0.2475924316774396,0.2475924316774396
3.713572066704308,3.3621475829496887,-0.3514244837546192,0.3514244837546192
3.9318256327243257,4.080730798280852,0.14890516555652633,0.14890516555652633
3.828641396489095,4.2148130656417395,0.38617166915264445,0.38617166915264445
4.330733340286331,3.8275323575541,-0.5032009827322312,0.5032009827322312
3.9318256327243257,3.859755591221317,-0.07207004150300866,0.07207004150300866
3.258096538021482,3.662180464694109,0.40408392667262705,0.40408392667262705
4.2626798770413155,3.804059798019877,-0.45862007902143853,0.45862007902143853
3.4339872044851463,3.285709768200636,-0.14827743628451007,0.14827743628451007
4.143134726391533,4.017330301011239,-0.12580442538029324,0.12580442538029324
4.2626798770413155,4.10381269586212,-0.15886718117919507,0.15886718117919507
4.394449154672439,4.011863903121638,-0.38258525155080125,0.38258525155080125
4.110873864173311,3.838708126283195,-0.27216573789011633,0.27216573789011633
4.189654742026425,3.7558600311564514,-0.4337947108699738,0.4337947108699738
3.4339872044851463,3.8134084261550276,0.37942122166988135,0.37942122166988135
4.2626798770413155,4.075992075256882,-0.18668780178443356,0.18668780178443356
4.330733340286331,4.036078904801012,-0.29465443548531933,0.29465443548531933
3.9318256327243257,3.6953255357332484,-0.23650009699107732,0.23650009699107732
3.9318256327243257,3.438754152290832,-0.4930714804334939,0.4930714804334939
3.9318256327243257,3.9144647812857256,-0.01736085143860011,0.01736085143860011
4.110873864173311,3.823677648508597,-0.2871962156647143,0.2871962156647143
4.394449154672439,4.07841688384307,-0.31603227082936947,0.31603227082936947
3.1780538303479458,3.522282825476388,0.3442289951284421,0.3442289951284421
3.044522437723423,3.5977068611160945,0.5531844233926715,0.5531844233926715
4.51085950651685,4.2634708259530205,-0.24738868056382923,0.24738868056382923
4.394449154672439,4.159997856184605,-0.23445129848783441,0.23445129848783441
3.4339872044851463,3.668268753687513,0.23428154920236688,0.23428154920236688
4.30406509320417,4.133901412873535,-0.170163680330635,0.170163680330635
3.828641396489095,3.712584782055585,-0.11605661443351023,0.11605661443351023
4.189654742026425,3.9616160303929124,-0.22803871163351275,0.22803871163351275
4.110873864173311,3.9047712882910304,-0.20610257588228098,0.20610257588228098
3.044522437723423,3.7424177507498655,0.6978953130264425,0.6978953130264425
3.951243718581427,4.207701566667422,0.2564578480859945,0.2564578480859945
4.394449154672439,4.007482741594371,-0.3869664130780679,0.3869664130780679
3.713572066704308,3.714079428798085,0.0005073620937769974,0.0005073620937769974
3.4339872044851463,3.7342254078974024,0.30023820341225615,0.30023820341225615
4.330733340286331,3.9977620654151638,-0.3329712748711673,0.3329712748711673
4.330733340286331,3.9346312289958925,-0.3961021112904386,0.3961021112904386
4.394449154672439,4.222241596766943,-0.17220755790549624,0.17220755790549624
4.330733340286331,4.036804812942065,-0.2939285273442662,0.2939285273442662
3.4339872044851463,3.53666813051554,0.10268092603039358,0.10268092603039358
4.2626798770413155,4.159444092206783,-0.10323578483453222,0.10323578483453222
4.330733340286331,4.109851878822683,-0.22088146146364807,0.22088146146364807
3.9318256327243257,4.225555523998317,0.29372989127399096,0.29372989127399096
3.258096538021482,3.154360799701874,-0.10373573831960803,0.10373573831960803
4.51085950651685,4.515750443493192,0.004890936976342353,0.004890936976342353
4.51085950651685,4.3744635348725405,-0.13639597164430928,0.13639597164430928
4.189654742026425,3.9344931664587,-0.25516157556772523,0.25516157556772523
3.9318256327243257,4.009305909944331,0.07748027722000517,0.07748027722000517
4.330733340286331,4.345798076118825,0.015064735832494236,0.015064735832494236
3.332204510175204,3.992975534395822,0.6607710242206184,0.6607710242206184
2.3978952727983707,3.597442203296575,1.1995469304982045,1.1995469304982045
3.4339872044851463,3.8857916404752872,0.451804435990141,0.451804435990141
4.394449154672439,4.103849670601676,-0.2905994840707633,0.2905994840707633
3.9318256327243257,3.9829030604582467,0.05107742773392099,0.05107742773392099
3.9318256327243257,3.959543543623773,0.027717910899447418,0.027717910899447418
3.4339872044851463,3.3095238921665544,-0.12446331231859187,0.12446331231859187
3.9318256327243257,3.955440235340199,0.023614602615873448,0.023614602615873448
3.4339872044851463,4.17444279123651,0.7404555867513638,0.7404555867513638
3.8918202981106265,3.911890733521024,0.020070435410397547,0.020070435410397547
3.9318256327243257,3.7863518379710106,-0.14547379475331512,0.14547379475331512
3.4339872044851463,3.619334888199398,0.1853476837142516,0.1853476837142516
4.394449154672439,3.6692704831462284,-0.7251786715262107,0.7251786715262107
2.772588722239781,3.1033350670586275,0.33074634481884635,0.33074634481884635
4.382026634673881,4.08701377981087,-0.2950128548630113,0.2950128548630113
4.330733340286331,4.332875311341817,0.0021419710554857474,0.0021419710554857474
4.2626798770413155,3.746219510964222,-0.5164603660770934,0.5164603660770934
4.330733340286331,4.030629385069163,-0.3001039552171685,0.3001039552171685
4.110873864173311,4.114150009254822,0.0032761450815108617,0.0032761450815108617
4.394449154672439,4.351465689653688,-0.042983465018751055,0.042983465018751055
4.543294782270004,4.409207990760038,-0.13408679150996594,0.13408679150996594
3.258096538021482,3.2615409575619108,0.0034444195404286226,0.0034444195404286226
3.258096538021482,3.6107249310203087,0.35262839299882653,0.35262839299882653
3.9318256327243257,3.4539856891625336,-0.47783994356179216,0.47783994356179216
3.9318256327243257,4.062385552141165,0.13055991941683898,0.13055991941683898
4.143134726391533,4.035882415414117,-0.10725231097741528,0.10725231097741528
3.713572066704308,3.508765774285682,-0.2048062924186258,0.2048062924186258
2.833213344056216,3.16503930383416,0.33182595977794405,0.33182595977794405
3.951243718581427,4.114930967413964,0.16368724883253716,0.16368724883253716
4.532599493153256,3.962203614322875,-0.5703958788303813,0.5703958788303813
3.044522437723423,3.1632352984035994,0.11871286068017639,0.11871286068017639
3.713572066704308,3.5782837954944604,-0.13528827120984754,0.13528827120984754
3.713572066704308,3.4982489941778363,-0.21532307252647165,0.21532307252647165
4.51085950651685,4.191888560696926,-0.3189709458199239,0.3189709458199239
4.330733340286331,4.033095099687358,-0.2976382405989728,0.2976382405989728
4.330733340286331,4.1330443612157115,-0.19768897907061955,0.19768897907061955
3.9318256327243257,3.815247182341447,-0.11657845038287862,0.11657845038287862
4.51085950651685,4.518894599809412,0.008035093292562578,0.008035093292562578
3.58351893845611,3.84531457038563,0.26179563192952005,0.26179563192952005
4.110873864173311,3.8606533616107783,-0.25022050256253303,0.25022050256253303
3.044522437723423,3.330038875533293,0.28551643780987,0.28551643780987
4.290459441148391,4.119493961800499,-0.17096547934789186,0.17096547934789186
4.454347296253507,4.083865531945425,-0.37048176430808244,0.37048176430808244
4.330733340286331,3.8428451263161003,-0.48788821397023074,0.48788821397023074
3.713572066704308,3.861186517883385,0.14761445117907712,0.14761445117907712
3.9318256327243257,3.7115963070656486,-0.22022932565867714,0.22022932565867714
4.2626798770413155,4.0487987421614315,-0.21388113487988392,0.21388113487988392
3.9318256327243257,3.7082960553935327,-0.22352957733079304,0.22352957733079304
3.9318256327243257,3.838817375207027,-0.0930082575172988,0.0930082575172988
3.713572066704308,3.656924743087673,-0.05664732361663516,0.05664732361663516
3.6635616461296463,3.7017294565055714,0.03816781037592509,0.03816781037592509
4.2626798770413155,4.00005211042183,-0.2626277666194854,0.2626277666194854
3.951243718581427,4.202729709549225,0.2514859909677982,0.2514859909677982
3.4339872044851463,3.4912156860710875,0.05722848158594118,0.05722848158594118
4.51085950651685,3.9298632094824866,-0.5809962970343632,0.5809962970343632
4.330733340286331,4.1004982795519656,-0.2302350607343655,0.2302350607343655
3.044522437723423,3.895978366307631,0.8514559285842078,0.8514559285842078
4.110873864173311,3.854582914078505,-0.2562909500948063,0.2562909500948063
4.394449154672439,4.107054895896531,-0.2873942587759082,0.2873942587759082
4.51085950651685,4.500704035254337,-0.010155471262512705,0.010155471262512705
3.044522437723423,3.917388433089828,0.8728659953664049,0.8728659953664049
3.951243718581427,4.171438085165068,0.220194366583641,0.220194366583641
4.394449154672439,4.238565364487454,-0.15588379018498522,0.15588379018498522
4.2626798770413155,4.158584074456814,-0.10409580258450113,0.10409580258450113
3.9318256327243257,3.821025567545102,-0.11080006517922358,0.11080006517922358
4.290459441148391,4.205661644410648,-0.08479779673774335,0.08479779673774335
3.4339872044851463,3.5248115590540863,0.09082435456894,0.09082435456894
3.9318256327243257,3.777934676248727,-0.1538909564755988,0.1538909564755988
4.394449154672439,4.07447254539313,-0.31997660927930927,0.31997660927930927
3.044522437723423,4.105715431344676,1.0611929936212534,1.0611929936212534
3.951243718581427,4.168827721326876,0.21758400274544876,0.21758400274544876
3.9318256327243257,4.373658556488209,0.4418329237638834,0.4418329237638834
4.51085950651685,4.160990014871725,-0.3498694916451246,0.3498694916451246
3.258096538021482,3.4579396761919057,0.19984313817042354,0.19984313817042354
3.4339872044851463,3.531573065547692,0.09758586106254574,0.09758586106254574
3.9318256327243257,4.381612182835529,0.44978655011120283,0.44978655011120283
3.828641396489095,3.916373095606933,0.08773169911783807,0.08773169911783807
3.713572066704308,3.609014402886624,-0.10455766381768417,0.10455766381768417
3.258096538021482,3.666154982795743,0.408058444774261,0.408058444774261
4.290459441148391,4.180276408507622,-0.11018303264076934,0.11018303264076934
3.044522437723423,3.758426808878486,0.713904371155063,0.713904371155063
4.204692619390966,4.004688288384948,-0.200004331006018,0.200004331006018
3.9318256327243257,3.6938740002119776,-0.23795163251234808,0.23795163251234808
3.951243718581427,4.209778644970489,0.2585349263890615,0.2585349263890615
4.454347296253507,4.320610567228881,-0.1337367290246263,0.1337367290246263
4.219507705176107,3.690176801071352,-0.5293309041047549,0.5293309041047549
3.332204510175204,3.144059502470208,-0.18814500770499576,0.18814500770499576
3.58351893845611,4.113039731312891,0.5295207928567809,0.5295207928567809
2.772588722239781,3.079765513935085,0.30717679169530365,0.30717679169530365
4.51085950651685,4.395684955510578,-0.11517455100627139,0.11517455100627139
4.330733340286331,3.892380754264217,-0.438352586022114,0.438352586022114
4.51085950651685,4.537264252448066,0.026404745931216667,0.026404745931216667
4.343805421853684,4.1181656609420685,-0.22563976091161564,0.22563976091161564
4.51085950651685,4.267323906559736,-0.24353559995711382,0.24353559995711382
3.258096538021482,3.2754428363619663,0.01734629834048418,0.01734629834048418
4.330733340286331,4.054158081033888,-0.27657525925244286,0.27657525925244286
4.290459441148391,4.109535051951683,-0.18092438919670784,0.18092438919670784
4.51085950651685,4.092286185873822,-0.418573320643028,0.418573320643028
4.51085950651685,4.170369890477927,-0.3404896160389228,0.3404896160389228
4.442651256490317,4.0821370069874225,-0.3605142495028941,0.3605142495028941
3.951243718581427,4.0842080380975085,0.13296431951608145,0.13296431951608145
4.189654742026425,4.244804115303042,0.05514937327661684,0.05514937327661684
3.4339872044851463,3.5980959794598593,0.164108774974713,0.164108774974713
4.394449154672439,4.054696656074668,-0.3397524985977709,0.3397524985977709
4.51085950651685,4.027339970554524,-0.48351953596232544,0.48351953596232544
3.9318256327243257,3.6685077491643843,-0.26331788355994146,0.26331788355994146
3.951243718581427,4.101722593124681,0.15047887454325348,0.15047887454325348
3.6635616461296463,3.548414708222521,-0.11514693790712549,0.11514693790712549
3.4339872044851463,3.9206685549636218,0.4866813504784755,0.4866813504784755
4.189654742026425,4.000611517109384,-0.18904322491704129,0.18904322491704129
3.58351893845611,3.840843872742856,0.2573249342867463,0.2573249342867463
3.044522437723423,3.764734881534337,0.7202124438109139,0.7202124438109139
3.58351893845611,3.7251821035134522,0.14166316505734233,0.14166316505734233
3.9318256327243257,4.047625277732316,0.11579964500799056,0.11579964500799056
4.394449154672439,3.8144460832393987,-0.5800030714330404,0.5800030714330404
4.394449154672439,3.967439302781177,-0.42700985189126195,0.42700985189126195
3.80666248977032,3.9928255131530004,0.18616302338268031,0.18616302338268031
2.3978952727983707,3.39940620938796,1.0015109365895891,1.0015109365895891
4.110873864173311,4.007845294967203,-0.10302856920610814,0.10302856920610814
3.58351893845611,3.451465902831293,-0.13205303562481685,0.13205303562481685
4.2626798770413155,4.0070759284620685,-0.25560394857924695,0.25560394857924695
3.5263605246161616,4.004498573971359,0.47813804935519766,0.47813804935519766
2.3978952727983707,3.5821188888023947,1.184223616004024,1.184223616004024
4.454347296253507,4.229136929619351,-0.2252103666341565,0.2252103666341565
3.9318256327243257,3.688261282014099,-0.24356435071022675,0.24356435071022675
4.394449154672439,4.131116236559453,-0.26333291811298576,0.26333291811298576
4.2626798770413155,3.904582524916304,-0.35809735212501126,0.35809735212501126
3.9318256327243257,3.953663821688684,0.021838188964358185,0.021838188964358185
3.951243718581427,4.11128542282259,0.16004170424116282,0.16004170424116282
3.4339872044851463,3.6544717538332536,0.22048454934810735,0.22048454934810735
4.110873864173311,4.216304831570174,0.10543096739686231,0.10543096739686231
3.9318256327243257,4.0645039446782025,0.1326783119538768,0.1326783119538768
4.189654742026425,3.9514596382871887,-0.23819510373923647,0.23819510373923647
3.713572066704308,3.489038949101997,-0.2245331176023111,0.2245331176023111
3.951243718581427,4.113419989411122,0.1621762708296952,0.1621762708296952
4.553876891600541,4.449992168711328,-0.10388472288921236,0.10388472288921236
3.9318256327243257,3.5474280506497595,-0.3843975820745662,0.3843975820745662
4.394449154672439,4.024340839531704,-0.37010831514073494,0.37010831514073494
3.258096538021482,3.2172569684209202,-0.0408395696005619,0.0408395696005619
4.382026634673881,4.0460501674216145,-0.3359764672522667,0.3359764672522667
4.394449154672439,3.854386087121318,-0.5400630675511211,0.5400630675511211
3.9318256327243257,3.3432372642371018,-0.588588368487224,0.588588368487224
4.330733340286331,4.094726577392942,-0.23600676289338907,0.23600676289338907
3.4339872044851463,3.887835432199563,0.4538482277144169,0.4538482277144169
4.394449154672439,4.078420781519609,-0.3160283731528297,0.3160283731528297
3.951243718581427,4.035015008012879,0.08377128943145173,0.08377128943145173
4.51085950651685,4.321022042408116,-0.18983746410873348,0.18983746410873348
4.465908118654584,4.210660369874793,-0.25524774877979084,0.25524774877979084
3.49650756146648,3.8132227999316686,0.3167152384651888,0.3167152384651888
4.394449154672439,4.0915369488796145,-0.30291220579282463,0.30291220579282463
3.58351893845611,3.6259197095683704,0.04240077111226048,0.04240077111226048
2.772588722239781,3.7779950804949767,1.0054063582551955,1.0054063582551955
3.258096538021482,3.459196112088506,0.20109957406702383,0.20109957406702383
3.951243718581427,4.159609466932529,0.20836574835110167,0.20836574835110167
4.330733340286331,3.9943997000059177,-0.33633364028041335,0.33633364028041335
3.044522437723423,3.4473499647242742,0.4028275270008512,0.4028275270008512
4.02535169073515,3.9170287024107915,-0.10832298832435816,0.10832298832435816
3.044522437723423,3.4468561890078613,0.40233375128443827,0.40233375128443827
3.4339872044851463,3.788466204464184,0.35447899997903765,0.35447899997903765
4.454347296253507,4.108580103520997,-0.34576719273251033,0.34576719273251033
3.9318256327243257,4.094417819259315,0.16259218653498886,0.16259218653498886
4.174387269895637,4.077437856675992,-0.09694941321964468,0.09694941321964468
4.110873864173311,3.8552621353602174,-0.2556117288130939,0.2556117288130939
4.2626798770413155,4.117778289368797,-0.1449015876725186,0.1449015876725186
3.58351893845611,3.704632264579864,0.12111332612375403,0.12111332612375403
4.51085950651685,4.367445117593195,-0.143414388923655,0.143414388923655
3.58351893845611,3.5799859962856946,-0.003532942170415332,0.003532942170415332
3.044522437723423,3.4497243688236217,0.40520193110019864,0.40520193110019864
3.9318256327243257,4.108891541240522,0.17706590851619586,0.17706590851619586
4.110873864173311,4.195396446007764,0.08452258183445238,0.08452258183445238
4.394449154672439,3.837831832292206,-0.5566173223802333,0.5566173223802333
3.713572066704308,4.028873968152949,0.3153019014486409,0.3153019014486409
4.382026634673881,4.0281535322588455,-0.35387310241503567,0.35387310241503567
4.394449154672439,4.172635636176341,-0.22181351849609854,0.22181351849609854
4.290459441148391,4.215332003068517,-0.07512743807987388,0.07512743807987388
4.02535169073515,3.9663839630086635,-0.058967727726486174,0.058967727726486174
3.9318256327243257,3.772345724298939,-0.15947990842538662,0.15947990842538662
4.330733340286331,3.9244972418688713,-0.4062360984174598,0.4062360984174598
3.9318256327243257,3.6084983498921197,-0.323327282832206,0.323327282832206
3.044522437723423,3.9119125682382303,0.8673901305148073,0.8673901305148073
4.2626798770413155,3.80088775597486,-0.4617921210664555,0.4617921210664555
3.4339872044851463,3.6226683241129276,0.18868111962778134,0.18868111962778134
4.330733340286331,4.309768187643345,-0.020965152642985707,0.020965152642985707
3.828641396489095,3.5053318698952642,-0.32330952659383083,0.32330952659383083
3.5263605246161616,3.1973690952250116,-0.32899142939115,0.32899142939115
4.564348191467836,3.704747711339071,-0.8596004801287651,0.8596004801287651
4.394449154672439,4.102998416905153,-0.2914507377672857,0.2914507377672857
3.9318256327243257,3.724012591726485,-0.20781304099784093,0.20781304099784093
3.044522437723423,3.8030573504994147,0.7585349127759917,0.7585349127759917
3.9318256327243257,3.793237546591401,-0.13858808613292473,0.13858808613292473
3.044522437723423,3.4996062242711155,0.45508378654769244,0.45508378654769244
3.9318256327243257,3.5615366266388326,-0.3702890060854931,0.3702890060854931
3.9318256327243257,4.162377401278494,0.23055176855416848,0.23055176855416848
2.772588722239781,3.293156437744141,0.52056771550436,0.52056771550436
3.9318256327243257,3.516304091755382,-0.4155215409689439,0.4155215409689439
4.406719247264253,4.088032455709524,-0.3186867915547298,0.3186867915547298
4.110873864173311,3.906537234027324,-0.20433663014598746,0.20433663014598746
3.713572066704308,2.9482225714446364,-0.7653494952596716,0.7653494952596716
3.4339872044851463,3.9301815731132876,0.49619436862814137,0.49619436862814137
3.9318256327243257,3.805758430158354,-0.12606720256597193,0.12606720256597193
3.4339872044851463,3.1601442338125336,-0.27384297067261265,0.27384297067261265
3.80666248977032,4.050752056068829,0.24408956629850875,0.24408956629850875
4.189654742026425,3.668268753687513,-0.521385988338912,0.521385988338912
3.713572066704308,3.583888971521539,-0.12968309518276877,0.12968309518276877
4.394449154672439,4.277627758105034,-0.11682139656740542,0.11682139656740542
4.454347296253507,4.142207409528003,-0.31213988672550474,0.31213988672550474
3.9318256327243257,3.816349416113269,-0.11547621661105678,0.11547621661105678
3.4339872044851463,3.536370637981433,0.10238343349628654,0.10238343349628654
3.58351893845611,3.1507136297575205,-0.43280530869858946,0.43280530869858946
4.454347296253507,3.7887652594677026,-0.6655820367858047,0.6655820367858047
3.9318256327243257,4.093383868766661,0.16155823604233488,0.16155823604233488
4.219507705176107,4.04977002781964,-0.1697376773564674,0.1697376773564674
4.51085950651685,4.139847059216238,-0.371012447300612,0.371012447300612
4.394449154672439,3.7985154350997816,-0.5959337195726575,0.5959337195726575
3.9318256327243257,3.213234931065185,-0.7185907016591409,0.7185907016591409
4.394449154672439,4.231745294364209,-0.16270386030823047,0.16270386030823047
3.951243718581427,4.1107105275992515,0.1594668090178244,0.1594668090178244
3.9318256327243257,3.900998412189229,-0.03082722053509679,0.03082722053509679
3.4339872044851463,3.99062428410956,0.5566370796244136,0.5566370796244136
3.713572066704308,3.861186517883385,0.14761445117907712,0.14761445117907712
3.9318256327243257,3.737778214986099,-0.19404741773822654,0.19404741773822654
3.713572066704308,3.7486918315616524,0.03511976485734447,0.03511976485734447
4.394449154672439,4.163727145363058,-0.23072200930938092,0.23072200930938092
4.189654742026425,4.08016123600031,-0.10949350602611485,0.10949350602611485
3.9318256327243257,3.6516119288448228,-0.28021370387950295,0.28021370387950295
3.9318256327243257,3.4781198088259853,-0.45370582389834047,0.45370582389834047
3.4339872044851463,3.7161158069619042,0.282128602476758,0.282128602476758
3.9318256327243257,3.4668983898097996,-0.46492724291452614,0.46492724291452614
3.9318256327243257,4.182517186818853,0.2506915540945269,0.2506915540945269
4.394449154672439,4.159015047995509,-0.2354341066769301,0.2354341066769301
4.394449154672439,4.046856047478666,-0.3475931071937728,0.3475931071937728
4.394449154672439,4.346289543562791,-0.04815961110964828,0.04815961110964828
4.248495242049359,4.12907372688521,-0.11942151516414956,0.11942151516414956
4.394449154672439,4.012945367753235,-0.38150378691920395,0.38150378691920395
3.713572066704308,3.736443735453129,0.022871668748821072,0.022871668748821072
4.189654742026425,3.956587815274907,-0.2330669267515182,0.2330669267515182
3.5263605246161616,3.8805054435469115,0.35414491893074995,0.35414491893074995
4.51085950651685,4.085843357499702,-0.42501614901714735,0.42501614901714735
4.110873864173311,3.536740999508425,-0.5741328646648864,0.5741328646648864
3.4339872044851463,3.5368379120425573,0.10285070755741099,0.10285070755741099
3.951243718581427,4.020564701786684,0.06932098320525704,0.06932098320525704
4.2626798770413155,4.001957192538392,-0.26072268450292313,0.26072268450292313
3.9318256327243257,3.872660901733491,-0.059164730990834524,0.059164730990834524
3.258096538021482,3.2144216942533195,-0.04367484376816266,0.04367484376816266
4.51085950651685,4.297852792955227,-0.21300671356162315,0.21300671356162315
4.2626798770413155,3.952870098137181,-0.3098097789041345,0.3098097789041345
4.330733340286331,4.122605953454818,-0.20812738683151277,0.20812738683151277
3.9318256327243257,4.094230947607798,0.16240531488347232,0.16240531488347232
3.258096538021482,3.69060196396298,0.432505425941498,0.432505425941498
4.110873864173311,4.013392445033485,-0.09748141913982611,0.09748141913982611
3.044522437723423,3.2710285617116472,0.22650612398822423,0.22650612398822423
4.454347296253507,4.44199693855267,-0.012350357700837478,0.012350357700837478
4.51085950651685,4.208665906642281,-0.3021935998745686,0.3021935998745686
4.51085950651685,4.436949798334787,-0.07390970818206277,0.07390970818206277
3.9318256327243257,3.5734299283431894,-0.3583957043811363,0.3583957043811363
4.394449154672439,3.906101837714537,-0.48834731695790223,0.48834731695790223
4.394449154672439,4.185556847495856,-0.20889230717658336,0.20889230717658336
3.713572066704308,3.8739503881483284,0.16037832144402042,0.16037832144402042
4.394449154672439,4.034810675604933,-0.359638479067506,0.359638479067506
4.394449154672439,4.445435127072239,0.05098597239979963,0.05098597239979963
4.442651256490317,4.501599836812517,0.05894858032220007,0.05894858032220007
3.9318256327243257,4.224643495381272,0.29281786265694665,0.29281786265694665
4.2626798770413155,4.18571224508241,-0.07696763195890544,0.07696763195890544
3.9318256327243257,3.9065696082731236,-0.02525602445120212,0.02525602445120212
3.951243718581427,4.0842080380975085,0.13296431951608145,0.13296431951608145
4.394449154672439,4.102668829012977,-0.2917803256594622,0.2917803256594622
3.828641396489095,3.3642649206222313,-0.4643764758668638,0.4643764758668638
4.454347296253507,4.372758894696462,-0.08158840155704539,0.08158840155704539
3.4339872044851463,3.702331463353709,0.26834425886856295,0.26834425886856295
3.9318256327243257,3.7158099282431225,-0.21601570448120322,0.21601570448120322
3.044522437723423,4.158845926916185,1.114323489192762,1.114323489192762
3.9318256327243257,4.042330291197386,0.11050465847306024,0.11050465847306024
3.9318256327243257,4.059903735860968,0.12807810313664225,0.12807810313664225
3.9318256327243257,3.9028035593460144,-0.02902207337831131,0.02902207337831131
3.258096538021482,3.9125155697866383,0.6544190317651561,0.6544190317651561
4.110873864173311,3.787961041016297,-0.3229128231570142,0.3229128231570142
3.044522437723423,3.6157151741977867,0.5711927364743636,0.5711927364743636
4.110873864173311,3.6938923890668125,-0.41698147510649886,0.41698147510649886
3.9318256327243257,3.8224230579679332,-0.10940257475639248,0.10940257475639248
3.9318256327243257,3.837831832292206,-0.09399380043211991,0.09399380043211991
3.9318256327243257,3.9142557862629843,-0.01756984646134141,0.01756984646134141
4.454347296253507,3.82710405870478,-0.6272432375487274,0.6272432375487274
3.044522437723423,4.165365267424173,1.12084282970075,1.12084282970075
3.4339872044851463,3.6636576197890744,0.22967041530392818,0.22967041530392818
4.330733340286331,4.149126322057705,-0.18160701822862624,0.18160701822862624
3.9318256327243257,3.6078842199929326,-0.3239414127313931,0.3239414127313931
4.394449154672439,4.154908759039467,-0.23954039563297247,0.23954039563297247
3.713572066704308,3.8043457479139136,0.0907736812096056,0.0907736812096056
4.51085950651685,4.244001958017766,-0.2668575484990834,0.2668575484990834
3.9318256327243257,3.844785086767235,-0.08704054595709065,0.08704054595709065
3.951243718581427,4.311734922474347,0.36049120389292,0.36049120389292
4.51085950651685,4.165951929136594,-0.3449075773802557,0.3449075773802557
4.189654742026425,4.25210362818453,0.062448886158104955,0.062448886158104955
3.9318256327243257,4.256346262855659,0.32452063013133303,0.32452063013133303
3.9318256327243257,4.087285907262414,0.15546027453808842,0.15546027453808842
4.51085950651685,4.209783009476761,-0.3010764970400883,0.3010764970400883
4.394449154672439,4.171114167935416,-0.22333498673702312,0.22333498673702312
4.2626798770413155,3.9141700006725384,-0.34850987636877706,0.34850987636877706
4.290459441148391,3.9187547907675437,-0.3717046503808472,0.3717046503808472
4.394449154672439,3.961608054067744,-0.43284110060469505,0.43284110060469505
4.07753744390572,3.8788794275884437,-0.19865801631727598,0.19865801631727598
4.2626798770413155,3.8654953737047943,-0.3971845033365211,0.3971845033365211
4.330733340286331,4.213490260567751,-0.11724307971858039,0.11724307971858039
3.951243718581427,4.002568236398192,0.051324517816764725,0.051324517816764725
3.713572066704308,3.7071589931144366,-0.00641307358987131,0.00641307358987131
4.219507705176107,4.013844312648407,-0.2056633925276996,0.2056633925276996
4.110873864173311,3.6788018131965172,-0.43207205097679413,0.43207205097679413
3.4339872044851463,3.696922987372126,0.26293578288697983,0.26293578288697983
3.713572066704308,3.6654637905368874,-0.04810827616742053,0.04810827616742053
3.7612001156935624,3.6921671168892782,-0.06903299880428415,0.06903299880428415
4.2626798770413155,3.9970994360705863,-0.2655804409707292,0.2655804409707292
3.713572066704308,4.022529676094763,0.3089576093904549,0.3089576093904549
4.110873864173311,3.766290982946698,-0.3445828812266134,0.3445828812266134
4.454347296253507,3.6691233763340745,-0.7852239199194329,0.7852239199194329
4.454347296253507,4.249443826338578,-0.20490346991492903,0.20490346991492903
3.044522437723423,3.984100005200948,0.9395775674775249,0.9395775674775249
4.532599493153256,4.184084830342314,-0.3485146628109419,0.3485146628109419
3.9318256327243257,3.8309436621887647,-0.10088197053556103,0.10088197053556103
4.394449154672439,4.340598193649624,-0.053850961022814836,0.053850961022814836
3.9318256327243257,3.5971530999991943,-0.3346725327251314,0.3346725327251314
3.713572066704308,3.6220874533606775,-0.09148461334363045,0.09148461334363045
4.110873864173311,3.9271345029424065,-0.18373936123090484,0.18373936123090484
3.951243718581427,4.193876329191812,0.24263261061038488,0.24263261061038488
4.110873864173311,3.9858192872970637,-0.12505457687624766,0.12505457687624766
4.454347296253507,3.6512494274769605,-0.8030978687765469,0.8030978687765469
3.713572066704308,3.8749785079271346,0.16140644122282666,0.16140644122282666
4.2626798770413155,4.021077120872944,-0.2416027561683718,0.2416027561683718
4.2626798770413155,4.088939347862623,-0.17374052917869243,0.17374052917869243
3.9318256327243257,4.115548749689129,0.18372311696480326,0.18372311696480326
3.951243718581427,4.010083164998955,0.0588394464175277,0.0588394464175277
3.713572066704308,3.8791644623303965,0.16559239562608852,0.16559239562608852
3.9318256327243257,4.173106583305002,0.24128095058067656,0.24128095058067656
3.951243718581427,4.01346736182328,0.06222364324185303,0.06222364324185303
4.394449154672439,4.087727413624375,-0.30672174104806427,0.30672174104806427
3.9318256327243257,4.044788923629214,0.11296329090488788,0.11296329090488788
3.9318256327243257,3.806750522601131,-0.12507511012319483,0.12507511012319483
4.394449154672439,3.978127925984939,-0.4163212286875,0.4163212286875
4.189654742026425,4.228659348048561,0.039004606022135846,0.039004606022135846
3.9318256327243257,3.8524315249463035,-0.07939410777802225,0.07939410777802225
4.2626798770413155,4.3175418168981,0.054861939856784225,0.054861939856784225
4.330733340286331,3.9349479521631716,-0.39578538812315944,0.39578538812315944
3.9318256327243257,4.0125917341410835,0.08076610141675777,0.08076610141675777
3.951243718581427,4.0188649037595425,0.06762118517811544,0.06762118517811544
3.044522437723423,3.662798316561676,0.618275878838253,0.618275878838253
4.2626798770413155,4.003877146970638,-0.2588027300706779,0.2588027300706779
4.330733340286331,3.967439302781177,-0.3632940375051539,0.3632940375051539
3.713572066704308,3.310098476796034,-0.40347358990827376,0.40347358990827376
3.828641396489095,4.211826160008704,0.3831847635196093,0.3831847635196093
3.9318256327243257,4.087066644389075,0.1552410116647489,0.1552410116647489
3.713572066704308,4.140958954836555,0.4273868881322471,0.4273868881322471
3.9318256327243257,3.913945075731339,-0.01788055699298674,0.01788055699298674
4.454347296253507,3.9888164081713766,-0.4655308880821307,0.4655308880821307
4.290459441148391,3.918517325449873,-0.3719421156985181,0.3719421156985181
3.713572066704308,3.936866067220243,0.22329400051593495,0.22329400051593495
4.110873864173311,4.31737534810949,0.2065014839361785,0.2065014839361785
4.356708826689592,3.940720772067376,-0.41598805462221566,0.41598805462221566
3.9318256327243257,4.0076942008898895,0.07586856816556375,0.07586856816556375
2.3978952727983707,3.758721729224601,1.3608264564262305,1.3608264564262305
4.110873864173311,3.814404784384884,-0.2964690797884275,0.2964690797884275
4.394449154672439,4.395339540758364,0.0008903860859250656,0.0008903860859250656
3.258096538021482,3.626219421401353,0.36812288337987065,0.36812288337987065
4.290459441148391,4.315959644604195,0.025500203455804282,0.025500203455804282
3.4339872044851463,3.488320716741609,0.05433351225646277,0.05433351225646277
4.394449154672439,4.167450072308343,-0.22699908236409616,0.22699908236409616
4.1588830833596715,3.8083178684794765,-0.350565214880195,0.350565214880195
3.258096538021482,3.2347570122313156,-0.023339525790166515,0.023339525790166515
3.044522437723423,3.4568621986201813,0.4123397608967583,0.4123397608967583
4.330733340286331,4.069118503380782,-0.2616148369055491,0.2616148369055491
4.394449154672439,4.099624636311718,-0.29482451836072077,0.29482451836072077
4.02535169073515,3.9837010581816825,-0.041650632553467126,0.041650632553467126
3.713572066704308,3.181904594817344,-0.5316674718869638,0.5316674718869638
3.258096538021482,3.729348905077619,0.4712523670561368,0.4712523670561368
3.713572066704308,4.063044790512679,0.349472723808371,0.349472723808371
3.9318256327243257,3.2869567276694704,-0.6448689050548553,0.6448689050548553
4.394449154672439,4.394271890227342,-0.00017726444509680306,0.00017726444509680306
3.9318256327243257,3.9361132059190687,0.004287573194742933,0.004287573194742933
4.394449154672439,3.953184066052076,-0.44126508862036307,0.44126508862036307
3.713572066704308,3.818423002310915,0.10485093560660719,0.10485093560660719
4.189654742026425,4.123664960981838,-0.0659897810445873,0.0659897810445873
4.219507705176107,3.871920450786853,-0.347587254389254,0.347587254389254
3.9318256327243257,3.854630871489369,-0.07719476123495683,0.07719476123495683
4.110873864173311,4.220155114233716,0.10928125006040457,0.10928125006040457
4.110873864173311,3.979436898652069,-0.1314369655212424,0.1314369655212424
4.394449154672439,3.7424659620577234,-0.6519831926147157,0.6519831926147157
3.9318256327243257,3.940049919712088,0.00822428698776223,0.00822428698776223
3.713572066704308,3.706558939914878,-0.00701312678942978,0.00701312678942978
4.430816798843313,4.289892447336342,-0.14092435150697113,0.14092435150697113
4.394449154672439,4.179427508600517,-0.2150216460719223,0.2150216460719223
4.564348191467836,3.6722590618632687,-0.8920891296045674,0.8920891296045674
4.394449154672439,3.8403989528680427,-0.5540502018043965,0.5540502018043965
4.330733340286331,4.140640335749073,-0.19009300453725775,0.19009300453725775
3.4339872044851463,3.762549559341859,0.3285623548567127,0.3285623548567127
4.430816798843313,4.2037157266630105,-0.22710107218030284,0.22710107218030284
4.394449154672439,4.089000748104225,-0.3054484065682139,0.3054484065682139
4.465908118654584,4.089524305855516,-0.37638381279906774,0.37638381279906774
3.4339872044851463,3.6737962885963746,0.23980908411122837,0.23980908411122837
4.110873864173311,4.163779732586218,0.0529058684129069,0.0529058684129069
4.2626798770413155,4.111500073913279,-0.15117980312803603,0.15117980312803603
2.3978952727983707,3.6873138159094214,1.2894185431110508,1.2894185431110508
4.2626798770413155,4.078724803389694,-0.18395507365162178,0.18395507365162178
3.9318256327243257,3.5615366266388326,-0.3702890060854931,0.3702890060854931
4.2626798770413155,4.11815084329111,-0.14452903375020565,0.14452903375020565
3.713572066704308,3.8043752619265803,0.09080319522227231,0.09080319522227231
3.5263605246161616,3.9113273244334503,0.38496679981728876,0.38496679981728876
4.189654742026425,3.619833975546921,-0.5698207664795043,0.5698207664795043
4.330733340286331,3.9382283182981377,-0.39250502198819337,0.39250502198819337
4.2626798770413155,3.968690405128955,-0.2939894719123606,0.2939894719123606
4.442651256490317,3.960566390025533,-0.4820848664647839,0.4820848664647839
2.3978952727983707,3.6432503704157,1.2453550976173293,1.2453550976173293
3.4339872044851463,3.863394766215513,0.42940756173036654,0.42940756173036654
3.713572066704308,3.3803792313932357,-0.33319283531107224,0.33319283531107224
3.9318256327243257,3.724528751839971,-0.20729688088435472,0.20729688088435472
3.713572066704308,3.9722964216085237,0.25872435490421575,0.25872435490421575
2.772588722239781,3.9057193904897827,1.1331306682500015,1.1331306682500015
4.394449154672439,3.9589548445840013,-0.43549431008843786,0.43549431008843786
4.330733340286331,4.556324527173214,0.2255911868868825,0.2255911868868825
4.2626798770413155,3.6226936734202972,-0.6399862036210182,0.6399862036210182
4.394449154672439,3.926179596377116,-0.46826955829532313,0.46826955829532313
3.258096538021482,3.075114180494226,-0.18298235752725622,0.18298235752725622
4.330733340286331,4.281388856332226,-0.049344483954104845,0.049344483954104845
4.02535169073515,3.9175755697067456,-0.10777612102840406,0.10777612102840406
4.110873864173311,3.6858338395128962,-0.4250400246604151,0.4250400246604151
4.060443010546419,3.856236245977026,-0.20420676456939324,0.20420676456939324
3.951243718581427,4.112446204387041,0.1612024858056138,0.1612024858056138
4.465908118654584,4.079806164395865,-0.3861019542587183,0.3861019542587183
3.4339872044851463,3.4378555480890887,0.0038683436039423924,0.0038683436039423924
3.9318256327243257,3.9129122554393625,-0.01891337728496323,0.01891337728496323
3.713572066704308,3.866870760303514,0.153298693599206,0.153298693599206
4.499809670330265,4.494315177229488,-0.005494493100776765,0.005494493100776765
4.330733340286331,3.8247168552265696,-0.5060164850597615,0.5060164850597615
3.044522437723423,3.2156833610836713,0.17116092336024824,0.17116092336024824
4.2626798770413155,4.227319398340119,-0.03536047870119674,0.03536047870119674
4.418840607796598,4.122647149028713,-0.2961934587678856,0.2961934587678856
3.4339872044851463,4.103107330633892,0.669120126148746,0.669120126148746
4.394449154672439,4.273907762451325,-0.12054139222111449,0.12054139222111449
4.465908118654584,4.24035607671053,-0.22555204194405398,0.22555204194405398
2.3978952727983707,3.9537569923373237,1.555861719538953,1.555861719538953
4.02535169073515,3.84421792366558,-0.18113376706956963,0.18113376706956963
3.58351893845611,3.9055221498116426,0.32200321135553267,0.32200321135553267
4.110873864173311,3.792311019945068,-0.3185628442282433,0.3185628442282433
4.454347296253507,4.101917195923921,-0.35243010032958644,0.35243010032958644
4.330733340286331,4.387293267919375,0.05655992763304418,0.05655992763304418
3.9318256327243257,4.113952173714871,0.18212654099054548,0.18212654099054548
4.330733340286331,3.9687464776913117,-0.36198686259501933,0.36198686259501933
3.9318256327243257,3.3962466773713595,-0.5355789553529662,0.5355789553529662
3.5553480614894135,3.8977566432708053,0.3424085817813918,0.3424085817813918
3.9318256327243257,3.9107573813374494,-0.02106825138687629,0.02106825138687629
3.9318256327243257,3.875891584007711,-0.05593404871661489,0.05593404871661489
3.9318256327243257,3.624948345894947,-0.30687728682937854,0.30687728682937854
3.9318256327243257,3.944141184509597,0.012315551785271328,0.012315551785271328
3.5263605246161616,3.5188909740929577,-0.007469550523203861,0.007469550523203861
3.713572066704308,3.8857171438046025,0.17214507710029459,0.17214507710029459
4.2626798770413155,4.178251923357901,-0.08442795368341471,0.08442795368341471
4.394449154672439,4.284656297030444,-0.10979285764199531,0.10979285764199531
4.02535169073515,3.9623368459416666,-0.06301484479348307,0.06301484479348307
3.4339872044851463,4.00424921629956,0.5702620118144139,0.5702620118144139
4.394449154672439,4.1935416053741035,-0.20090754929833565,0.20090754929833565
4.394449154672439,4.01083000775799,-0.383619146914449,0.383619146914449
3.9318256327243257,3.709077091042763,-0.22274854168156288,0.22274854168156288
3.044522437723423,3.835844192606218,0.7913217548827949,0.7913217548827949
3.9318256327243257,3.9933454170504654,0.06151978432613969,0.06151978432613969
3.9318256327243257,3.9627777859522086,0.030952153227882917,0.030952153227882917
4.394449154672439,4.052924305386314,-0.3415248492861247,0.3415248492861247
4.394449154672439,4.188614887372747,-0.205834267299692,0.205834267299692
3.5263605246161616,3.5244109086549873,-0.001949615961174267,0.001949615961174267
2.772588722239781,3.5786381683821187,0.8060494461423375,0.8060494461423375
3.951243718581427,4.098502638944247,0.14725892036281962,0.14725892036281962
3.044522437723423,3.8615788456191984,0.8170564078957754,0.8170564078957754
4.330733340286331,4.188981647232231,-0.14175169305409963,0.14175169305409963
3.9318256327243257,3.838857470205096,-0.09296816251922957,0.09296816251922957
4.23410650459726,4.093245839937855,-0.14086066465940483,0.14086066465940483
4.394449154672439,4.280629240302443,-0.11381991436999606,0.11381991436999606
4.110873864173311,4.016701879487133,-0.09417198468617816,0.09417198468617816
3.044522437723423,4.026278188645415,0.9817557509219923,0.9817557509219923
3.044522437723423,3.249651361403938,0.20512892368051494,0.20512892368051494
3.258096538021482,3.7873394118695125,0.5292428738480304,0.5292428738480304
3.1780538303479458,4.1603149580474446,0.9822611276994988,0.9822611276994988
3.9318256327243257,3.842175388033387,-0.08965024469093885,0.08965024469093885
4.356708826689592,4.041244434156843,-0.31546439253274894,0.31546439253274894
4.394449154672439,4.131169154884596,-0.26327999978784344,0.26327999978784344
3.4657359027997265,3.3358148867546014,-0.12992101604512518,0.12992101604512518
4.51085950651685,4.124185097641949,-0.38667440887490034,0.38667440887490034
4.2626798770413155,4.161170863976977,-0.10150901306433813,0.10150901306433813
4.2626798770413155,4.374096817649996,0.1114169406086809,0.1114169406086809
3.9318256327243257,3.982571738985319,0.050746106260993074,0.050746106260993074
3.713572066704308,3.9711910103899,0.25761894368559224,0.25761894368559224
3.9318256327243257,3.9081154336021022,-0.023710199122223496,0.023710199122223496
4.454347296253507,4.4251334958824895,-0.02921380037101784,0.02921380037101784
4.394449154672439,4.23106905424187,-0.16338010043056883,0.16338010043056883
3.258096538021482,3.184835429936089,-0.0732611080853931,0.0732611080853931
4.51085950651685,4.13883208490433,-0.3720274216125201,0.3720274216125201
4.02535169073515,3.7110996517006294,-0.31425203903452026,0.31425203903452026
3.9318256327243257,3.7824965419908563,-0.14932909073346945,0.14932909073346945
3.044522437723423,4.01823471759961,0.9737122798761866,0.9737122798761866
4.454347296253507,4.0344919064376015,-0.41985538981590587,0.41985538981590587
4.394449154672439,4.044788923629214,-0.3496602310432255,0.3496602310432255
4.51085950651685,4.17081456830233,-0.3400449382145201,0.3400449382145201
4.454347296253507,4.235439081397035,-0.21890821485647205,0.21890821485647205
4.564348191467836,4.4740519441296085,-0.09029624733822761,0.09029624733822761
3.9318256327243257,4.052887759108674,0.1210621263843481,0.1210621263843481
3.044522437723423,3.2555567551615665,0.2110343174381435,0.2110343174381435
4.02535169073515,4.094650872641761,0.06929918190661155,0.06929918190661155
4.330733340286331,4.242886413097509,-0.08784692718882248,0.08784692718882248
3.4339872044851463,3.5368379120425573,0.10285070755741099,0.10285070755741099
4.2626798770413155,3.5821188888023947,-0.6805609882389207,0.6805609882389207
4.189654742026425,3.8816622291902894,-0.3079925128361358,0.3079925128361358
4.553876891600541,4.371681903347318,-0.18219498825322233,0.18219498825322233
4.2626798770413155,4.133966417486973,-0.12871345955434244,0.12871345955434244
4.330733340286331,3.789627216652105,-0.541106123634226,0.541106123634226
3.9318256327243257,3.7383736272840165,-0.19345200544030927,0.19345200544030927
3.258096538021482,3.482170882021574,0.22407434400009185,0.22407434400009185
3.713572066704308,3.5184734796809343,-0.19509858702337368,0.19509858702337368
3.258096538021482,3.418621609381624,0.16052507136014205,0.16052507136014205
4.394449154672439,4.020968778276149,-0.37348037639628995,0.37348037639628995
3.9318256327243257,3.94831997026077,0.01649433753644436,0.01649433753644436
4.02535169073515,3.9526602511065168,-0.07269143962863289,0.07269143962863289
2.772588722239781,3.5742763430665754,0.8016876208267942,0.8016876208267942
3.5553480614894135,3.7085468316298646,0.15319877014045113,0.15319877014045113
3.9318256327243257,3.8382595055622293,-0.09356612716209645,0.09356612716209645
3.713572066704308,4.066490708693351,0.3529186419890431,0.3529186419890431
3.688879454113936,3.3737077005659284,-0.3151717535480074,0.3151717535480074
3.044522437723423,3.3615215020025135,0.3169990642790905,0.3169990642790905
3.5553480614894135,3.1998852515799303,-0.3554628099094832,0.3554628099094832
4.454347296253507,4.0648948064515436,-0.3894524898019638,0.3894524898019638
4.2626798770413155,3.8723704560598673,-0.39030942098144816,0.39030942098144816
4.394449154672439,4.012845607576176,-0.38160354709626354,0.38160354709626354
4.330733340286331,3.956128019619019,-0.3746053206673121,0.3746053206673121
4.248495242049359,4.1410243819103725,-0.10747086013898688,0.10747086013898688
4.454347296253507,4.256618018496246,-0.19772927775726146,0.19772927775726146
4.2626798770413155,3.9623322773690974,-0.300347599672218,0.300347599672218
3.9318256327243257,3.8441864062287214,-0.0876392264956043,0.0876392264956043
4.394449154672439,3.9694706939704894,-0.4249784607019498,0.4249784607019498
3.8918202981106265,4.127054092789835,0.23523379467920824,0.23523379467920824
3.4339872044851463,2.9241258005451636,-0.5098614039399827,0.5098614039399827
4.110873864173311,3.7527807364767685,-0.3580931276965429,0.3580931276965429
4.02535169073515,4.025911343727468,0.0005596529923179716,0.0005596529923179716
3.9318256327243257,4.280983294667786,0.34915766194346043,0.34915766194346043
4.465908118654584,4.1516452118414096,-0.31426290681317415,0.31426290681317415
3.9318256327243257,3.8698470143725374,-0.061978618351788306,0.061978618351788306
4.110873864173311,3.843810873328737,-0.2670629908445745,0.2670629908445745
3.044522437723423,3.8954271914429004,0.8509047537194774,0.8509047537194774
4.110873864173311,4.139325120001701,0.028451255828390032,0.028451255828390032
4.51085950651685,4.068819636127889,-0.4420398703889603,0.4420398703889603
2.5649493574615367,3.2123914836829384,0.6474421262214016,0.6474421262214016
4.51085950651685,4.1196969302661275,-0.39116257625072226,0.39116257625072226
3.713572066704308,3.9050271754800274,0.19145510877571947,0.19145510877571947
4.2626798770413155,3.9317031287977104,-0.330976748243605,0.330976748243605
3.9318256327243257,3.9055675749952656,-0.02625805772906009,0.02625805772906009
3.9318256327243257,3.744892141973435,-0.18693349075089083,0.18693349075089083
3.9318256327243257,3.8699230468618655,-0.061902585862460224,0.061902585862460224
4.330733340286331,4.06838963702956,-0.2623437032567715,0.2623437032567715
4.290459441148391,4.016245724341295,-0.27421371680709594,0.27421371680709594
3.4339872044851463,3.8921446961542285,0.45815749166908226,0.45815749166908226
3.9318256327243257,3.8307102918131366,-0.10111534091118912,0.10111534091118912
4.2626798770413155,3.9441813439979168,-0.3184985330433987,0.3184985330433987
3.5263605246161616,3.999453011690708,0.4730924870745463,0.4730924870745463
3.9318256327243257,3.922762273517443,-0.009063359206882726,0.009063359206882726
3.951243718581427,4.111160005698021,0.15991628711659356,0.15991628711659356
3.044522437723423,3.1906457450237466,0.14612330730032363,0.14612330730032363
3.9318256327243257,4.042378377695823,0.11055274497149759,0.11055274497149759
4.110873864173311,4.0960256913434385,-0.01484817282987283,0.01484817282987283
4.330733340286331,3.987913282655528,-0.3428200576308029,0.3428200576308029
3.9318256327243257,3.668268753687513,-0.2635568790368126,0.2635568790368126
4.51085950651685,4.242843016036594,-0.2680164904802558,0.2680164904802558
4.290459441148391,4.186799275623164,-0.10366016552522694,0.10366016552522694
3.951243718581427,4.014748422184678,0.06350470360325122,0.06350470360325122
3.044522437723423,3.7794373765447355,0.7349149388213125,0.7349149388213125
4.51085950651685,4.0602879751662275,-0.4505715313506222,0.4505715313506222
4.394449154672439,4.037644783467959,-0.35680437120447994,0.35680437120447994
3.258096538021482,4.035769837961529,0.7776732999400466,0.7776732999400466
3.4339872044851463,3.989991629879702,0.5560044253945557,0.5560044253945557
4.394449154672439,4.417136663963639,0.02268750929119978,0.02268750929119978
4.454347296253507,4.048106062996462,-0.4062412332570453,0.4062412332570453
4.394449154672439,4.1332935866203835,-0.26115556805205564,0.26115556805205564
3.044522437723423,3.6157151741977867,0.5711927364743636,0.5711927364743636
3.044522437723423,4.022375517001245,0.9778530792778217,0.9778530792778217
4.330733340286331,3.981366992773538,-0.34936634751279305,0.34936634751279305
3.5263605246161616,3.2757399893307575,-0.25062053528540407,0.25062053528540407
3.713572066704308,3.4469187691861625,-0.2666532975181455,0.2666532975181455
3.713572066704308,4.09872094341845,0.3851488767141422,0.3851488767141422
3.044522437723423,3.561503065434811,0.516980627711388,0.516980627711388
3.258096538021482,3.971590629483966,0.7134940914624837,0.7134940914624837
4.330733340286331,3.889158254428615,-0.4415750858577159,0.4415750858577159
4.394449154672439,3.938337268756947,-0.456111885915492,0.456111885915492
4.394449154672439,4.068541975116604,-0.32590717955583504,0.32590717955583504
3.9318256327243257,3.710256531662295,-0.22156910106203087,0.22156910106203087
3.9318256327243257,4.012330678080317,0.08050504535599101,0.08050504535599101
3.58351893845611,3.8224034220855687,0.2388844836294588,0.2388844836294588
3.258096538021482,4.091502165452557,0.8334056274310746,0.8334056274310746
3.044522437723423,3.2187425674171877,0.17422012969376466,0.17422012969376466
4.465908118654584,4.332066063304471,-0.1338420553501125,0.1338420553501125
4.110873864173311,3.9096864715781083,-0.20118739259520302,0.20118739259520302
4.51085950651685,4.108449245139832,-0.4024102613770175,0.4024102613770175
3.9318256327243257,4.082454595851069,0.15062896312674345,0.15062896312674345
4.330733340286331,4.0163250812346405,-0.31440825905169056,0.31440825905169056
3.9318256327243257,3.9727537781013567,0.04092814537703093,0.04092814537703093
4.454347296253507,4.073067741063708,-0.38127955518979917,0.38127955518979917
4.564348191467836,3.9918130922014967,-0.5725350992663394,0.5725350992663394
4.465908118654584,3.987590182415829,-0.4783179362387546,0.4783179362387546
4.110873864173311,3.7457538113531648,-0.3651200528201466,0.3651200528201466
4.51085950651685,4.179580459893637,-0.33127904662321317,0.33127904662321317
3.713572066704308,4.138133253144083,0.42456118643977536,0.42456118643977536
3.044522437723423,3.4610780110124395,0.4165555732890165,0.4165555732890165
2.772588722239781,4.094983666339921,1.32239494410014,1.32239494410014
4.2626798770413155,3.905202244251729,-0.35747763278958633,0.35747763278958633
3.9318256327243257,3.6617762623658154,-0.2700493703585103,0.2700493703585103
4.394449154672439,4.065719302967279,-0.3287298517051598,0.3287298517051598
3.951243718581427,4.012602743520326,0.06135902493889933,0.06135902493889933
3.951243718581427,4.1937524540638895,0.24250873548246243,0.24250873548246243
4.110873864173311,3.8292282023985473,-0.281645661774764,0.281645661774764
4.51085950651685,4.541642799667658,0.030783293150808078,0.030783293150808078
3.9318256327243257,3.8125269640245607,-0.11929866869976502,0.11929866869976502
3.4339872044851463,3.747689370562012,0.31370216607686574,0.31370216607686574
3.9318256327243257,3.6157151741977867,-0.3161104585265391,0.3161104585265391
3.9318256327243257,3.505572860514791,-0.42625277220953484,0.42625277220953484
4.394449154672439,3.982928939639802,-0.4115202150326369,0.4115202150326369
3.828641396489095,3.9661670836378917,0.13752568714879665,0.13752568714879665
4.330733340286331,3.8552828569422086,-0.47545048334412243,0.47545048334412243
4.51085950651685,4.423897447433852,-0.08696205908299781,0.08696205908299781
4.23410650459726,4.042185216476571,-0.19192128812068887,0.19192128812068887
3.9318256327243257,3.4668983898097996,-0.46492724291452614,0.46492724291452614
3.9318256327243257,4.123948606360337,0.19212297363601172,0.19212297363601172
4.394449154672439,4.2838247642723175,-0.11062439040012162,0.11062439040012162
3.58351893845611,3.4100796845988794,-0.17343925385723047,0.17343925385723047
3.713572066704308,4.029737429679462,0.31616536297515374,0.31616536297515374
4.110873864173311,3.278616674402808,-0.8322571897705036,0.8322571897705036
3.4339872044851463,3.8575269087411073,0.423539704255961,0.423539704255961
4.330733340286331,3.9602036326153396,-0.37052970767099147,0.37052970767099147
3.951243718581427,4.203562774405527,0.25231905582409997,0.25231905582409997
4.430816798843313,4.244240126598285,-0.18657667224502816,0.18657667224502816
3.951243718581427,4.185388289803219,0.23414457122179222,0.23414457122179222
4.394449154672439,3.974192741436519,-0.42025641323592033,0.42025641323592033
4.2626798770413155,3.9524623607239775,-0.31021751631733796,0.31021751631733796
4.02535169073515,3.850168842674429,-0.1751828480607207,0.1751828480607207
4.330733340286331,4.088032724840854,-0.24270061544547694,0.24270061544547694
4.465908118654584,4.156180169799683,-0.30972794885490096,0.30972794885490096
4.110873864173311,4.027635491020083,-0.08323837315322802,0.08323837315322802
4.51085950651685,4.41493545714902,-0.09592404936782994,0.09592404936782994
3.713572066704308,3.8119516139540055,0.09837954724969755,0.09837954724969755
3.9318256327243257,4.036324019369671,0.10449838664534505,0.10449838664534505
4.189654742026425,3.857380184129808,-0.3322745578966173,0.3322745578966173
3.713572066704308,3.9462458449356665,0.2326737782313586,0.2326737782313586
3.9318256327243257,4.031747059429874,0.09992142670554793,0.09992142670554793
3.713572066704308,3.7012507634910157,-0.012321303213292278,0.012321303213292278
3.58351893845611,3.770603636502262,0.18708469804615202,0.18708469804615202
4.330733340286331,4.017558426889731,-0.3131749133966002,0.3131749133966002
4.330733340286331,4.021597378939325,-0.30913596134700594,0.30913596134700594
3.044522437723423,3.500090536266231,0.4555680985428081,0.4555680985428081
3.4339872044851463,3.4668983898097996,0.032911185324653314,0.032911185324653314
3.258096538021482,3.6160179207958683,0.3579213827743861,0.3579213827743861
4.394449154672439,4.162614290977467,-0.23183486369497253,0.23183486369497253
4.330733340286331,3.9753442102605616,-0.35538913002576944,0.35538913002576944
4.2626798770413155,4.089628764010791,-0.17305111303052456,0.17305111303052456
4.394449154672439,4.10260442596534,-0.2918447287070993,0.2918447287070993
3.9318256327243257,4.036885532081298,0.10505989935697224,0.10505989935697224
4.51085950651685,4.036696028305414,-0.4741634782114357,0.4741634782114357
4.189654742026425,3.938860688997294,-0.25079405302913127,0.25079405302913127
3.9318256327243257,4.021548786415079,0.08972315369075323,0.08972315369075323
3.58351893845611,3.4258565600961672,-0.15766237835994268,0.15766237835994268
3.5263605246161616,4.082349633510266,0.5559891088941047,0.5559891088941047
4.330733340286331,4.120652802506358,-0.21008053777997304,0.21008053777997304
4.189654742026425,4.1789009437149005,-0.010753798311524676,0.010753798311524676
3.044522437723423,4.0522354609045825,1.0077130231811595,1.0077130231811595
4.51085950651685,4.079331386939069,-0.4315281195777807,0.4315281195777807
4.276666119016055,4.0830254189890995,-0.19364070002695577,0.19364070002695577
3.258096538021482,3.641428284813454,0.3833317467919719,0.3833317467919719
3.58351893845611,3.781216027676148,0.19769708922003826,0.19769708922003826
3.9318256327243257,4.313268315572318,0.38144268284799265,0.38144268284799265
4.394449154672439,4.126889213533747,-0.26755994113869175,0.26755994113869175
3.9318256327243257,3.7324650343721077,-0.19936059835221798,0.19936059835221798
4.330733340286331,4.257107357284456,-0.07362598300187528,0.07362598300187528
4.110873864173311,3.9901078119905518,-0.1207660521827596,0.1207660521827596
4.2626798770413155,3.5744593982128388,-0.6882204788284767,0.6882204788284767
3.9318256327243257,3.778635747425848,-0.15318988529847788,0.15318988529847788
4.454347296253507,4.00174419961001,-0.4526030966434975,0.4526030966434975
3.4339872044851463,3.4514380677904164,0.017450863305270126,0.017450863305270126
3.828641396489095,3.812253565419499,-0.01638783106959618,0.01638783106959618
3.828641396489095,4.012388756267481,0.18374735977838608,0.18374735977838608
4.110873864173311,3.9467289867027042,-0.16414487747060713,0.16414487747060713
4.04305126783455,4.1970137331418425,0.15396246530729218,0.15396246530729218
3.9318256327243257,3.904274113129576,-0.027551519594749774,0.027551519594749774
3.4339872044851463,3.7323689015699837,0.2983816970848374,0.2983816970848374
3.258096538021482,3.8581102682126076,0.6000137301911255,0.6000137301911255
3.9318256327243257,4.14891044083448,0.21708480811015418,0.21708480811015418
3.4339872044851463,3.3900030877553644,-0.043984116729781864,0.043984116729781864
4.2626798770413155,3.8551869701416734,-0.407492906899642,0.407492906899642
3.951243718581427,3.9654422952541704,0.014198576672743268,0.014198576672743268
4.330733340286331,4.341115603743471,0.010382263457139551,0.010382263457139551
4.189654742026425,4.254705562245832,0.06505082021940645,0.06505082021940645
3.4339872044851463,3.4754577204238535,0.04147051593870721,0.04147051593870721
3.4339872044851463,3.560833707935182,0.1268465034500359,0.1268465034500359
3.9318256327243257,4.033255459170225,0.10142982644589926,0.10142982644589926
4.330733340286331,4.026573988147389,-0.3041593521389423,0.3041593521389423
3.9318256327243257,3.967439302781177,0.035613670056851454,0.035613670056851454
4.2626798770413155,4.097228965038361,-0.1654509120029548,0.1654509120029548
3.58351893845611,3.6039011141280035,0.0203821756718936,0.0203821756718936
3.4011973816621555,3.9606884772141417,0.5594910955519863,0.5594910955519863
3.9318256327243257,3.904896952026122,-0.026928680698203866,0.026928680698203866
3.9318256327243257,3.7820626626032237,-0.14976297012110207,0.14976297012110207
3.9318256327243257,3.6345916574816344,-0.29723397524269135,0.29723397524269135
3.58351893845611,3.6817247107490343,0.09820577229292438,0.09820577229292438
4.454347296253507,4.123437123209803,-0.33091017304370407,0.33091017304370407
3.9318256327243257,3.8947351025325183,-0.037090530191807414,0.037090530191807414
4.51085950651685,3.7905907617441135,-0.7202687447727363,0.7202687447727363
4.51085950651685,4.4309572520975085,-0.07990225441934129,0.07990225441934129
3.9318256327243257,3.9309960189485698,-0.0008296137757559663,0.0008296137757559663
3.951243718581427,4.163749683784864,0.21250596520343734,0.21250596520343734
3.258096538021482,3.853018762430202,0.59492222440872,0.59492222440872
4.110873864173311,4.143672464378495,0.03279860020518388,0.03279860020518388
3.9318256327243257,3.791283628656422,-0.14054200406790374,0.14054200406790374
4.2626798770413155,4.179350604794037,-0.08332927224727804,0.08332927224727804
4.330733340286331,3.82197875755993,-0.5087545827264011,0.5087545827264011
4.394449154672439,3.9433316035443333,-0.4511175511281058,0.4511175511281058
4.51085950651685,4.264005371221462,-0.24685413529538813,0.24685413529538813
4.110873864173311,4.132396153957812,0.021522289784500437,0.021522289784500437
4.330733340286331,4.339352765591301,0.008619425304970285,0.008619425304970285
3.58351893845611,3.7536915061577303,0.17017256770162037,0.17017256770162037
3.044522437723423,3.707047639862026,0.6625252021386028,0.6625252021386028
3.9318256327243257,3.497084655300774,-0.43474097742355156,0.43474097742355156
4.189654742026425,4.023541999635507,-0.16611274239091856,0.16611274239091856
3.951243718581427,4.183937545334036,0.23269382675260886,0.23269382675260886
3.6375861597263857,3.5762589428624656,-0.061327216863920064,0.061327216863920064
3.9318256327243257,3.8169914069217072,-0.11483422580261848,0.11483422580261848
4.2626798770413155,4.164116670260974,-0.0985632067803417,0.0985632067803417
4.2626798770413155,3.991749486060318,-0.27093039098099725,0.27093039098099725
3.5263605246161616,4.037461316515567,0.5111007918994055,0.5111007918994055
3.9318256327243257,4.055783474990468,0.12395784226614248,0.12395784226614248
3.044522437723423,3.8055443981052566,0.7610219603818336,0.7610219603818336
3.713572066704308,3.9413784132108844,0.2278063465065765,0.2278063465065765
4.290459441148391,4.226174477353897,-0.06428496379449378,0.06428496379449378
3.4339872044851463,4.01962518556017,0.5856379810750241,0.5856379810750241
4.394449154672439,4.098927307120971,-0.29552184755146804,0.29552184755146804
4.394449154672439,4.204318445482236,-0.19013070919020336,0.19013070919020336
4.394449154672439,4.049604420517462,-0.34484473415497696,0.34484473415497696
4.394449154672439,4.056750736397879,-0.3376984182745604,0.3376984182745604
3.044522437723423,3.4808369682850966,0.4363145305616736,0.4363145305616736
3.4339872044851463,3.7628015612253947,0.3288143567402484,0.3288143567402484
3.044522437723423,3.500090536266231,0.4555680985428081,0.4555680985428081
4.51085950651685,4.554732277943026,0.04387277142617663,0.04387277142617663
4.51085950651685,4.465412588192518,-0.04544691832433134,0.04544691832433134
4.110873864173311,4.131032953172607,0.020159088999295527,0.020159088999295527
3.951243718581427,4.015614225144228,0.06437050656280086,0.06437050656280086
4.51085950651685,3.9593315325458374,-0.5515279739710124,0.5515279739710124
3.9318256327243257,3.9254300907738178,-0.006395541950507955,0.006395541950507955
4.110873864173311,3.7086864571215985,-0.40218740705171285,0.40218740705171285
3.9318256327243257,3.9502806011549167,0.018454968430591023,0.018454968430591023
3.4339872044851463,3.832163816259495,0.3981766117743488,0.3981766117743488
3.4339872044851463,3.4889069340700996,0.05491972958495328,0.05491972958495328
4.454347296253507,3.882500328337539,-0.5718469679159681,0.5718469679159681
4.189654742026425,4.024258330229563,-0.16539641179686182,0.16539641179686182
4.394449154672439,4.13759420890751,-0.2568549457649292,0.2568549457649292
3.58351893845611,3.883498014161643,0.29997907570553295,0.29997907570553295
4.110873864173311,4.1455770436645905,0.0347031794912791,0.0347031794912791
3.4657359027997265,3.1522723086031874,-0.31346359419653913,0.31346359419653913
4.330733340286331,4.044646941382514,-0.2860863989038167,0.2860863989038167
4.51085950651685,4.014163852953738,-0.49669565356311196,0.49669565356311196
3.9318256327243257,3.972832408703269,0.0410067759789432,0.0410067759789432
4.110873864173311,4.019253250530174,-0.091620613643137,0.091620613643137
3.4339872044851463,3.656696144715791,0.2227089402306448,0.2227089402306448
3.951243718581427,4.40344458266273,0.4522008640813029,0.4522008640813029
4.454347296253507,4.564501926360165,0.11015463010665805,0.11015463010665805
3.951243718581427,4.124682773951685,0.17343905537025783,0.17343905537025783
4.2626798770413155,4.07548347377128,-0.18719640327003528,0.18719640327003528
3.044522437723423,2.854490370596126,-0.19003206712729703,0.19003206712729703
3.951243718581427,4.059242240919884,0.10799852233845719,0.10799852233845719
3.713572066704308,3.9413784132108844,0.2278063465065765,0.2278063465065765
4.330733340286331,4.411399172235352,0.08066583194902055,0.08066583194902055
4.330733340286331,4.089147627886932,-0.24158571239939874,0.24158571239939874
3.713572066704308,3.782811433731903,0.06923936702759503,0.06923936702759503
3.828641396489095,3.8228476388304475,-0.005793757658647536,0.005793757658647536
3.951243718581427,4.1221847552648905,0.1709410366834634,0.1709410366834634
3.9318256327243257,3.994839448492564,0.06301381576823806,0.06301381576823806
4.394449154672439,4.38290842415857,-0.011540730513869057,0.011540730513869057
3.4339872044851463,4.036997771485593,0.6030105670004469,0.6030105670004469
4.02535169073515,4.093664275723869,0.0683125849887194,0.0683125849887194
3.9318256327243257,3.9030473496496296,-0.028778283074696098,0.028778283074696098
3.6635616461296463,3.739006744945335,0.07544509881568873,0.07544509881568873
4.2626798770413155,3.9676396289460483,-0.2950402480952672,0.2950402480952672
4.02535169073515,3.7528798877884855,-0.2724718029466642,0.2724718029466642
4.330733340286331,4.0521594506351315,-0.27857388965119956,0.27857388965119956
4.51085950651685,4.434765276952033,-0.07609422956481637,0.07609422956481637
3.713572066704308,4.09604818957317,0.38247612286886223,0.38247612286886223
3.9318256327243257,3.648599821106888,-0.28322581161743754,0.28322581161743754
4.394449154672439,3.8503649610757043,-0.5440841935967349,0.5440841935967349
3.4339872044851463,3.304025892880551,-0.12996131160459523,0.12996131160459523
4.330733340286331,4.318089862920874,-0.012643477365457123,0.012643477365457123
3.9318256327243257,3.724802262824278,-0.20702336990004788,0.20702336990004788
3.9318256327243257,4.083004028940587,0.15117839621626095,0.15117839621626095
3.9318256327243257,4.206153263152601,0.2743276304282749,0.2743276304282749
3.5263605246161616,3.707746514527098,0.18138598991093646,0.18138598991093646
3.044522437723423,3.601218029642135,0.5566955919187122,0.5566955919187122
4.219507705176107,4.278285099531697,0.05877739435559004,0.05877739435559004
4.477336814478207,4.0521197210600315,-0.4252170934181754,0.4252170934181754
4.2626798770413155,4.152277923240986,-0.1104019538003298,0.1104019538003298
3.044522437723423,3.3134232752444,0.26890083752097693,0.26890083752097693
3.4339872044851463,3.8441565583472226,0.4101693538620763,0.4101693538620763
2.3978952727983707,3.8040678477083865,1.4061725749100158,1.4061725749100158
4.394449154672439,4.121378786528153,-0.2730703681442863,0.2730703681442863
3.828641396489095,3.9546538675120004,0.12601247102290536,0.12601247102290536
3.044522437723423,3.6661992323630987,0.6216767946396757,0.6216767946396757
2.3978952727983707,3.84981696722429,1.4519216944259195,1.4519216944259195
4.2626798770413155,4.059426410785031,-0.20325346625628438,0.20325346625628438
4.110873864173311,4.06998187102215,-0.04089199315116154,0.04089199315116154
3.9318256327243257,3.9623668945750463,0.03054126185072059,0.03054126185072059
4.204692619390966,4.106705836203909,-0.09798678318705711,0.09798678318705711
3.9318256327243257,3.8273300099796224,-0.10449562274470336,0.10449562274470336
3.044522437723423,3.7472341643762794,0.7027117266528564,0.7027117266528564
3.58351893845611,3.7336257795355734,0.15010684107946348,0.15010684107946348
4.110873864173311,4.171746851097711,0.0608729869243998,0.0608729869243998
3.713572066704308,3.867176304402326,0.15360423769801823,0.15360423769801823
4.394449154672439,4.227650119679637,-0.1667990349928017,0.1667990349928017
4.189654742026425,4.054952919757384,-0.13470182226904104,0.13470182226904104
4.394449154672439,4.192717549102308,-0.20173160557013148,0.20173160557013148
4.110873864173311,4.047455607535226,-0.06341825663808542,0.06341825663808542
4.394449154672439,4.235266465031511,-0.15918268964092785,0.15918268964092785
4.454347296253507,4.008215400221683,-0.4461318960318241,0.4461318960318241
4.0943445622221,4.132873313960369,0.03852875173826842,0.03852875173826842
3.713572066704308,3.8382896707370753,0.12471760403276733,0.12471760403276733
4.454347296253507,3.976329043003779,-0.47801825324972835,0.47801825324972835
4.51085950651685,4.300110056766038,-0.21074944975081156,0.21074944975081156
3.58351893845611,4.060145907658458,0.47662696920234815,0.47662696920234815
3.951243718581427,4.05492869764135,0.10368497905992324,0.10368497905992324
4.394449154672439,4.307088762235747,-0.08736039243669236,0.08736039243669236
3.9318256327243257,4.071083122223257,0.13925748949893135,0.13925748949893135
3.713572066704308,3.8484762579933074,0.13490419128899944,0.13490419128899944
3.4339872044851463,3.7298523299516724,0.2958651254665261,0.2958651254665261
3.4339872044851463,3.5712574132324537,0.13727020874730744,0.13727020874730744
3.713572066704308,3.9348926754323403,0.2213206087280324,0.2213206087280324
3.713572066704308,3.8141211260037564,0.10054905929944846,0.10054905929944846
4.51085950651685,3.967439302781177,-0.5434202037356726,0.5434202037356726
3.713572066704308,4.06956510953666,0.35599304283235167,0.35599304283235167
4.290459441148391,4.130514053379877,-0.15994538776851375,0.15994538776851375
4.330733340286331,3.9977094549007006,-0.33302388538563044,0.33302388538563044
4.454347296253507,4.318166564051195,-0.13618073220231253,0.13618073220231253
3.713572066704308,3.5090482543307795,-0.20452381237352846,0.20452381237352846
4.394449154672439,3.837831832292206,-0.5566173223802333,0.5566173223802333
4.330733340286331,4.3105553614972045,-0.020177978789126527,0.020177978789126527
3.9318256327243257,3.699785557861235,-0.23204007486309086,0.23204007486309086
3.258096538021482,3.716568556295633,0.45847201827415107,0.45847201827415107
3.044522437723423,3.6669619522860395,0.6224395145626165,0.6224395145626165
3.713572066704308,3.7513381045276697,0.03776603782336174,0.03776603782336174
4.110873864173311,3.933780710988599,-0.1770931531847122,0.1770931531847122
4.430816798843313,4.319337978491017,-0.11147882035229628,0.11147882035229628
3.713572066704308,3.3621475829496887,-0.3514244837546192,0.3514244837546192
3.9318256327243257,4.028659548562928,0.09683391583860201,0.09683391583860201
3.9318256327243257,3.520047608771992,-0.41177802395233387,0.41177802395233387
3.9318256327243257,3.740195024876038,-0.19163060784828767,0.19163060784828767
4.394449154672439,3.697711009505667,-0.6967381451667722,0.6967381451667722
3.044522437723423,4.457471491836371,1.4129490541129477,1.4129490541129477
4.51085950651685,4.049478904073962,-0.4613806024428877,0.4613806024428877
4.51085950651685,4.168803426934243,-0.34205607958260664,0.34205607958260664
4.394449154672439,3.9623602452841347,-0.43208890938830447,0.43208890938830447
3.9318256327243257,3.6695713860976467,-0.26225424662667907,0.26225424662667907
3.58351893845611,3.7686136391795224,0.1850947007234125,0.1850947007234125
4.330733340286331,4.127669843631479,-0.20306349665485168,0.20306349665485168
3.9318256327243257,3.953885917317034,0.022060284592708257,0.022060284592708257
4.2626798770413155,4.0370702974601285,-0.225609579581187,0.225609579581187
4.330733340286331,4.104889373884362,-0.22584396640196935,0.22584396640196935
4.330733340286331,3.9788622829326297,-0.3518710573537014,0.3518710573537014
4.454347296253507,4.378285698252934,-0.07606159800057366,0.07606159800057366
4.51085950651685,4.189296996499885,-0.3215625100169648,0.3215625100169648
3.9318256327243257,3.760676196827283,-0.17114943589704268,0.17114943589704268
3.9318256327243257,3.8515245617488607,-0.08030107097546502,0.08030107097546502
4.51085950651685,4.283347930736827,-0.22751157578002257,0.22751157578002257
3.4339872044851463,3.8330038439066874,0.3990166394215411,0.3990166394215411
3.258096538021482,3.773211322884449,0.5151147848629667,0.5151147848629667
4.454347296253507,3.9831402000068445,-0.4712070962466628,0.4712070962466628
3.9318256327243257,4.094338952315379,0.1625133195910533,0.1625133195910533
4.394449154672439,4.087407700673904,-0.30704145399853555,0.30704145399853555
3.258096538021482,3.343429452732911,0.08533291471142901,0.08533291471142901
4.51085950651685,4.555048359498267,0.04418885298141717,0.04418885298141717
4.330733340286331,3.836497565126389,-0.4942357751599422,0.4942357751599422
2.3978952727983707,3.343625969953078,0.9457306971547075,0.9457306971547075
3.9318256327243257,3.694181122087766,-0.23764451063655967,0.23764451063655967
3.9318256327243257,3.827053928180521,-0.10477170454380458,0.10477170454380458
3.713572066704308,3.961082164913968,0.24751009820966008,0.24751009820966008
3.9318256327243257,3.76244289378352,-0.16938273894080558,0.16938273894080558
3.951243718581427,4.184189308971953,0.23294559039052576,0.23294559039052576
3.713572066704308,3.9672168937658636,0.25364482706155567,0.25364482706155567
3.58351893845611,3.5091718669744023,-0.0743470714817076,0.0743470714817076
4.394449154672439,4.068269194376429,-0.3261799602960105,0.3261799602960105
4.2626798770413155,4.013902199834534,-0.2487776772067818,0.2487776772067818
3.713572066704308,3.5463259417968205,-0.16724612490748747,0.16724612490748747
4.2626798770413155,3.9576479110488325,-0.30503196599248295,0.30503196599248295
3.258096538021482,3.8744439063718,0.616347368350318,0.616347368350318
4.174387269895637,4.201736383782993,0.027349113887356502,0.027349113887356502
3.713572066704308,3.4367744988751925,-0.27679756782911547,0.27679756782911547
4.2626798770413155,4.1632174614908495,-0.09946241555046598,0.09946241555046598
3.713572066704308,3.4685254688983336,-0.24504659780597438,0.24504659780597438
3.713572066704308,3.709906744562931,-0.0036653221413769366,0.0036653221413769366
3.044522437723423,3.624365214265106,0.5798427765416831,0.5798427765416831
4.2626798770413155,4.348591768505883,0.08591189146456735,0.08591189146456735
3.9318256327243257,3.5519622634018875,-0.37986336932243825,0.37986336932243825
3.4339872044851463,3.8006847224027736,0.3666975179176273,0.3666975179176273
3.9318256327243257,3.894043337000132,-0.03778229572419356,0.03778229572419356
3.044522437723423,3.9766458001773426,0.9321233624539196,0.9321233624539196
3.5263605246161616,3.7622897181644355,0.2359291935482739,0.2359291935482739
3.1354942159291497,3.594082653323721,0.45858843739457145,0.45858843739457145
3.9318256327243257,3.9750239606269613,0.04319832790263556,0.04319832790263556
3.9318256327243257,3.7619523123956533,-0.16987332032867242,0.16987332032867242
3.044522437723423,4.115449207626859,1.0709267699034357,1.0709267699034357
3.9318256327243257,4.038720187862371,0.10689455513804491,0.10689455513804491
4.394449154672439,4.281137202474118,-0.11331195219832146,0.11331195219832146
3.9318256327243257,3.6373591837374364,-0.29446644898688934,0.29446644898688934
3.951243718581427,4.019688024965557,0.06844430638413002,0.06844430638413002
4.330733340286331,3.9058056516786266,-0.42492768860770447,0.42492768860770447
3.258096538021482,3.723180293076267,0.46508375505478483,0.46508375505478483
3.044522437723423,3.6137574356465736,0.5692349979231506,0.5692349979231506
3.044522437723423,3.2554787094218893,0.2109562716984663,0.2109562716984663
3.951243718581427,4.146304686869699,0.19506096828827157,0.19506096828827157
4.2626798770413155,4.141875783232382,-0.12080409380893364,0.12080409380893364
4.330733340286331,3.8598919777261136,-0.47084136256021747,0.47084136256021747
2.3978952727983707,4.022738320319916,1.6248430475215452,1.6248430475215452
4.110873864173311,4.370742949238167,0.25986908506485573,0.25986908506485573
4.330733340286331,3.995379490757351,-0.33535384952898006,0.33535384952898006
3.9318256327243257,4.388079685399707,0.4562540526753813,0.4562540526753813
4.110873864173311,3.8968921522773203,-0.21398171189599102,0.21398171189599102
4.51085950651685,4.176004121978638,-0.33485538453821206,0.33485538453821206
4.343805421853684,4.007482741594371,-0.3363226802593129,0.3363226802593129
3.258096538021482,3.3965615189221197,0.13846498090063752,0.13846498090063752
3.258096538021482,4.011259342199942,0.7531628041784599,0.7531628041784599
3.9318256327243257,4.008327506285854,0.07650187356152793,0.07650187356152793
4.290459441148391,4.154951402304751,-0.13550803884364004,0.13550803884364004
3.713572066704308,3.7842699547743153,0.07069788807000732,0.07069788807000732
4.394449154672439,3.803374469552108,-0.591074685120331,0.591074685120331
4.110873864173311,4.121070366950713,0.010196502777401584,0.010196502777401584
3.4339872044851463,3.9970812325131435,0.5630940280279972,0.5630940280279972
3.713572066704308,3.81072098658347,0.09714891987916197,0.09714891987916197
4.110873864173311,3.552786382834567,-0.5580874813387444,0.5580874813387444
4.564348191467836,4.018721462891311,-0.5456267285765248,0.5456267285765248
3.8918202981106265,3.9347916906220934,0.04297139251146698,0.04297139251146698
4.2626798770413155,4.022776027616977,-0.23990384942433884,0.23990384942433884
3.044522437723423,3.630336238332218,0.5858138006087952,0.5858138006087952
2.3978952727983707,3.453268755611923,1.0553734828135521,1.0553734828135521
4.02535169073515,4.114051843001385,0.0887001522662354,0.0887001522662354
3.9318256327243257,3.8975888070185856,-0.03423682570574016,0.03423682570574016
3.044522437723423,3.4103778867085515,0.36585544898512845,0.36585544898512845
4.110873864173311,4.034196389199353,-0.07667747497395805,0.07667747497395805
3.4339872044851463,3.065846457293889,-0.3681407471912572,0.3681407471912572
4.394449154672439,4.125130531990502,-0.2693186226819373,0.2693186226819373
4.564348191467836,3.895454478652741,-0.6688937128150951,0.6688937128150951
4.330733340286331,3.987454276979868,-0.3432790633064631,0.3432790633064631
4.454347296253507,4.130694018385505,-0.3236532778680026,0.3236532778680026
3.044522437723423,3.7501586659468673,0.7056362282234443,0.7056362282234443
3.258096538021482,3.535524320927551,0.27742778290606873,0.27742778290606873
4.2626798770413155,3.9930277510682157,-0.26965212597309973,0.26965212597309973
3.713572066704308,3.848061414612365,0.1344893479080569,0.1344893479080569
4.110873864173311,3.9119934036752935,-0.19888046049801789,0.19888046049801789
4.330733340286331,4.324359044225545,-0.006374296060785767,0.006374296060785767
3.713572066704308,4.025257486606675,0.31168541990236687,0.31168541990236687
3.258096538021482,3.8239401876077954,0.5658436495863133,0.5658436495863133
3.9318256327243257,4.140413605964627,0.20858797324030087,0.20858797324030087
4.553876891600541,4.20616083606334,-0.34771605553720075,0.34771605553720075
4.51085950651685,4.202395966327133,-0.30846354018971667,0.30846354018971667
4.51085950651685,4.202611125574417,-0.308248380942433,0.308248380942433
3.4339872044851463,3.5928423480705494,0.1588551435854031,0.1588551435854031
4.204692619390966,3.9258003380780853,-0.27889228131288046,0.27889228131288046
4.219507705176107,3.6989418216909145,-0.5205658834851925,0.5205658834851925
3.4339872044851463,3.8386108182802925,0.4046236137951462,0.4046236137951462
4.330733340286331,3.9886094962632668,-0.3421238440230643,0.3421238440230643
4.442651256490317,4.052055030364437,-0.3905962261258793,0.3905962261258793
4.110873864173311,3.970488137873245,-0.14038572630006652,0.14038572630006652
4.51085950651685,4.1261287659894,-0.3847307405274494,0.3847307405274494
3.9318256327243257,3.7925516085262325,-0.1392740241980932,0.1392740241980932
3.713572066704308,3.7714581034546337,0.057886036750325776,0.057886036750325776
4.499809670330265,4.151706101345812,-0.3481035689844534,0.3481035689844534
3.951243718581427,4.0842080380975085,0.13296431951608145,0.13296431951608145
4.2626798770413155,3.4586527423772715,-0.804027134664044,0.804027134664044
3.9318256327243257,3.6864980245429466,-0.2453276081813791,0.2453276081813791
3.258096538021482,3.303919539846458,0.04582300182497567,0.04582300182497567
3.713572066704308,3.864325483084011,0.15075341637970308,0.15075341637970308
3.258096538021482,3.579412425740946,0.32131588771946396,0.32131588771946396
3.9318256327243257,3.956606534636739,0.024780901912413444,0.024780901912413444
4.454347296253507,4.1271724092602975,-0.32717488699320985,0.32717488699320985
3.9318256327243257,3.9400132301154915,0.008187597391165813,0.008187597391165813
4.454347296253507,4.672135244378728,0.2177879481252205,0.2177879481252205
4.330733340286331,4.089845028681896,-0.2408883116044347,0.2408883116044347
3.044522437723423,4.036006648976678,0.9914842112532551,0.9914842112532551
2.772588722239781,3.814496449632777,1.0419077273929958,1.0419077273929958
4.465908118654584,4.171612412081511,-0.2942957065730729,0.2942957065730729
4.127134385045092,4.139583200895735,0.012448815850643058,0.012448815850643058
3.044522437723423,3.2454651563536223,0.2009427186301993,0.2009427186301993
4.454347296253507,4.278718802021774,-0.17562849423173343,0.17562849423173343
4.110873864173311,4.058354177626196,-0.05251968654711536,0.05251968654711536
4.330733340286331,4.124952875387571,-0.20578046489876023,0.20578046489876023
3.713572066704308,3.8782062917335383,0.1646342250292303,0.1646342250292303
3.713572066704308,3.9338621089207657,0.22029004221645776,0.22029004221645776
3.9318256327243257,3.656140640655828,-0.2756849920684976,0.2756849920684976
3.9318256327243257,3.632028040015502,-0.29979759270882367,0.29979759270882367
4.343805421853684,4.156073251791254,-0.18773217006243037,0.18773217006243037
4.394449154672439,3.96741155533859,-0.4270375993338491,0.4270375993338491
3.9318256327243257,4.130660107146057,0.1988344744217314,0.1988344744217314
3.4339872044851463,3.3151924201800105,-0.11879478430513579,0.11879478430513579
3.58351893845611,3.5650207185078724,-0.018498219948237526,0.018498219948237526
3.4339872044851463,4.159491862556632,0.7255046580714861,0.7255046580714861
4.110873864173311,3.826980658560698,-0.28389320561261355,0.28389320561261355
4.219507705176107,4.299967001627619,0.08045929645151162,0.08045929645151162
3.258096538021482,3.567614392753768,0.3095178547322859,0.3095178547322859
4.394449154672439,4.220092803550042,-0.17435635112239734,0.17435635112239734
3.9318256327243257,4.127149860709437,0.1953242279851115,0.1953242279851115
3.9318256327243257,3.789930610495215,-0.14189502222911088,0.14189502222911088
4.110873864173311,3.935976433269043,-0.17489743090426835,0.17489743090426835
4.204692619390966,4.089132898227079,-0.11555972116388702,0.11555972116388702
3.9318256327243257,3.88111700339155,-0.05070862933277587,0.05070862933277587
3.4339872044851463,3.698993713181763,0.2650065086966169,0.2650065086966169
3.044522437723423,3.9932958417344016,0.9487734040109785,0.9487734040109785
3.9318256327243257,3.7696654181023597,-0.16216021462196606,0.16216021462196606
2.772588722239781,3.453077258381359,0.6804885361415778,0.6804885361415778
3.951243718581427,4.12822362239612,0.17697990381469264,0.17697990381469264
3.044522437723423,3.4103778867085515,0.36585544898512845,0.36585544898512845
4.290459441148391,4.145431035260458,-0.14502840588793298,0.14502840588793298
3.9318256327243257,3.9072071105465405,-0.024618522177785263,0.024618522177785263
3.044522437723423,3.6118371462767658,0.5673147085533428,0.5673147085533428
3.58351893845611,3.7641891083520003,0.18067016989589035,0.18067016989589035
3.713572066704308,3.5697695315042575,-0.14380253520005049,0.14380253520005049
3.4339872044851463,3.8095456176913887,0.3755584132062424,0.3755584132062424
3.713572066704308,3.7711130596663565,0.05754099296204851,0.05754099296204851
3.828641396489095,3.8085701688855735,-0.020071227603521535,0.020071227603521535
3.9318256327243257,3.967439302781177,0.035613670056851454,0.035613670056851454
3.9318256327243257,3.378019186023195,-0.5538064467011306,0.5538064467011306
3.58351893845611,3.829411697746765,0.24589275929065524,0.24589275929065524
4.189654742026425,3.9426980800486047,-0.2469566619778205,0.2469566619778205
4.330733340286331,4.2513732646616065,-0.07936007562472458,0.07936007562472458
4.51085950651685,4.518951884460624,0.008092377943774487,0.008092377943774487
4.2626798770413155,3.9357636536580647,-0.32691622338325077,0.32691622338325077
3.4339872044851463,3.5480423191647033,0.11405511467955698,0.11405511467955698
4.394449154672439,4.028970470436346,-0.3654786842360931,0.3654786842360931
3.295836866004329,3.812078523678634,0.5162416576743047,0.5162416576743047
3.9318256327243257,4.013941083601345,0.08211545087701966,0.08211545087701966
4.5217885770490405,3.970780686251681,-0.5510078907973597,0.5510078907973597
4.454347296253507,4.229781977520024,-0.2245653187334833,0.2245653187334833
4.189654742026425,3.8649136677949,-0.3247410742315253,0.3247410742315253
4.330733340286331,3.739915686058748,-0.5908176542275831,0.5908176542275831
3.044522437723423,3.3432372642371018,0.29871482651367876,0.29871482651367876
4.110873864173311,3.690648791598535,-0.42022507257477626,0.42022507257477626
3.9318256327243257,3.8738004500760725,-0.05802518264825318,0.05802518264825318
4.394449154672439,4.128774886576212,-0.26567426809622674,0.26567426809622674
3.4339872044851463,3.9980252947256796,0.5640380902405333,0.5640380902405333
3.4339872044851463,3.688829536283997,0.25484233179885063,0.25484233179885063
2.3978952727983707,3.956898878952,1.5590036061536292,1.5590036061536292
3.713572066704308,3.2929216849363145,-0.4206503817679934,0.4206503817679934
3.58351893845611,3.8186406062143434,0.2351216677582335,0.2351216677582335
3.044522437723423,3.729328066063602,0.6848056283401789,0.6848056283401789
4.330733340286331,3.7833262970395896,-0.5474070432467415,0.5474070432467415
4.394449154672439,4.267938101833403,-0.12651105283903608,0.12651105283903608
3.951243718581427,4.059242240919884,0.10799852233845719,0.10799852233845719
4.394449154672439,4.199299499170667,-0.19514965550177177,0.19514965550177177
4.290459441148391,4.080085496637373,-0.21037394451101754,0.21037394451101754
3.044522437723423,3.7770414573424698,0.7325190196190468,0.7325190196190468
2.833213344056216,3.1680176411923875,0.3348042971361713,0.3348042971361713
3.9318256327243257,3.4510720994050628,-0.48075353331926296,0.48075353331926296
3.9318256327243257,3.965551970485324,0.033726337760998426,0.033726337760998426
4.290459441148391,4.119540994586286,-0.17091844656210498,0.17091844656210498
4.394449154672439,4.214286768017155,-0.18016238665528395,0.18016238665528395
3.951243718581427,4.180390601070718,0.2291468824892906,0.2291468824892906
4.343805421853684,4.323376773552418,-0.020428648301265895,0.020428648301265895
3.4339872044851463,3.3918957916216668,-0.042091412863479505,0.042091412863479505
3.044522437723423,3.4537547041447856,0.40923226642136257,0.40923226642136257
4.394449154672439,4.046366315299351,-0.34808283937308815,0.34808283937308815
4.330733340286331,4.220039753040065,-0.11069358724626621,0.11069358724626621
3.258096538021482,3.676832474873157,0.41873593685167476,0.41873593685167476
3.713572066704308,4.186242959375193,0.4726708926708847,0.4726708926708847
3.9318256327243257,3.8448651428793754,-0.0869604898449503,0.0869604898449503
2.3978952727983707,3.9911739433014413,1.5932786705030706,1.5932786705030706
3.58351893845611,3.759562205677181,0.176043267221071,0.176043267221071
3.9318256327243257,3.823326847800108,-0.1084987849242176,0.1084987849242176
4.2626798770413155,4.397645025361868,0.1349651483205525,0.1349651483205525
3.713572066704308,4.238091031432743,0.5245189647284354,0.5245189647284354
4.110873864173311,3.933548713907153,-0.17732515026615836,0.17732515026615836
3.4339872044851463,3.9112124904956107,0.47722528601046443,0.47722528601046443
4.330733340286331,3.9670146943859823,-0.36371864590034875,0.36371864590034875
3.713572066704308,4.139827304130393,0.4262552374260853,0.4262552374260853
4.330733340286331,4.039886028945055,-0.2908473113412757,0.2908473113412757
3.9318256327243257,3.701966680077434,-0.2298589526468917,0.2298589526468917
4.394449154672439,4.180498221311782,-0.21395093336065685,0.21395093336065685
2.772588722239781,3.0281268747375423,0.25553815249776113,0.25553815249776113
2.3978952727983707,3.8734523412224124,1.4755570684240418,1.4755570684240418
2.3978952727983707,3.503376244038801,1.1054809712404303,1.1054809712404303
4.2626798770413155,4.286811187690151,0.024131310648835225,0.024131310648835225
2.3978952727983707,3.388800129948482,0.9909048571501113,0.9909048571501113
4.394449154672439,3.902687355421155,-0.49176179925128416,0.49176179925128416
4.454347296253507,4.486801842967055,0.03245454671354775,0.03245454671354775
4.394449154672439,4.108593420576769,-0.2858557340956702,0.2858557340956702
3.713572066704308,3.7663888623513975,0.05281679564708952,0.05281679564708952
3.713572066704308,3.5551794158628707,-0.15839265084143728,0.15839265084143728
3.9318256327243257,3.795300529396319,-0.13652510332800682,0.13652510332800682
3.9318256327243257,3.9514591862164705,0.019633553492144795,0.019633553492144795
4.2626798770413155,3.9655839487906066,-0.29709592825070885,0.29709592825070885
4.110873864173311,3.886074699325754,-0.22479916484755735,0.22479916484755735
3.4339872044851463,3.308675956596031,-0.1253112478891154,0.1253112478891154
4.110873864173311,4.012196052586652,-0.09867781158665956,0.09867781158665956
3.951243718581427,3.9529100255137104,0.0016663069322833124,0.0016663069322833124
3.951243718581427,4.240701924606412,0.2894582060249853,0.2894582060249853
4.110873864173311,3.9729799753207304,-0.13789388885258091,0.13789388885258091
4.2626798770413155,4.230002065827502,-0.03267781121381308,0.03267781121381308
3.58351893845611,3.799483536098709,0.215964597642599,0.215964597642599
4.110873864173311,3.439998211501594,-0.6708756526717172,0.6708756526717172
4.394449154672439,4.282987451754464,-0.11146170291797475,0.11146170291797475
3.258096538021482,2.9325237902322234,-0.3255727477892587,0.3255727477892587
2.772588722239781,3.5162906244704746,0.7437019022306934,0.7437019022306934
4.394449154672439,3.9828847804012453,-0.41156437427119386,0.41156437427119386
3.9318256327243257,3.967439302781177,0.035613670056851454,0.035613670056851454
3.258096538021482,4.026154122454244,0.768057584432762,0.768057584432762
4.330733340286331,3.957782193114715,-0.37295114717161626,0.37295114717161626
4.394449154672439,4.374131819379454,-0.02031733529298485,0.02031733529298485
3.951243718581427,3.9181840408491975,-0.03305967773222962,0.03305967773222962
3.951243718581427,4.020715527104906,0.06947180852347934,0.06947180852347934
3.9318256327243257,3.6422675534941664,-0.2895580792301593,0.2895580792301593
2.3978952727983707,4.3374150876208155,1.9395198148224448,1.9395198148224448
4.51085950651685,4.158342301132432,-0.35251720538441766,0.35251720538441766
4.418840607796598,4.282249552178615,-0.13659105561798324,0.13659105561798324
4.330733340286331,3.8477665274498145,-0.48296681283651655,0.48296681283651655
3.044522437723423,3.4103778867085515,0.36585544898512845,0.36585544898512845
4.394449154672439,3.9959950501736605,-0.3984541044987786,0.3984541044987786
3.951243718581427,4.208896405391377,0.25765268680994957,0.25765268680994957
3.9318256327243257,4.076076897237903,0.1442512645135774,0.1442512645135774
3.951243718581427,4.191482278741808,0.24023856016038092,0.24023856016038092
3.9318256327243257,3.655073393036261,-0.2767522396880646,0.2767522396880646
4.110873864173311,4.0956148426027275,-0.015259021570583897,0.015259021570583897
4.51085950651685,4.24535954769649,-0.26549995882036015,0.26549995882036015
4.330733340286331,3.973064858565052,-0.3576684817212792,0.3576684817212792
3.4657359027997265,3.8972136925423047,0.4314777897425781,0.4314777897425781
4.51085950651685,4.367252246079693,-0.14360726043715655,0.14360726043715655
4.110873864173311,4.135371890612631,0.02449802643931953,0.02449802643931953
4.2626798770413155,3.9413784132108844,-0.321301463830431,0.321301463830431
4.394449154672439,4.327330114425893,-0.06711904024654647,0.06711904024654647
3.4339872044851463,3.9935706179520625,0.5595834134669162,0.5595834134669162
4.51085950651685,4.504087932706788,-0.0067715738100613265,0.0067715738100613265
4.02535169073515,3.9190141388486515,-0.10633755188649818,0.10633755188649818
4.2626798770413155,4.1969708459151605,-0.065709031126155,0.065709031126155
3.4339872044851463,3.737388653070294,0.3034014485851477,0.3034014485851477
3.258096538021482,3.4910876560323527,0.23299111801087058,0.23299111801087058
4.290459441148391,4.150241534446089,-0.1402179067023024,0.1402179067023024
4.454347296253507,4.245969762035019,-0.2083775342184886,0.2083775342184886
3.713572066704308,3.5601951682673114,-0.15337689843699653,0.15337689843699653
4.454347296253507,4.0857705955016455,-0.3685767007518619,0.3685767007518619
4.110873864173311,3.950213156954846,-0.16066070721846515,0.16066070721846515
3.9318256327243257,3.700851170292296,-0.2309744624320298,0.2309744624320298
4.330733340286331,3.9710929975105227,-0.35964034277580836,0.35964034277580836
3.9318256327243257,3.7198957383893463,-0.21192989433497944,0.21192989433497944
4.394449154672439,3.922261741395919,-0.47218741327652003,0.47218741327652003
2.772588722239781,3.6796149698508653,0.9070262476110842,0.9070262476110842
4.394449154672439,4.451322138879748,0.0568729842073088,0.0568729842073088
4.394449154672439,4.0627379058454895,-0.3317112488269496,0.3317112488269496
3.951243718581427,4.156227253671782,0.2049835350903546,0.2049835350903546
3.9318256327243257,3.9297079116538534,-0.002117721070472367,0.002117721070472367
3.9318256327243257,4.031739130739751,0.0999134980154257,0.0999134980154257
4.2626798770413155,3.9867190454577077,-0.27596083158360774,0.27596083158360774
3.9318256327243257,3.838372780303173,-0.09345285242115287,0.09345285242115287
3.4339872044851463,3.8473954609136864,0.4134082564285402,0.4134082564285402
4.394449154672439,4.23870602868871,-0.1557431259837294,0.1557431259837294
4.465908118654584,4.173947170190255,-0.29196094846432885,0.29196094846432885
4.499809670330265,4.159948107385217,-0.3398615629450479,0.3398615629450479
4.02535169073515,3.5904027811798214,-0.4349489095553283,0.4349489095553283
3.044522437723423,3.7919799530065523,0.7474575152831293,0.7474575152831293
4.330733340286331,4.141542930753421,-0.18919040953290978,0.18919040953290978
3.9318256327243257,3.9645451332523165,0.032719500527990775,0.032719500527990775
3.951243718581427,4.30020660642687,0.3489628878454427,0.3489628878454427
4.189654742026425,3.376246713173635,-0.8134080288527903,0.8134080288527903
2.3978952727983707,4.082339237699623,1.6844439649012521,1.6844439649012521
4.2626798770413155,4.1317869553707025,-0.13089292167061295,0.13089292167061295
4.189654742026425,3.8293306932889153,-0.3603240487375099,0.3603240487375099
3.9318256327243257,3.8866512269109745,-0.04517440581335119,0.04517440581335119
4.2626798770413155,3.817391628993795,-0.44528824804752043,0.44528824804752043
4.330733340286331,3.884635429374004,-0.44609791091232687,0.44609791091232687
3.044522437723423,3.059299009084115,0.014776571360691992,0.014776571360691992
3.9318256327243257,3.9847661101448093,0.05294047742048358,0.05294047742048358
4.2626798770413155,3.786261936572835,-0.4764179404684805,0.4764179404684805
3.044522437723423,3.754310415640619,0.7097879779171961,0.7097879779171961
4.499809670330265,4.187270737862407,-0.3125389324678576,0.3125389324678576
4.454347296253507,4.056966803394141,-0.3973804928593667,0.3973804928593667
3.258096538021482,4.030283568685603,0.7721870306641212,0.7721870306641212
3.951243718581427,3.9722504956276907,0.021006777046263636,0.021006777046263636
3.4339872044851463,3.6074098606333234,0.1734226561481771,0.1734226561481771
4.394449154672439,4.131598657133803,-0.2628504975386363,0.2628504975386363
3.713572066704308,3.962801152990116,0.24922908628580798,0.24922908628580798
3.044522437723423,3.2840283168857747,0.23950587916235166,0.23950587916235166
4.394449154672439,4.145846839176235,-0.24860231549620426,0.24860231549620426
4.248495242049359,3.9755918841247486,-0.27290335792461073,0.27290335792461073
3.9318256327243257,3.7194981141901904,-0.21232751853413534,0.21232751853413534
4.2626798770413155,4.171397420546674,-0.09128245649464173,0.09128245649464173
3.4339872044851463,3.8124635573171455,0.3784763528319992,0.3784763528319992
3.4339872044851463,3.7774729995130505,0.3434857950279042,0.3434857950279042
3.044522437723423,3.319006932319272,0.2744844945958489,0.2744844945958489
3.044522437723423,3.9095141862213745,0.8649917484979515,0.8649917484979515
3.951243718581427,4.252061912754079,0.30081819417265176,0.30081819417265176
4.394449154672439,4.168645716298777,-0.2258034383736618,0.2258034383736618
3.258096538021482,3.9126667917808287,0.6545702537593465,0.6545702537593465
3.4339872044851463,3.505217300431699,0.07123009594655283,0.07123009594655283
4.2626798770413155,3.975236364124445,-0.2874435129168704,0.2874435129168704
4.330733340286331,4.228189347255729,-0.10254399303060246,0.10254399303060246
4.248495242049359,4.0117614916946085,-0.23673375035475086,0.23673375035475086
4.2626798770413155,3.828567704189111,-0.4341121728522044,0.4341121728522044
3.713572066704308,4.0951665016773156,0.3815944349730076,0.3815944349730076
4.330733340286331,3.936591608049463,-0.3941417322368679,0.3941417322368679
3.9318256327243257,3.9374517226759425,0.005626089951616731,0.005626089951616731
3.951243718581427,4.166354599514867,0.2151108809334401,0.2151108809334401
4.110873864173311,4.2738194742528535,0.1629456100795421,0.1629456100795421
4.394449154672439,4.059944885541202,-0.3345042691312372,0.3345042691312372
4.290459441148391,4.117368997251228,-0.17309044389716277,0.17309044389716277
4.454347296253507,4.32217061598948,-0.13217668026402762,0.13217668026402762
3.9318256327243257,4.045615183351824,0.1137895506274984,0.1137895506274984
4.394449154672439,4.199086592566001,-0.1953625621064381,0.1953625621064381
4.2626798770413155,3.9020665051257515,-0.360613371915564,0.360613371915564
4.454347296253507,4.244456535600091,-0.20989076065341639,0.20989076065341639
2.772588722239781,3.818833984012771,1.0462452617729898,1.0462452617729898
3.9318256327243257,4.005837945807611,0.07401231308328571,0.07401231308328571
4.454347296253507,4.050341245859701,-0.4040060503938063,0.4040060503938063
4.2626798770413155,3.726486122013839,-0.5361937550274765,0.5361937550274765
4.189654742026425,4.124122030491838,-0.06553271153458695,0.06553271153458695
4.454347296253507,4.147802235500045,-0.30654506075346255,0.30654506075346255
3.9318256327243257,3.9645451332523165,0.032719500527990775,0.032719500527990775
4.2626798770413155,4.1106946779235916,-0.1519851991177239,0.1519851991177239
4.2626798770413155,4.200312931707823,-0.062366945333492296,0.062366945333492296
3.9318256327243257,3.7817697029879977,-0.15005592973632798,0.15005592973632798
3.4339872044851463,3.827757564410396,0.39377035992524956,0.39377035992524956
3.9318256327243257,3.97207423641615,0.04024860369182415,0.04024860369182415
4.394449154672439,4.4797798019910005,0.08533064731856133,0.08533064731856133
4.330733340286331,4.058331256147679,-0.2724020841386521,0.2724020841386521
3.258096538021482,3.797979110071808,0.5398825720503257,0.5398825720503257
3.044522437723423,4.141662139613323,1.0971397018898998,1.0971397018898998
4.330733340286331,3.953569521865802,-0.37716381842052904,0.37716381842052904
3.713572066704308,3.856435840441837,0.1428637737375289,0.1428637737375289
3.58351893845611,3.821837100921944,0.23831816246583415,0.23831816246583415
4.110873864173311,3.962068666454754,-0.14880519771855738,0.14880519771855738
4.189654742026425,4.059006595743264,-0.13064814628316146,0.13064814628316146
3.9318256327243257,3.9353628314301927,0.003537198705866995,0.003537198705866995
4.2626798770413155,4.05879124412226,-0.2038886329190559,0.2038886329190559
4.3694478524670215,4.088654427928006,-0.28079342453901557,0.28079342453901557
4.51085950651685,4.05603731933282,-0.4548221871840301,0.4548221871840301
3.9318256327243257,4.026717594959588,0.0948919622352622,0.0948919622352622
4.2626798770413155,4.294179548493853,0.03149967145253729,0.03149967145253729
3.9318256327243257,3.8458099413805984,-0.08601569134372733,0.08601569134372733
3.951243718581427,4.139391112702776,0.18814739412134873,0.18814739412134873
2.3978952727983707,3.6547259982662634,1.2568307254678928,1.2568307254678928
3.951243718581427,4.129414253464748,0.17817053488332135,0.17817053488332135
2.70805020110221,4.055999882949324,1.3479496818471142,1.3479496818471142
3.9318256327243257,3.4528072413701842,-0.4790183913541415,0.4790183913541415
4.454347296253507,4.097086946957005,-0.3572603492965021,0.3572603492965021
3.9318256327243257,4.027774310316296,0.09594867759197045,0.09594867759197045
3.9318256327243257,3.995619511694438,0.06379387897011224,0.06379387897011224
3.9318256327243257,4.1430373885262926,0.21121175580196683,0.21121175580196683
3.951243718581427,4.177810725603916,0.22656700702248855,0.22656700702248855
3.951243718581427,4.13902592530366,0.18778220672223256,0.18778220672223256
3.044522437723423,3.983318143187194,0.9387957054637708,0.9387957054637708
4.330733340286331,3.9346312289958925,-0.3961021112904386,0.3961021112904386
3.4339872044851463,4.061162643390681,0.6271754389055344,0.6271754389055344
3.9318256327243257,4.03987254826973,0.10804691554540424,0.10804691554540424
3.9318256327243257,3.8060744017616264,-0.12575123096269936,0.12575123096269936
3.9318256327243257,4.0435958645654955,0.11177023184116974,0.11177023184116974
4.330733340286331,4.228778064477662,-0.10195527580866948,0.10195527580866948
4.394449154672439,4.10141384401056,-0.29303531066187904,0.29303531066187904
3.713572066704308,3.861186517883385,0.14761445117907712,0.14761445117907712
4.394449154672439,4.44088737212162,0.04643821744918064,0.04643821744918064
4.110873864173311,3.5311774142507035,-0.5796964499226078,0.5796964499226078
4.394449154672439,4.016557835822758,-0.37789131884968086,0.37789131884968086
3.9318256327243257,3.9670995509812674,0.035273918256941705,0.035273918256941705
4.330733340286331,4.4939688054821385,0.16323546519580745,0.16323546519580745
4.110873864173311,3.7849110380783015,-0.3259628260950098,0.3259628260950098
4.394449154672439,3.9750742941438295,-0.4193748605286096,0.4193748605286096
4.51085950651685,4.065714565713447,-0.44514494080340317,0.44514494080340317
3.713572066704308,3.2929216849363145,-0.4206503817679934,0.4206503817679934
4.219507705176107,4.2025218634298085,-0.01698584174629847,0.01698584174629847
4.330733340286331,4.086115821034995,-0.244617519251336,0.244617519251336
4.382026634673881,4.117550150459586,-0.2644764842142955,0.2644764842142955
4.219507705176107,4.062405301253532,-0.15710240392257457,0.15710240392257457
3.713572066704308,3.8155392939587003,0.10196722725439233,0.10196722725439233
4.394449154672439,4.024910027816576,-0.3695391268558632,0.3695391268558632
3.951243718581427,4.1063857892034274,0.15514207062200036,0.15514207062200036
3.58351893845611,4.185574177747078,0.6020552392909684,0.6020552392909684
3.951243718581427,4.202575226184811,0.25133150760338374,0.25133150760338374
4.330733340286331,4.206445611099285,-0.12428772918704567,0.12428772918704567
3.58351893845611,3.8829529121510986,0.2994339736949887,0.2994339736949887
4.394449154672439,4.251591002561158,-0.14285815211128128,0.14285815211128128
3.713572066704308,3.6015059258691204,-0.11206614083518751,0.11206614083518751
4.189654742026425,4.042598297634919,-0.1470564443915059,0.1470564443915059
2.3978952727983707,3.8184178246149045,1.4205225518165339,1.4205225518165339
3.044522437723423,3.8833530477858798,0.8388306100624567,0.8388306100624567
4.454347296253507,4.071155043729634,-0.3831922525238731,0.3831922525238731
4.465908118654584,4.268829019558594,-0.19707909909598964,0.19707909909598964
3.4339872044851463,3.414867966233826,-0.019119238251320336,0.019119238251320336
4.394449154672439,3.8416661637143443,-0.5527829909580948,0.5527829909580948
4.532599493153256,4.112245826469944,-0.42035366668331253,0.42035366668331253
4.330733340286331,4.039888715919816,-0.2908446243665148,0.2908446243665148
4.2626798770413155,3.6914592840048135,-0.571220593036502,0.571220593036502
3.5263605246161616,3.357564371832791,-0.16879615278337035,0.16879615278337035
3.9318256327243257,3.894495108069373,-0.03733052465495268,0.03733052465495268
4.330733340286331,3.7506812147455837,-0.5800521255407474,0.5800521255407474
2.3978952727983707,4.144699891889632,1.746804619091261,1.746804619091261
4.2626798770413155,3.8086471878890045,-0.454032689152311,0.454032689152311
4.477336814478207,4.316737517252093,-0.16059929722611344,0.16059929722611344
3.951243718581427,4.159380827012172,0.20813710843074507,0.20813710843074507
4.2626798770413155,3.9184153192902897,-0.3442645577510257,0.3442645577510257
4.394449154672439,4.389599851636804,-0.004849303035634911,0.004849303035634911
3.713572066704308,3.796548467935825,0.08297640123151684,0.08297640123151684
3.4339872044851463,3.595359551009454,0.16137234652430754,0.16137234652430754
4.394449154672439,4.194813853564437,-0.19963530110800232,0.19963530110800232
4.2626798770413155,3.9992105371580333,-0.26346933988328214,0.26346933988328214
3.9318256327243257,3.6122623127370224,-0.31956331998730336,0.31956331998730336
3.9318256327243257,3.789640664263894,-0.14218496846043172,0.14218496846043172
4.51085950651685,4.077893278123869,-0.4329662283929805,0.4329662283929805
4.394449154672439,4.662272848997304,0.2678236943248651,0.2678236943248651
2.3978952727983707,3.3621475829496887,0.9642523101513181,0.9642523101513181
4.330733340286331,4.244520781023218,-0.08621255926311289,0.08621255926311289
4.110873864173311,3.99483317209105,-0.1160406920822612,0.1160406920822612
4.394449154672439,4.080638694529991,-0.31381046014244784,0.31381046014244784
3.9318256327243257,4.0373085431734275,0.10548291044910174,0.10548291044910174
4.110873864173311,3.9576368492759126,-0.15323701489739872,0.15323701489739872
4.2626798770413155,3.962978143250792,-0.29970173379052367,0.29970173379052367
4.110873864173311,3.549065601952667,-0.5618082622206444,0.5618082622206444
3.951243718581427,4.573335911927018,0.6220921933455905,0.6220921933455905
2.9444389791664403,3.7356336349432873,0.791194655776847,0.791194655776847
3.9318256327243257,3.993793856724064,0.061968223999738115,0.061968223999738115
3.9318256327243257,3.696924237338776,-0.23490139538554988,0.23490139538554988
3.258096538021482,4.179873379167606,0.9217768411461242,0.9217768411461242
4.31748811353631,4.058243646616392,-0.25924446691991854,0.25924446691991854
3.218875824868201,4.161244541170848,0.9423687163026466,0.9423687163026466
4.454347296253507,3.9078924812893785,-0.5464548149641288,0.5464548149641288
3.713572066704308,3.760545374991087,0.04697330828677915,0.04697330828677915
3.8918202981106265,3.6637783176686987,-0.2280419804419278,0.2280419804419278
4.51085950651685,4.262429449107963,-0.24843005740888646,0.24843005740888646
4.454347296253507,4.095011063795224,-0.3593362324582836,0.3593362324582836
3.258096538021482,3.3323279376333397,0.07423139961185754,0.07423139961185754
4.2626798770413155,4.044358828217178,-0.21832104882413716,0.21832104882413716
4.442651256490317,4.116640205522122,-0.3260110509681944,0.3260110509681944
3.4339872044851463,3.440602940393878,0.006615735908731768,0.006615735908731768
3.9318256327243257,4.035258879474477,0.10343324675015131,0.10343324675015131
4.51085950651685,4.1213447123211875,-0.38951479419566226,0.38951479419566226
3.044522437723423,3.500090536266231,0.4555680985428081,0.4555680985428081
3.9318256327243257,3.8886216903267563,-0.04320394239756942,0.04320394239756942
4.330733340286331,3.922762273517443,-0.40797106676888806,0.40797106676888806
4.51085950651685,4.067149557445073,-0.44370994907177685,0.44370994907177685
3.044522437723423,3.508695641435012,0.4641732037115891,0.4641732037115891
4.110873864173311,4.203330006181318,0.09245614200800656,0.09245614200800656
4.465908118654584,4.0012454723145225,-0.46466264634006116,0.46466264634006116
4.110873864173311,4.430608128883405,0.31973426471009336,0.31973426471009336
3.58351893845611,3.41297256865524,-0.1705463698008698,0.1705463698008698
3.9318256327243257,3.798821885578592,-0.1330037471457337,0.1330037471457337
4.110873864173311,3.762200093611967,-0.3486737705613443,0.3486737705613443
3.713572066704308,3.86203701566732,0.14846494896301188,0.14846494896301188
3.044522437723423,4.011183456410512,0.966661018687089,0.966661018687089
4.330733340286331,3.886406980452083,-0.44432635983424795,0.44432635983424795
4.394449154672439,4.0248188942522924,-0.3696302604201467,0.3696302604201467
3.58351893845611,3.7330220822460536,0.14950314378994367,0.14950314378994367
4.394449154672439,3.9430205596641628,-0.45142859500827637,0.45142859500827637
3.9318256327243257,4.1923353824053535,0.2605097496810278,0.2605097496810278
3.9318256327243257,4.007578176491852,0.07575254376752616,0.07575254376752616
4.465908118654584,4.306655723841318,-0.15925239481326603,0.15925239481326603
3.713572066704308,3.800386943675539,0.08681487697123114,0.08681487697123114
3.044522437723423,3.9841981968605644,0.9396757591371414,0.9396757591371414
3.9318256327243257,3.780889277835556,-0.15093635488876966,0.15093635488876966
4.110873864173311,4.128529976120129,0.01765611194681771,0.01765611194681771
4.394449154672439,3.9750742941438295,-0.4193748605286096,0.4193748605286096
4.330733340286331,4.176913015520123,-0.15382032476620822,0.15382032476620822
3.713572066704308,3.7772549314695443,0.06368286476523632,0.06368286476523632
3.044522437723423,3.5587923519481475,0.5142699142247245,0.5142699142247245
4.330733340286331,3.8399522165602917,-0.4907811237260393,0.4907811237260393
3.9318256327243257,3.706324760435237,-0.22550087228908877,0.22550087228908877
4.454347296253507,4.151709473532574,-0.302637822720933,0.302637822720933
3.951243718581427,4.104019977912167,0.15277625933074024,0.15277625933074024
4.394449154672439,3.9477656386423083,-0.4466835160301308,0.4466835160301308
3.951243718581427,4.378465410352502,0.4272216917710745,0.4272216917710745
3.9318256327243257,3.780889277835556,-0.15093635488876966,0.15093635488876966
3.9318256327243257,3.967439302781177,0.035613670056851454,0.035613670056851454
3.58351893845611,3.273280575235918,-0.3102383632201917,0.3102383632201917
3.9318256327243257,3.9561668535366707,0.02434122081234502,0.02434122081234502
3.9318256327243257,3.5615366266388326,-0.3702890060854931,0.3702890060854931
3.9318256327243257,3.837831832292206,-0.09399380043211991,0.09399380043211991
4.51085950651685,4.139258883654432,-0.3716006228624176,0.3716006228624176
3.58351893845611,3.653321035910533,0.0698020974544229,0.0698020974544229
3.951243718581427,4.178511315859503,0.22726759727807622,0.22726759727807622
4.189654742026425,3.715588948877131,-0.4740657931492942,0.4740657931492942
4.189654742026425,3.5222448087235128,-0.6674099333029124,0.6674099333029124
3.258096538021482,4.245665712044477,0.9875691740229953,0.9875691740229953
3.4339872044851463,3.8890076528872557,0.4550204484021094,0.4550204484021094
3.951243718581427,4.209772188207325,0.25852846962589826,0.25852846962589826
3.4339872044851463,3.825818225506519,0.3918310210213729,0.3918310210213729
3.4339872044851463,3.5290068905847587,0.09501968609961242,0.09501968609961242
3.044522437723423,3.97633046268667,0.9318080249632468,0.9318080249632468
4.394449154672439,4.005028833724654,-0.3894203209477851,0.3894203209477851
4.189654742026425,3.899216126427429,-0.2904386155989962,0.2904386155989962
4.454347296253507,4.055855327712401,-0.3984919685411059,0.3984919685411059
3.951243718581427,4.17182019936983,0.2205764807884032,0.2205764807884032
4.2626798770413155,4.016567120991228,-0.24611275605008753,0.24611275605008753
4.394449154672439,4.076344959174232,-0.3181041954982069,0.3181041954982069
3.58351893845611,3.9906640171803693,0.4071450787242594,0.4071450787242594
4.454347296253507,4.23285866641092,-0.22148862984258777,0.22148862984258777
3.4339872044851463,3.7282617507530267,0.2942745462678804,0.2942745462678804
3.044522437723423,3.770347531836013,0.7258250941125901,0.7258250941125901
3.9318256327243257,3.735071647571643,-0.19675398515268272,0.19675398515268272
4.499809670330265,4.097008221013528,-0.4028014493167369,0.4028014493167369
4.110873864173311,3.4839405840953344,-0.626933280077977,0.626933280077977
3.4339872044851463,3.5335105336596118,0.09952332917446549,0.09952332917446549
4.394449154672439,3.9239016448545607,-0.4705475098178784,0.4705475098178784
4.394449154672439,3.958452645497292,-0.4359965091751472,0.4359965091751472
3.9318256327243257,3.668268753687513,-0.2635568790368126,0.2635568790368126
3.9318256327243257,3.967439302781177,0.035613670056851454,0.035613670056851454
3.044522437723423,3.335600990735257,0.29107855301183383,0.29107855301183383
3.713572066704308,4.2535848046008145,0.5400127378965065,0.5400127378965065
3.7612001156935624,3.428313276973996,-0.3328868387195665,0.3328868387195665
4.2626798770413155,4.077764548724971,-0.18491532831634405,0.18491532831634405
3.9318256327243257,3.915048352725277,-0.016777279999048655,0.016777279999048655
4.51085950651685,4.257506755703491,-0.2533527508133586,0.2533527508133586
4.394449154672439,4.208476081060004,-0.18597307361243498,0.18597307361243498
3.9318256327243257,3.939335111717541,0.00750947899321508,0.00750947899321508
4.110873864173311,3.9901078119905518,-0.1207660521827596,0.1207660521827596
3.713572066704308,3.574978160438688,-0.13859390626562007,0.13859390626562007
3.58351893845611,3.800559221645718,0.2170402831896081,0.2170402831896081
3.9318256327243257,3.661320281327785,-0.27050535139654075,0.27050535139654075
3.9318256327243257,3.5671816154108837,-0.364644017313442,0.364644017313442
4.51085950651685,4.090888909888451,-0.4199705966283984,0.4199705966283984
4.330733340286331,4.014903369053816,-0.3158299712325148,0.3158299712325148
4.48863636973214,4.076447902874746,-0.4121884668573941,0.4121884668573941
4.290459441148391,4.408938011964575,0.11847857081618418,0.11847857081618418
4.51085950651685,4.352063411878863,-0.15879609463798694,0.15879609463798694
3.9318256327243257,4.037838378038007,0.10601274531368121,0.10601274531368121
4.330733340286331,4.202653851935109,-0.12807948835122218,0.12807948835122218
4.394449154672439,3.952249792484604,-0.4421993621878353,0.4421993621878353
3.713572066704308,3.9885131925493837,0.2749411258450758,0.2749411258450758
3.9318256327243257,4.000786316665586,0.0689606839412602,0.0689606839412602
3.044522437723423,3.886863190274024,0.842340752550601,0.842340752550601
3.9318256327243257,4.070112713377923,0.13828708065359718,0.13828708065359718
3.9318256327243257,3.7330717243578695,-0.19875390836645623,0.19875390836645623
3.4339872044851463,3.567890734663208,0.13390353017806156,0.13390353017806156
3.4339872044851463,3.2856407466166933,-0.14834645786845302,0.14834645786845302
3.58351893845611,3.810157129193252,0.22663819073714198,0.22663819073714198
3.4339872044851463,3.6502371410343963,0.21624993654925007,0.21624993654925007
2.772588722239781,3.098394333763478,0.3258056115236969,0.3258056115236969
3.58351893845611,3.5011587831304114,-0.08236015532569851,0.08236015532569851
4.394449154672439,4.081136458498268,-0.31331269617417146,0.31331269617417146
3.713572066704308,4.076732905357339,0.36316083865303117,0.36316083865303117
4.382026634673881,4.1624376149405,-0.21958901973338119,0.21958901973338119
3.9318256327243257,3.6950460430391727,-0.236779589685153,0.236779589685153
3.9318256327243257,3.9232977436987326,-0.008527889025593094,0.008527889025593094
3.258096538021482,3.5660552588068652,0.3079587207853831,0.3079587207853831
4.30406509320417,4.203360900734178,-0.10070419246999229,0.10070419246999229
3.9318256327243257,3.509216515855207,-0.42260911686911884,0.42260911686911884
3.713572066704308,3.4227921452178873,-0.2907799214864206,0.2907799214864206
4.330733340286331,4.016361082217475,-0.3143722580688557,0.3143722580688557
4.454347296253507,4.419970361632335,-0.03437693462117242,0.03437693462117242
4.290459441148391,4.281696048698521,-0.008763392449870011,0.008763392449870011
4.110873864173311,3.8939556612168698,-0.2169182029564416,0.2169182029564416
4.394449154672439,4.2010377685715445,-0.1934113861008946,0.1934113861008946
3.9318256327243257,4.057684797406623,0.12585916468229685,0.12585916468229685
3.4339872044851463,4.0995133973341416,0.6655261928489953,0.6655261928489953
4.189654742026425,3.7528477178637125,-0.43680702416271266,0.43680702416271266
4.110873864173311,4.044235999549891,-0.06663786462342003,0.06663786462342003
3.5553480614894135,3.081905950286159,-0.4734421112032545,0.4734421112032545
4.394449154672439,4.158942262103374,-0.23550689256906487,0.23550689256906487
3.9318256327243257,4.125420646208946,0.19359501348462027,0.19359501348462027
4.330733340286331,4.227758014246881,-0.10297532603945037,0.10297532603945037
4.430816798843313,3.9979984424475044,-0.432818356395809,0.432818356395809
3.4339872044851463,3.342592521864101,-0.09139468262104522,0.09139468262104522
3.044522437723423,3.4698511353722052,0.42532869764878223,0.42532869764878223
3.5263605246161616,3.830357133769524,0.3039966091533626,0.3039966091533626
3.951243718581427,4.13893288511647,0.1876891665350433,0.1876891665350433
4.110873864173311,3.654562694629803,-0.4563111695435085,0.4563111695435085
4.330733340286331,3.9696164700482965,-0.3611168702380345,0.3611168702380345
4.394449154672439,4.440380812267568,0.04593165759512896,0.04593165759512896
3.9318256327243257,3.978935185075387,0.04710955235106118,0.04710955235106118
4.394449154672439,4.501109548407477,0.1066603937350381,0.1066603937350381
3.9318256327243257,3.867342279576496,-0.06448335314782971,0.06448335314782971
4.330733340286331,3.9530165473116208,-0.3777167929747103,0.3777167929747103
4.51085950651685,4.22940242996566,-0.2814570765511899,0.2814570765511899
3.044522437723423,3.857374751624536,0.812852313901113,0.812852313901113
3.9318256327243257,3.900998412189229,-0.03082722053509679,0.03082722053509679
4.394449154672439,4.126952796589483,-0.2674963580829557,0.2674963580829557
3.9318256327243257,3.6321128576484285,-0.2997127750758972,0.2997127750758972
3.258096538021482,3.416227872085745,0.15813133406426294,0.15813133406426294
4.2626798770413155,4.0091021331570165,-0.253577743884299,0.253577743884299
4.330733340286331,4.2695634055539715,-0.06116993473235954,0.06116993473235954
3.9318256327243257,3.5615366266388326,-0.3702890060854931,0.3702890060854931
3.713572066704308,3.652803570051163,-0.060768496653144766,0.060768496653144766
3.4339872044851463,3.4563839281064834,0.022396723621337156,0.022396723621337156
3.58351893845611,3.694047584327217,0.11052864587110722,0.11052864587110722
4.51085950651685,4.109616705655604,-0.40124280086124564,0.40124280086124564
4.189654742026425,3.8888468393161597,-0.3008079027102655,0.3008079027102655
4.330733340286331,4.02077605460123,-0.30995728568510117,0.30995728568510117
3.9318256327243257,3.8902864482540656,-0.04153918447026017,0.04153918447026017
3.4339872044851463,3.2736328661351397,-0.16035433835000656,0.16035433835000656
3.4339872044851463,3.915410307861421,0.4814231033762746,0.4814231033762746
3.713572066704308,3.712200615757392,-0.0013714509469160419,0.0013714509469160419
3.4339872044851463,4.089730821695691,0.6557436172105451,0.6557436172105451
4.290459441148391,4.013191098099591,-0.2772683430488003,0.2772683430488003
3.258096538021482,3.5201486620794165,0.2620521240579343,0.2620521240579343
4.2626798770413155,3.9446641134871614,-0.31801576355415406,0.31801576355415406
3.713572066704308,3.7738624361983613,0.06029036949405331,0.06029036949405331
3.258096538021482,3.7634060284365813,0.5053094904150992,0.5053094904150992
2.772588722239781,3.6901968439581934,0.9176081217184122,0.9176081217184122
3.258096538021482,3.3048765054700087,0.04677996744852653,0.04677996744852653
3.951243718581427,4.133516473161454,0.18227275458002712,0.18227275458002712
3.4339872044851463,3.5169367214467178,0.08294951696157149,0.08294951696157149
4.110873864173311,3.9576368492759126,-0.15323701489739872,0.15323701489739872
4.330733340286331,4.0207357679367846,-0.3099975723495465,0.3099975723495465
4.2626798770413155,4.152611694405123,-0.11006818263619245,0.11006818263619245
4.330733340286331,4.494249122761088,0.1635157824747573,0.1635157824747573
4.2626798770413155,3.8170089796403923,-0.44567089740092314,0.44567089740092314
3.4339872044851463,4.026513066188854,0.5925258617037077,0.5925258617037077
3.713572066704308,3.220212195013649,-0.4933598716906591,0.4933598716906591
4.330733340286331,3.900116031662116,-0.4306173086242149,0.4306173086242149
3.9318256327243257,4.030483536815841,0.0986579040915152,0.0986579040915152
4.454347296253507,4.203055289020171,-0.251292007233336,0.251292007233336
4.2626798770413155,3.689187933377952,-0.5734919436633636,0.5734919436633636
3.4339872044851463,3.851324099152378,0.41733689466723156,0.41733689466723156
4.330733340286331,4.015425846755946,-0.31530749353038523,0.31530749353038523
3.9318256327243257,3.6155250048239584,-0.3163006279003673,0.3163006279003673
2.772588722239781,3.326172886001931,0.5535841637621499,0.5535841637621499
3.9318256327243257,3.7282392240419555,-0.2035864086823702,0.2035864086823702
3.218875824868201,4.112555928963913,0.8936801040957123,0.8936801040957123
4.219507705176107,3.8923291127837913,-0.3271785923923156,0.3271785923923156
4.330733340286331,4.163953807984716,-0.16677953230161524,0.16677953230161524
4.219507705176107,3.8934546011005153,-0.3260531040755916,0.3260531040755916
3.044522437723423,3.399807576789703,0.3552851390662801,0.3552851390662801
3.9318256327243257,3.640480347278903,-0.2913452854454226,0.2913452854454226
4.219507705176107,3.4255342311564023,-0.7939734740197046,0.7939734740197046
3.9318256327243257,3.9652265981525625,0.033400965428236784,0.033400965428236784
4.51085950651685,3.7267817096046083,-0.7840777969122414,0.7840777969122414
4.454347296253507,4.1506331060103365,-0.3037141902431708,0.3037141902431708
4.394449154672439,3.6157151741977867,-0.7787339804746525,0.7787339804746525
4.465908118654584,4.149680329553358,-0.31622778910122573,0.31622778910122573
3.713572066704308,3.7227735218985956,0.009201455194287611,0.009201455194287611
3.9318256327243257,3.8792694498223512,-0.0525561829019745,0.0525561829019745
3.9318256327243257,3.5294830633186347,-0.402342569405691,0.402342569405691
3.713572066704308,3.9035912721762065,0.19001920547189854,0.19001920547189854
4.394449154672439,3.9797299903325247,-0.4147191643399144,0.4147191643399144
4.290459441148391,4.107759862811607,-0.18269957833678419,0.18269957833678419
4.2626798770413155,4.02423484860966,-0.23844502843165571,0.23844502843165571
3.9318256327243257,4.0596742464681,0.12784861374377465,0.12784861374377465
3.951243718581427,4.025506837918432,0.07426311933700447,0.07426311933700447
3.9318256327243257,4.09420140459118,0.16237577186685437,0.16237577186685437
3.951243718581427,4.262712792790227,0.31146907420879977,0.31146907420879977
3.044522437723423,3.303521737021004,0.25899929929758114,0.25899929929758114
3.9318256327243257,4.094525648407968,0.16270001568364245,0.16270001568364245
4.2626798770413155,4.145717506137312,-0.11696237090400352,0.11696237090400352
3.951243718581427,4.14035502751916,0.18911130893773276,0.18911130893773276
4.51085950651685,4.165025830822006,-0.3458336756948439,0.3458336756948439
4.394449154672439,4.153490945923154,-0.24095820874928542,0.24095820874928542
4.394449154672439,4.234569995714985,-0.15987915895745441,0.15987915895745441
4.330733340286331,3.833635897021202,-0.49709744326512917,0.49709744326512917
2.3978952727983707,3.401303072501508,1.0034077997031372,1.0034077997031372
4.2626798770413155,3.768658037134024,-0.4940218399072913,0.4940218399072913
3.9318256327243257,3.6972665297889766,-0.2345591029353491,0.2345591029353491
4.2626798770413155,3.710625374227882,-0.5520545028134336,0.5520545028134336
4.394449154672439,4.0664289934219635,-0.3280201612504756,0.3280201612504756
3.9318256327243257,3.945102303262746,0.013276670538420188,0.013276670538420188
4.394449154672439,3.9756455197972285,-0.41880363487521066,0.41880363487521066
4.394449154672439,4.157251018152778,-0.2371981365196607,0.2371981365196607
3.9318256327243257,4.005098557474044,0.07327292474971836,0.07327292474971836
4.110873864173311,3.6461109831891507,-0.46476288098416063,0.46476288098416063
4.454347296253507,4.133129012938008,-0.32121828331549906,0.32121828331549906
3.9318256327243257,4.076250224441072,0.14442459171674615,0.14442459171674615
3.9318256327243257,3.872748298992799,-0.05907733373152668,0.05907733373152668
4.454347296253507,4.257672230095627,-0.19667506615788,0.19667506615788
3.9318256327243257,3.641797299398341,-0.29002833332598454,0.29002833332598454
4.51085950651685,4.292243142317827,-0.21861636419902286,0.21861636419902286
4.394449154672439,4.196863752928119,-0.1975854017443197,0.1975854017443197
3.044522437723423,3.8749960709205453,0.8304736331971223,0.8304736331971223
3.9318256327243257,3.6004377704165678,-0.33138786230775796,0.33138786230775796
4.330733340286331,4.303868984035628,-0.02686435625070338,0.02686435625070338
3.295836866004329,3.8387114774190567,0.5428746114147276,0.5428746114147276
3.4339872044851463,3.9812079530337847,0.5472207485486384,0.5472207485486384
3.4339872044851463,4.18974978633061,0.7557625818454641,0.7557625818454641
3.4339872044851463,3.3216325080377156,-0.11235469644743068,0.11235469644743068
4.394449154672439,3.892446522340924,-0.5020026323315152,0.5020026323315152
3.951243718581427,4.164093239540817,0.2128495209593897,0.2128495209593897
4.382026634673881,4.152287657261173,-0.22973897741270832,0.22973897741270832
3.713572066704308,4.158911617536785,0.4453395508324771,0.4453395508324771
4.127134385045092,4.093843746214524,-0.03329063883056804,0.03329063883056804
4.442651256490317,4.151308429015783,-0.29134282747453355,0.29134282747453355
3.9318256327243257,4.0127453739057755,0.08091974118144973,0.08091974118144973
4.394449154672439,4.2046951815221085,-0.1897539731503306,0.1897539731503306
3.9318256327243257,3.9837167944233647,0.05189116169903896,0.05189116169903896
4.189654742026425,3.7005885531350415,-0.48906618889138365,0.48906618889138365
3.9318256327243257,3.9572600512533667,0.025434418529040936,0.025434418529040936
3.9318256327243257,3.818293752858082,-0.11353187986624391,0.11353187986624391
3.9318256327243257,3.8405956984923093,-0.09122993423201642,0.09122993423201642
3.58351893845611,4.105362215757353,0.5218432773012429,0.5218432773012429
3.9318256327243257,3.911604618135769,-0.02022101458855685,0.02022101458855685
4.219507705176107,4.147537344749049,-0.07197036042705829,0.07197036042705829
4.330733340286331,4.356538862131687,0.02580552184535634,0.02580552184535634
3.9318256327243257,3.6414846200747517,-0.290341012649574,0.290341012649574
4.564348191467836,4.430190058443299,-0.13415813302453738,0.13415813302453738
3.951243718581427,4.167423520716495,0.21617980213506804,0.21617980213506804
3.9318256327243257,4.229761246306439,0.2979356135821134,0.2979356135821134
3.4339872044851463,3.452027913930951,0.018040709445804826,0.018040709445804826
4.2626798770413155,4.049596459318178,-0.2130834177231371,0.2130834177231371
3.258096538021482,3.6680766947217367,0.40998015670025456,0.40998015670025456
3.713572066704308,3.954774372978957,0.24120230627464911,0.24120230627464911
3.4339872044851463,3.9357896748893193,0.501802470404173,0.501802470404173
4.290459441148391,4.154951402304751,-0.13550803884364004,0.13550803884364004
4.394449154672439,3.9708679529840065,-0.4235812016884326,0.4235812016884326
4.330733340286331,4.135127119107182,-0.1956062211791494,0.1956062211791494
4.330733340286331,3.8244938020919528,-0.5062395381943783,0.5062395381943783
3.4339872044851463,3.6499768463531104,0.2159896418679641,0.2159896418679641
4.330733340286331,4.024259868795098,-0.30647347149123316,0.30647347149123316
3.688879454113936,3.9503328720133486,0.2614534178994128,0.2614534178994128
3.951243718581427,4.167748456048318,0.2165047374668907,0.2165047374668907
4.394449154672439,3.9372375073680965,-0.4572116473043426,0.4572116473043426
3.4339872044851463,4.055670677475513,0.6216834729903669,0.6216834729903669
3.9318256327243257,3.711702503499075,-0.22012312922525057,0.22012312922525057
4.204692619390966,3.8101670153909497,-0.394525604000016,0.394525604000016
4.2626798770413155,4.076442927171407,-0.18623694986990813,0.18623694986990813
4.290459441148391,4.261951821606551,-0.028507619541840334,0.028507619541840334
3.9318256327243257,3.5532649792310673,-0.3785606534932584,0.3785606534932584
4.48863636973214,4.1959322136807895,-0.29270415605135014,0.29270415605135014
3.951243718581427,4.02181551487045,0.07057179628902333,0.07057179628902333
3.258096538021482,3.709238128209117,0.451141590187635,0.451141590187635
3.951243718581427,4.134244436783232,0.18300071820180452,0.18300071820180452
3.58351893845611,3.3934642647863447,-0.19005467366976525,0.19005467366976525
4.394449154672439,4.316001266731501,-0.07844788794093827,0.07844788794093827
3.9318256327243257,4.308916863633843,0.3770912309095169,0.3770912309095169
4.394449154672439,4.143092053319275,-0.2513571013531637,0.2513571013531637
3.713572066704308,3.791283628656422,0.07771156195211404,0.07771156195211404
3.044522437723423,3.571029699836348,0.5265072621129252,0.5265072621129252
4.110873864173311,3.3604165868905915,-0.7504572772827198,0.7504572772827198
3.044522437723423,3.521358417274991,0.4768359795515682,0.4768359795515682
4.5217885770490405,4.036852650701694,-0.4849359263473465,0.4849359263473465
3.9318256327243257,3.549102367674019,-0.3827232650503065,0.3827232650503065
3.9318256327243257,3.8708292466586425,-0.06099638606568325,0.06099638606568325
4.127134385045092,3.803158828692041,-0.32397555635305064,0.32397555635305064
3.9318256327243257,3.731711892848962,-0.20011373987536363,0.20011373987536363
3.713572066704308,3.722367894931785,0.008795828227476932,0.008795828227476932
4.394449154672439,4.461752866153046,0.06730371148060676,0.06730371148060676
4.110873864173311,3.956902097746931,-0.15397176642638044,0.15397176642638044
3.044522437723423,3.7284891080686013,0.6839666703451783,0.6839666703451783
3.044522437723423,4.032289853466311,0.9877674157428884,0.9877674157428884
3.951243718581427,4.137375643451162,0.18613192486973507,0.18613192486973507
3.713572066704308,3.682853035964515,-0.030719030739792874,0.030719030739792874
4.110873864173311,4.046495626639902,-0.06437823753340943,0.06437823753340943
3.044522437723423,3.4303658843751594,0.3858434466517364,0.3858434466517364
3.4339872044851463,4.0012454723145225,0.5672582678293763,0.5672582678293763
4.189654742026425,4.088953301881903,-0.10070144014452254,0.10070144014452254
3.044522437723423,4.067622076694752,1.023099638971329,1.023099638971329
3.9318256327243257,3.7865782028961146,-0.14524742982821115,0.14524742982821115
4.02535169073515,3.5293240714169123,-0.49602761931823736,0.49602761931823736
4.394449154672439,4.0847791493185275,-0.30967000535391165,0.30967000535391165
3.218875824868201,4.091931109830408,0.8730552849622066,0.8730552849622066
4.454347296253507,4.176002018188922,-0.2783452780645854,0.2783452780645854
4.330733340286331,3.908503106481227,-0.42223023380510405,0.42223023380510405
3.9318256327243257,3.7968230555836673,-0.13500257714065844,0.13500257714065844
4.02535169073515,4.020103649018488,-0.005248041716662044,0.005248041716662044
4.465908118654584,4.297115930625306,-0.1687921880292773,0.1687921880292773
3.9318256327243257,3.9409603930994614,0.00913476037513572,0.00913476037513572
4.204692619390966,4.039691963223922,-0.1650006561670434,0.1650006561670434
3.9318256327243257,3.9360532498386647,0.004227617114338944,0.004227617114338944
4.51085950651685,4.152927326819187,-0.3579321796976629,0.3579321796976629
4.394449154672439,4.52595143245801,0.13150227778557078,0.13150227778557078
3.044522437723423,4.0913831369071225,1.0468606991836995,1.0468606991836995
4.110873864173311,3.886659282353076,-0.22421458182023546,0.22421458182023546
3.9318256327243257,3.721130423393125,-0.21069520933120067,0.21069520933120067
3.258096538021482,4.075005316699776,0.8169087786782936,0.8169087786782936
4.51085950651685,4.397971647219682,-0.11288785929716738,0.11288785929716738
4.51085950651685,4.540214963289669,0.029355456772819366,0.029355456772819366
4.110873864173311,4.082812660265346,-0.028061203907965293,0.028061203907965293
4.110873864173311,4.234831191352538,0.1239573271792267,0.1239573271792267
3.58351893845611,3.6993488500036387,0.11582991154752875,0.11582991154752875
4.2626798770413155,4.0150015274053334,-0.247678349635982,0.247678349635982
3.951243718581427,4.193823156278827,0.2425794376974002,0.2425794376974002
3.713572066704308,3.87561869985698,0.1620466331526722,0.1620466331526722
4.110873864173311,3.8802921687045213,-0.23058169546879004,0.23058169546879004
4.48863636973214,4.428399316246104,-0.06023705348603592,0.06023705348603592
4.330733340286331,4.009603370488496,-0.3211299697978349,0.3211299697978349
4.394449154672439,3.7176627412105288,-0.6767864134619104,0.6767864134619104
4.394449154672439,4.509830997561276,0.11538184288883713,0.11538184288883713
4.330733340286331,4.304859722415023,-0.025873617871307708,0.025873617871307708
3.9318256327243257,3.983293787737378,0.05146815501305246,0.05146815501305246
4.394449154672439,4.096364861832974,-0.2980842928394649,0.2980842928394649
3.9318256327243257,3.772695979415179,-0.15912965330914686,0.15912965330914686
3.9318256327243257,4.110798082826061,0.1789724501017349,0.1789724501017349
4.394449154672439,4.064855001514012,-0.32959415315842744,0.32959415315842744
4.110873864173311,3.8820760020321834,-0.22879786214112796,0.22879786214112796
3.258096538021482,3.588793449505277,0.33069691148379476,0.33069691148379476
4.330733340286331,4.476085510239099,0.14535216995276823,0.14535216995276823
3.4339872044851463,3.816402137038358,0.3824149325532118,0.3824149325532118
3.951243718581427,4.022528944816671,0.07128522623524347,0.07128522623524347
4.394449154672439,3.9623959514659473,-0.4320532032064919,0.4320532032064919
4.219507705176107,4.13776606549021,-0.0817416396858972,0.0817416396858972
3.4339872044851463,3.383186417523155,-0.05080078696199131,0.05080078696199131
4.394449154672439,4.156426555346739,-0.23802259932570013,0.23802259932570013
3.9318256327243257,3.729244061708041,-0.20258157101628482,0.20258157101628482
3.4339872044851463,4.001808626802145,0.5678214223169986,0.5678214223169986
3.951243718581427,4.034283356791693,0.08303963821026628,0.08303963821026628
3.9318256327243257,3.8466104720864482,-0.08521516063787749,0.08521516063787749
4.2626798770413155,4.107816913388587,-0.15486296365272878,0.15486296365272878
4.394449154672439,4.230281984448423,-0.16416717022401617,0.16416717022401617
4.189654742026425,4.2050091701220005,0.015354428095575301,0.015354428095575301
4.394449154672439,3.9025705727966917,-0.4918785818757474,0.4918785818757474
3.9318256327243257,3.304856869809039,-0.6269687629152867,0.6269687629152867
3.9318256327243257,3.843353198346979,-0.08847243437734686,0.08847243437734686
3.258096538021482,3.691827178074763,0.43373064005328077,0.43373064005328077
3.044522437723423,3.203324605775501,0.15880216805207814,0.15880216805207814
3.258096538021482,3.892243345281925,0.6341468072604428,0.6341468072604428
3.9318256327243257,4.069000734498578,0.13717510177425263,0.13717510177425263
3.713572066704308,3.1273010905529137,-0.5862709761513942,0.5862709761513942
3.58351893845611,3.6512883722799057,0.06776943382379574,0.06776943382379574
3.4657359027997265,3.3888504460634152,-0.07688545673631131,0.07688545673631131
4.2626798770413155,4.2593482305133765,-0.0033316465279389362,0.0033316465279389362
4.48863636973214,4.137576420485444,-0.3510599492466957,0.3510599492466957
3.4339872044851463,3.844101194015728,0.41011398953058187,0.41011398953058187
3.951243718581427,4.175533395710018,0.22428967712859116,0.22428967712859116
3.9318256327243257,3.27368892586106,-0.6581367068632655,0.6581367068632655
3.951243718581427,4.173475569543966,0.2222318509625385,0.2222318509625385
3.713572066704308,3.383489335013983,-0.33008273169032476,0.33008273169032476
3.9318256327243257,3.8741962360853206,-0.057629396639005126,0.057629396639005126
3.828641396489095,4.014497664707504,0.18585626821840862,0.18585626821840862
4.2626798770413155,4.083874142953619,-0.17880573408769607,0.17880573408769607
3.9318256327243257,3.9431524250633845,0.011326792339058755,0.011326792339058755
3.4339872044851463,3.8196517796428875,0.3856645751577412,0.3856645751577412
3.258096538021482,3.674818046157184,0.41672150813570186,0.41672150813570186
4.110873864173311,3.8463266745435516,-0.26454718962975976,0.26454718962975976
3.9318256327243257,4.048618052641373,0.11679241991704759,0.11679241991704759
3.713572066704308,4.011018217995231,0.2974461512909228,0.2974461512909228
4.2626798770413155,4.01050719729688,-0.2521726797444357,0.2521726797444357
3.9318256327243257,3.6812970537950123,-0.25052857892931346,0.25052857892931346
3.9318256327243257,4.175505310949109,0.24367967822478365,0.24367967822478365
4.394449154672439,3.936599168548625,-0.4578499861238141,0.4578499861238141
3.9318256327243257,3.7200775971494817,-0.211748035574844,0.211748035574844
4.330733340286331,4.083563069447129,-0.2471702708392023,0.2471702708392023
4.189654742026425,3.768809880027945,-0.42084486199848037,0.42084486199848037
4.394449154672439,4.412758600344299,0.01830944567185977,0.01830944567185977
4.394449154672439,4.198346289187515,-0.1961028654849244,0.1961028654849244
4.330733340286331,3.6614607170618463,-0.6692726232244848,0.6692726232244848
3.951243718581427,4.139025550746823,0.18778183216539635,0.18778183216539635
3.044522437723423,4.012845607576176,0.9683231698527526,0.9683231698527526
4.394449154672439,3.9843601419640207,-0.41008901270841847,0.41008901270841847
3.9318256327243257,4.274349702252377,0.34252406952805137,0.34252406952805137
3.9318256327243257,3.894695638145439,-0.03712999457888655,0.03712999457888655
3.9318256327243257,3.7256961050335,-0.20612952769082593,0.20612952769082593
4.2626798770413155,4.167993549190757,-0.09468632785055853,0.09468632785055853
3.5263605246161616,3.4835038092789463,-0.042856715337215245,0.042856715337215245
4.110873864173311,3.628221069024029,-0.4826527951492823,0.4826527951492823
4.2626798770413155,3.9484096202507333,-0.3142702567905822,0.3142702567905822
4.394449154672439,4.182987744917051,-0.21146140975538774,0.21146140975538774
4.330733340286331,4.012485283650244,-0.31824805663608746,0.31824805663608746
3.9318256327243257,3.739816247763478,-0.19200938496084774,0.19200938496084774
3.5263605246161616,4.170705111728341,0.6443445871121796,0.6443445871121796
4.465908118654584,4.617175039768247,0.15126692111366324,0.15126692111366324
3.713572066704308,3.7744195430969834,0.060847476392675404,0.060847476392675404
3.4339872044851463,3.7258005654967308,0.2918133610115845,0.2918133610115845
4.110873864173311,3.8229304704327736,-0.2879433937405378,0.2879433937405378
3.713572066704308,3.6324766068953998,-0.0810954598089082,0.0810954598089082
4.110873864173311,3.8974891207903064,-0.21338474338300495,0.21338474338300495
3.9318256327243257,4.103843299628653,0.17201766690432718,0.17201766690432718
4.394449154672439,4.091655963969203,-0.30279319070323574,0.30279319070323574
3.4339872044851463,3.6334173307564823,0.19943012627133605,0.19943012627133605
4.330733340286331,4.130812852943425,-0.19992048734290613,0.19992048734290613
4.330733340286331,4.274701462324739,-0.05603187796159226,0.05603187796159226
3.044522437723423,3.878813197767406,0.8342907600439831,0.8342907600439831
4.394449154672439,4.004824174966737,-0.38962497970570187,0.38962497970570187
3.4339872044851463,3.668268753687513,0.23428154920236688,0.23428154920236688
3.4339872044851463,3.8023344102089283,0.368347205723782,0.368347205723782
3.58351893845611,3.7574383733512544,0.1739194348951445,0.1739194348951445
4.110873864173311,4.054644095291871,-0.05622976888144038,0.05622976888144038
3.9318256327243257,3.5789726225742173,-0.3528530101501084,0.3528530101501084
3.4339872044851463,3.6366652879998145,0.2026780835146682,0.2026780835146682
2.772588722239781,3.5467319586294543,0.7741432363896732,0.7741432363896732
4.499809670330265,4.216149076889467,-0.2836605934407981,0.2836605934407981
4.394449154672439,4.103504917492314,-0.29094423718012496,0.29094423718012496
3.951243718581427,4.152637094259627,0.20139337567820004,0.20139337567820004
3.4339872044851463,3.6033197879799053,0.169332583494759,0.169332583494759
4.394449154672439,4.0070759284620685,-0.3873732262103706,0.3873732262103706
3.713572066704308,3.7450610980310435,0.03148903132673553,0.03148903132673553
4.564348191467836,3.93673602822226,-0.6276121632455762,0.6276121632455762
4.2626798770413155,3.8213599935983833,-0.44131988344293216,0.44131988344293216
4.394449154672439,3.977203456370885,-0.4172456983015542,0.4172456983015542
4.330733340286331,4.068957235967654,-0.2617761043186775,0.2617761043186775
4.143134726391533,4.153403661867531,0.01026893547599883,0.01026893547599883
3.9318256327243257,3.846539777594987,-0.08528585512933873,0.08528585512933873
3.9318256327243257,3.723381540371128,-0.2084440923531976,0.2084440923531976
3.951243718581427,3.9996176575843934,0.04837393900296627,0.04837393900296627
4.110873864173311,3.725204142180576,-0.3856697219927354,0.3856697219927354
3.713572066704308,2.829234132207855,-0.884337934496453,0.884337934496453
3.9318256327243257,3.7091219614681075,-0.22270367125621826,0.22270367125621826
3.218875824868201,4.19084776871933,0.9719719438511287,0.9719719438511287
4.454347296253507,4.037085499846715,-0.41726179640679195,0.41726179640679195
4.330733340286331,4.176317402403798,-0.15441593788253272,0.15441593788253272
3.9318256327243257,3.697711009505667,-0.23411462321865883,0.23411462321865883
3.4339872044851463,3.985412126571419,0.5514249220862726,0.5514249220862726
4.189654742026425,3.8598659069838934,-0.32978883504253176,0.32978883504253176
2.772588722239781,3.92357575083735,1.150987028597569,1.150987028597569
3.4339872044851463,4.182775653779365,0.748788449294219,0.748788449294219
4.394449154672439,3.9905835983058138,-0.40386555636662536,0.40386555636662536
3.951243718581427,4.146189945658395,0.19494622707696774,0.19494622707696774
3.9318256327243257,3.6138972887040395,-0.31792834402028625,0.31792834402028625
3.9318256327243257,3.7004042460978983,-0.23142138662642742,0.23142138662642742
3.258096538021482,3.9606361630335973,0.7025396250121152,0.7025396250121152
4.290459441148391,4.009373235230258,-0.2810862059181334,0.2810862059181334
4.110873864173311,3.91663127777375,-0.19424258639956138,0.19424258639956138
3.828641396489095,4.017313647102198,0.1886722506131031,0.1886722506131031
4.465908118654584,4.126513804751766,-0.33939431390281793,0.33939431390281793
3.9318256327243257,4.133783728776571,0.20195809605224513,0.20195809605224513
3.9318256327243257,3.752463744516625,-0.17936188820770083,0.17936188820770083
3.4339872044851463,3.9349561409458538,0.5009689364607075,0.5009689364607075
4.330733340286331,4.450403927919092,0.11967058763276128,0.11967058763276128
3.4339872044851463,3.524704596412668,0.0907173919275217,0.0907173919275217
4.110873864173311,4.11948888761812,0.008615023444808578,0.008615023444808578
4.564348191467836,4.23741935715426,-0.3269288343135761,0.3269288343135761
3.4339872044851463,3.6219727940604587,0.18798558957531242,0.18798558957531242
4.394449154672439,4.391658789407087,-0.002790365265352257,0.002790365265352257
4.2626798770413155,4.023945991864427,-0.2387338851768881,0.2387338851768881
4.51085950651685,4.556050899656173,0.045191393139322855,0.045191393139322855
3.58351893845611,3.631864223235851,0.04834528477974098,0.04834528477974098
3.4339872044851463,3.9977223943836395,0.5637351898984932,0.5637351898984932
4.454347296253507,3.99116601382053,-0.4631812824329775,0.4631812824329775
3.713572066704308,3.6178620990898414,-0.0957099676144666,0.0957099676144666
3.713572066704308,3.656924743087673,-0.05664732361663516,0.05664732361663516
3.9318256327243257,3.5615366266388326,-0.3702890060854931,0.3702890060854931
4.394449154672439,4.370933759017911,-0.023515395654528426,0.023515395654528426
3.9318256327243257,3.7036053724772287,-0.22822026024709707,0.22822026024709707
4.564348191467836,4.360701252510133,-0.2036469389577027,0.2036469389577027
3.044522437723423,3.8232603259696525,0.7787378882462295,0.7787378882462295
4.394449154672439,4.208663263685517,-0.18578589098692255,0.18578589098692255
3.9318256327243257,3.851477131604107,-0.08034850112021852,0.08034850112021852
3.044522437723423,3.500090536266231,0.4555680985428081,0.4555680985428081
3.828641396489095,3.9413451104712562,0.11270371398216117,0.11270371398216117
4.394449154672439,4.074826947455014,-0.3196222072174253,0.3196222072174253
3.4339872044851463,3.8844060788764607,0.45041887439131445,0.45041887439131445
3.044522437723423,4.149155991847336,1.1046335541239132,1.1046335541239132
4.330733340286331,4.31906928085963,-0.011664059426701456,0.011664059426701456
3.713572066704308,3.965686622887307,0.25211455618299894,0.25211455618299894
3.9318256327243257,3.780889277835556,-0.15093635488876966,0.15093635488876966
3.9318256327243257,3.7112361906766034,-0.22058944204772235,0.22058944204772235
4.330733340286331,4.189543670523982,-0.14118966976234937,0.14118966976234937
3.044522437723423,4.2948252130361855,1.2503027753127625,1.2503027753127625
3.9318256327243257,3.6805965235064653,-0.25122910921786046,0.25122910921786046
4.2626798770413155,3.7644612441750476,-0.4982186328662679,0.4982186328662679
4.499809670330265,4.252537744222279,-0.24727192610798632,0.24727192610798632
3.4339872044851463,3.6226683241129276,0.18868111962778134,0.18868111962778134
4.330733340286331,4.1920496828509055,-0.13868365743542554,0.13868365743542554
4.465908118654584,4.352768057956437,-0.11314006069814653,0.11314006069814653
4.189654742026425,3.9812642009312076,-0.2083905410952176,0.2083905410952176
4.110873864173311,4.046706301921502,-0.06416756225180897,0.06416756225180897
4.110873864173311,4.0813169094515125,-0.029556954721798867,0.029556954721798867
4.51085950651685,4.124057965170116,-0.38680154134673383,0.38680154134673383
4.02535169073515,3.6199490029707637,-0.4054026877643859,0.4054026877643859
4.51085950651685,3.994722555946725,-0.5161369505701248,0.5161369505701248
3.258096538021482,3.8460104370894674,0.5879138990679853,0.5879138990679853
3.951243718581427,4.117580175639187,0.1663364570577599,0.1663364570577599
4.02535169073515,3.5544745827182864,-0.4708771080168632,0.4708771080168632
4.394449154672439,4.1675432258746765,-0.2269059287977626,0.2269059287977626
4.248495242049359,4.0059831599902695,-0.2425120820590898,0.2425120820590898
4.394449154672439,4.233303302881979,-0.16114585179045982,0.16114585179045982
4.330733340286331,4.184945319862532,-0.14578802042379913,0.14578802042379913
3.828641396489095,4.053037550472614,0.22439615398351886,0.22439615398351886
3.7612001156935624,3.9308100243616093,0.16960990866804693,0.16960990866804693
3.951243718581427,4.022528944816671,0.07128522623524347,0.07128522623524347
4.330733340286331,4.201397235098655,-0.1293361051876758,0.1293361051876758
4.51085950651685,4.174260173630955,-0.3365993328858945,0.3365993328858945
4.330733340286331,4.0359462855396595,-0.29478705474667155,0.29478705474667155
4.51085950651685,4.018850769028585,-0.49200873748826446,0.49200873748826446
3.258096538021482,3.8217995066306,0.563702968609118,0.563702968609118
3.9318256327243257,3.481385686942842,-0.4504399457814836,0.4504399457814836
2.3978952727983707,3.5050685410441123,1.1071732682457416,1.1071732682457416
3.713572066704308,3.858637624768626,0.1450655580643181,0.1450655580643181
4.51085950651685,4.0163250812346405,-0.49453442528220926,0.49453442528220926
3.9318256327243257,3.7693837102003336,-0.16244192252399214,0.16244192252399214
4.330733340286331,4.2749253478832046,-0.055807992403126505,0.055807992403126505
3.9318256327243257,3.8923612601016755,-0.039464372622650234,0.039464372622650234
4.51085950651685,4.2642296232848755,-0.2466298832319742,0.2466298832319742
3.9318256327243257,3.900998412189229,-0.03082722053509679,0.03082722053509679
4.454347296253507,4.2362954730160025,-0.21805182323750483,0.21805182323750483
4.51085950651685,4.167301861209285,-0.3435576453075644,0.3435576453075644
4.330733340286331,3.9058056516786266,-0.42492768860770447,0.42492768860770447
4.564348191467836,4.252423014782967,-0.31192517668486897,0.31192517668486897
3.4339872044851463,3.7179029948186715,0.2839157903335252,0.2839157903335252
3.951243718581427,4.159195153131965,0.20795143455053822,0.20795143455053822
4.394449154672439,4.045503875525465,-0.3489452791469745,0.3489452791469745
3.9318256327243257,4.04392626148022,0.11210062875589388,0.11210062875589388
4.2626798770413155,4.0282309380209,-0.23444893902041564,0.23444893902041564
4.394449154672439,3.9147044378712756,-0.4797447168011635,0.4797447168011635
4.330733340286331,4.087370772642791,-0.24336256764354047,0.24336256764354047
4.394449154672439,4.2548515949834655,-0.13959755968897358,0.13959755968897358
4.394449154672439,4.038323857549965,-0.35612529712247376,0.35612529712247376
3.713572066704308,3.9666756572452093,0.25310359054090137,0.25310359054090137
4.110873864173311,4.08249980430712,-0.02837405986619146,0.02837405986619146
4.51085950651685,4.238769816184606,-0.27208969033224406,0.27208969033224406
4.02535169073515,4.034825940902418,0.009474250167268217,0.009474250167268217
3.713572066704308,3.7549246768326223,0.04135261012831437,0.04135261012831437
3.295836866004329,3.835208425187866,0.5393715591835369,0.5393715591835369
4.2626798770413155,4.1475079914016595,-0.11517188563965597,0.11517188563965597
3.9318256327243257,3.620527619644188,-0.3112980130801377,0.3112980130801377
4.189654742026425,4.059999622169401,-0.12965511985702438,0.12965511985702438
4.330733340286331,4.166956508696796,-0.16377683158953538,0.16377683158953538
3.828641396489095,3.7723434357317913,-0.056297960757303755,0.056297960757303755
4.454347296253507,4.324198520387066,-0.13014877586644147,0.13014877586644147
4.394449154672439,4.128903135593105,-0.2655460190793342,0.2655460190793342
4.394449154672439,3.8920946838574357,-0.5023544708150034,0.5023544708150034
4.394449154672439,3.845134649762115,-0.5493145049103241,0.5493145049103241
3.4657359027997265,3.8876924866247986,0.42195658382507206,0.42195658382507206
4.454347296253507,4.012211480407742,-0.44213581584576556,0.44213581584576556
3.4339872044851463,3.802935707201768,0.3689485027166217,0.3689485027166217
3.9318256327243257,3.9305163330646633,-0.0013092996596624218,0.0013092996596624218
3.9318256327243257,4.002536954074096,0.07071132134977054,0.07071132134977054
4.394449154672439,4.057474397004275,-0.3369747576681643,0.3369747576681643
4.330733340286331,3.9058056516786266,-0.42492768860770447,0.42492768860770447
3.713572066704308,3.5766932910154288,-0.13687877568887918,0.13687877568887918
3.044522437723423,3.4103778867085515,0.36585544898512845,0.36585544898512845
4.2626798770413155,3.7919799530065523,-0.47069992403476313,0.47069992403476313
3.9318256327243257,4.044373032418024,0.11254739969369831,0.11254739969369831
4.394449154672439,4.122599615009351,-0.271849539663088,0.271849539663088
4.51085950651685,4.202848007293288,-0.30801149922356164,0.30801149922356164
3.713572066704308,3.698162386199493,-0.01540968050481517,0.01540968050481517
3.9318256327243257,3.9468741943790784,0.015048561654752657,0.015048561654752657
4.110873864173311,3.6944084377769992,-0.4164654263963121,0.4164654263963121
4.2626798770413155,4.011974033297682,-0.25070584374363314,0.25070584374363314
3.044522437723423,3.1970277416728465,0.15250530394942352,0.15250530394942352
4.394449154672439,4.236716113990836,-0.15773304068160332,0.15773304068160332
3.713572066704308,3.86203701566732,0.14846494896301188,0.14846494896301188
4.394449154672439,4.037838378038007,-0.3566107766344322,0.3566107766344322
3.044522437723423,3.1569684187861764,0.11244598106275339,0.11244598106275339
3.58351893845611,4.127845979977808,0.5443270415216981,0.5443270415216981
4.394449154672439,4.110755208814649,-0.28369394585778984,0.28369394585778984
3.044522437723423,3.2238542813953908,0.17933184367196775,0.17933184367196775
4.110873864173311,3.7388494185964953,-0.372024445576816,0.372024445576816
4.394449154672439,4.1873796854497805,-0.20706946922265868,0.20706946922265868
3.951243718581427,4.135980145527546,0.18473642694611847,0.18473642694611847
3.9318256327243257,3.74743233827675,-0.18439329444757568,0.18439329444757568
3.951243718581427,4.120458467676551,0.1692147490951239,0.1692147490951239
4.330733340286331,3.983293787737378,-0.34743955254895287,0.34743955254895287
3.951243718581427,4.023617921981915,0.0723742034004875,0.0723742034004875
3.9318256327243257,3.7548870094525677,-0.17693862327175802,0.17693862327175802
3.9318256327243257,3.413673640135356,-0.5181519925889697,0.5181519925889697
4.330733340286331,4.151621038597579,-0.17911230168875214,0.17911230168875214
3.9318256327243257,4.247222834289442,0.3153972015651161,0.3153972015651161
3.951243718581427,4.144831737200194,0.19358801861876707,0.19358801861876707
3.9318256327243257,3.6607223629014847,-0.27110326982284105,0.27110326982284105
4.2626798770413155,3.787781652454754,-0.4748982245865614,0.4748982245865614
3.9318256327243257,2.974042136851585,-0.9577834958727407,0.9577834958727407
4.532599493153256,4.134651821902814,-0.39794767125044217,0.39794767125044217
4.248495242049359,3.985421102284726,-0.26307413976463323,0.26307413976463323
3.9318256327243257,3.718959686653124,-0.21286594607120168,0.21286594607120168
3.9318256327243257,3.9427427473419163,0.010917114617590595,0.010917114617590595
4.394449154672439,4.309283755923908,-0.08516539874853102,0.08516539874853102
4.110873864173311,3.9413784132108844,-0.1694954509624269,0.1694954509624269
3.9318256327243257,3.922841365312353,-0.00898426741197289,0.00898426741197289
4.394449154672439,4.004987146723419,-0.3894620079490201,0.3894620079490201
3.4339872044851463,4.007648964586325,0.5736617601011789,0.5736617601011789
4.394449154672439,4.150963542075226,-0.2434856125972127,0.2434856125972127
3.258096538021482,3.954722910272397,0.6966263722509147,0.6966263722509147
3.4339872044851463,3.48944477310365,0.05545756861850393,0.05545756861850393
4.2626798770413155,3.665881682805236,-0.5967981942360794,0.5967981942360794
4.290459441148391,4.3180138747487415,0.027554433600350592,0.027554433600350592
3.9318256327243257,3.931078142015503,-0.000747490708822518,0.000747490708822518
3.4339872044851463,3.964888419393935,0.5309012149087886,0.5309012149087886
4.330733340286331,4.2370850095966786,-0.0936483306896525,0.0936483306896525
2.3978952727983707,3.588489024991494,1.1905937521931231,1.1905937521931231
3.4339872044851463,3.578326242234289,0.14433903774914292,0.14433903774914292
3.9318256327243257,3.369058238541068,-0.5627673941832576,0.5627673941832576
4.454347296253507,4.101085385121626,-0.35326191113188177,0.35326191113188177
3.044522437723423,3.598113884246644,0.553591446523221,0.553591446523221
4.2626798770413155,3.614315085952587,-0.6483647910887282,0.6483647910887282
3.9318256327243257,3.6680766947217367,-0.26374893800258903,0.26374893800258903
4.330733340286331,4.254942000836159,-0.07579133945017169,0.07579133945017169
4.51085950651685,4.0338950985628115,-0.47696440795403827,0.47696440795403827
3.713572066704308,3.8138342888921826,0.10026222218787462,0.10026222218787462
3.713572066704308,3.592881997043045,-0.12069006966126317,0.12069006966126317
3.9318256327243257,3.8242117592133007,-0.10761387351102503,0.10761387351102503
3.9318256327243257,3.790975506594326,-0.1408501261299997,0.1408501261299997
4.330733340286331,4.03224030087625,-0.2984930394100811,0.2984930394100811
3.951243718581427,4.0188649037595425,0.06762118517811544,0.06762118517811544
3.044522437723423,3.801367763877481,0.7568453261540582,0.7568453261540582
3.713572066704308,3.557650036496919,-0.15592203020738893,0.15592203020738893
3.9318256327243257,3.7698344014590965,-0.16199123126522919,0.16199123126522919
3.1354942159291497,3.4717382375755284,0.3362440216463787,0.3362440216463787
4.2626798770413155,3.8097895114558433,-0.45289036558547213,0.45289036558547213
4.51085950651685,4.317479943640629,-0.1933795628762205,0.1933795628762205
4.110873864173311,3.943473643777403,-0.1674002203959084,0.1674002203959084
3.9318256327243257,4.013000474401476,0.0811748416771505,0.0811748416771505
4.465908118654584,4.1706604289750455,-0.2952476896795382,0.2952476896795382
3.4339872044851463,3.8499967781162603,0.416009573631114,0.416009573631114
4.2626798770413155,4.208485062960235,-0.05419481408108062,0.05419481408108062
3.4339872044851463,3.6790989159407674,0.24511171145562116,0.24511171145562116
3.4339872044851463,3.8311669267738537,0.39717972228870746,0.39717972228870746
3.951243718581427,4.092995826634799,0.1417521080533719,0.1417521080533719
4.343805421853684,4.234642392213973,-0.1091630296397108,0.1091630296397108
3.713572066704308,4.114703314770419,0.4011312480661111,0.4011312480661111
3.9318256327243257,4.046443576626481,0.11461794390215507,0.11461794390215507
3.951243718581427,4.096639660051051,0.14539594146962376,0.14539594146962376
3.5263605246161616,3.5906399142279364,0.06427938961177482,0.06427938961177482
3.9318256327243257,3.8343447903946206,-0.09748084232970511,0.09748084232970511
3.9318256327243257,3.8738462850888777,-0.057979347635447986,0.057979347635447986
2.3978952727983707,3.871548389362328,1.4736531165639573,1.4736531165639573
3.828641396489095,3.819385249373972,-0.009256147115122904,0.009256147115122904
3.9318256327243257,3.949353256818576,0.01752762409425035,0.01752762409425035
4.394449154672439,4.21919861126672,-0.17525054340571877,0.17525054340571877
3.9318256327243257,3.8363043000534933,-0.0955213326708324,0.0955213326708324
3.044522437723423,3.704896711574773,0.6603742738513501,0.6603742738513501
3.713572066704308,3.321885222179721,-0.39168684452458713,0.39168684452458713
4.330733340286331,4.23284836774105,-0.09788497254528128,0.09788497254528128
3.713572066704308,3.8767663748639705,0.16319430815966252,0.16319430815966252
4.394449154672439,3.86171672991504,-0.5327324247573992,0.5327324247573992
4.51085950651685,4.197372588355095,-0.3134869181617548,0.3134869181617548
4.465908118654584,4.2299904174642045,-0.23591770119037925,0.23591770119037925
4.330733340286331,4.194374968661771,-0.13635837162456,0.13635837162456
3.58351893845611,3.6917648612563374,0.10824592280022749,0.10824592280022749
4.110873864173311,4.037144872483832,-0.073728991689479,0.073728991689479
4.330733340286331,4.196139041087654,-0.13459429919867727,0.13459429919867727
4.51085950651685,4.244613107596592,-0.2662463989202575,0.2662463989202575
3.9318256327243257,3.501896095176689,-0.42992953754763663,0.42992953754763663
3.218875824868201,4.192332369307438,0.9734565444392373,0.9734565444392373
4.110873864173311,3.587707617527213,-0.5231662466460985,0.5231662466460985
4.189654742026425,3.786433832077279,-0.4032209099491464,0.4032209099491464
4.394449154672439,4.065464958588586,-0.3289841960838533,0.3289841960838533
3.091042453358316,3.337725962493849,0.24668350913553283,0.24668350913553283
4.454347296253507,3.9902271179110196,-0.46412017834248775,0.46412017834248775
3.4339872044851463,4.0892320361973304,0.6552448317121842,0.6552448317121842
4.51085950651685,4.255131131840824,-0.2557283746760257,0.2557283746760257
3.4339872044851463,3.9059533679094534,0.4719661634243071,0.4719661634243071
3.9318256327243257,3.7756911703873772,-0.1561344623369485,0.1561344623369485
3.9318256327243257,4.120851239861097,0.18902560713677152,0.18902560713677152
4.382026634673881,4.1824132066844895,-0.19961342798939175,0.19961342798939175
4.219507705176107,4.447198647319141,0.22769094214303376,0.22769094214303376
3.9318256327243257,3.5889703368333885,-0.3428552958909372,0.3428552958909372
4.454347296253507,4.170995953705325,-0.2833513425481824,0.2833513425481824
4.290459441148391,4.13000349659919,-0.1604559445492013,0.1604559445492013
4.110873864173311,3.9413784132108844,-0.1694954509624269,0.1694954509624269
3.9318256327243257,3.87731866802799,-0.05450696469633565,0.05450696469633565
3.9318256327243257,3.9468500630885464,0.015024430364220631,0.015024430364220631
4.2626798770413155,3.9260453557640766,-0.3366345212772388,0.3366345212772388
4.204692619390966,3.795519212560166,-0.4091734068307997,0.4091734068307997
4.394449154672439,4.053918919102267,-0.3405302355701725,0.3405302355701725
3.9318256327243257,3.8670307429004187,-0.06479488982390702,0.06479488982390702
3.9318256327243257,3.838372780303173,-0.09345285242115287,0.09345285242115287
4.2626798770413155,3.807893447348373,-0.4547864296929425,0.4547864296929425
3.828641396489095,3.4526471222885187,-0.3759942742005764,0.3759942742005764
3.9318256327243257,3.791941621840347,-0.1398840108839785,0.1398840108839785
4.248495242049359,4.047088743286487,-0.2014064987628723,0.2014064987628723
3.9318256327243257,3.6271681729760186,-0.30465745974830716,0.30465745974830716
4.330733340286331,4.341593464326182,0.010860124039851371,0.010860124039851371
4.204692619390966,3.976909242985231,-0.22778337640573465,0.22778337640573465
3.4339872044851463,3.65712990987042,0.22314270538527392,0.22314270538527392
4.532599493153256,4.120324086010047,-0.4122754071432091,0.4122754071432091
3.951243718581427,4.142855378598651,0.19161166001722396,0.19161166001722396
3.9318256327243257,3.9254723707170998,-0.006353262007225968,0.006353262007225968
3.044522437723423,3.358781952446659,0.3142595147232359,0.3142595147232359
3.5263605246161616,3.628347045865305,0.10198652124914354,0.10198652124914354
4.51085950651685,4.418646322640943,-0.0922131838759066,0.0922131838759066
3.9318256327243257,3.8698001997165625,-0.0620254330077632,0.0620254330077632
3.044522437723423,3.2907849575638926,0.24626251984046954,0.24626251984046954
3.9318256327243257,3.3250015156036783,-0.6068241171206474,0.6068241171206474
4.330733340286331,3.847774255609602,-0.4829590846767289,0.4829590846767289
4.394449154672439,3.747689370562012,-0.6467597841104271,0.6467597841104271
3.4339872044851463,3.825818225506519,0.3918310210213729,0.3918310210213729
3.713572066704308,3.8645331813654664,0.15096111466115847,0.15096111466115847
3.828641396489095,4.191037380191907,0.3623959837028119,0.3623959837028119
3.4339872044851463,4.007157208447026,0.5731700039618799,0.5731700039618799
3.713572066704308,3.562031894058464,-0.15154017264584407,0.15154017264584407
4.248495242049359,4.051338058508287,-0.19715718354107192,0.19715718354107192
3.9318256327243257,3.5728171172114678,-0.35900851551285795,0.35900851551285795
3.9318256327243257,4.003448632691768,0.07162299996744226,0.07162299996744226
3.9318256327243257,3.700040891751313,-0.23178474097301294,0.23178474097301294
3.9318256327243257,4.082827904193398,0.15100227146907264,0.15100227146907264
3.044522437723423,3.6252048876752507,0.5806824499518277,0.5806824499518277
3.58351893845611,3.7345056409583828,0.15098670250227286,0.15098670250227286
4.2626798770413155,4.219507919991688,-0.043171957049627174,0.043171957049627174
4.290459441148391,4.2124172829358,-0.07804215821259053,0.07804215821259053
4.48863636973214,4.180386084313927,-0.30825028541821275,0.30825028541821275
4.330733340286331,4.211500672690233,-0.11923266759609774,0.11923266759609774
4.394449154672439,3.97619718288468,-0.4182519717877593,0.4182519717877593
4.394449154672439,3.8881035656682945,-0.5063455890041446,0.5063455890041446
4.290459441148391,3.441995815678169,-0.848463625470222,0.848463625470222
3.9318256327243257,3.4864671509871625,-0.4453584817371632,0.4453584817371632
4.2626798770413155,3.925660322301681,-0.3370195547396344,0.3370195547396344
3.713572066704308,3.7029900990555302,-0.010581967648777724,0.010581967648777724
4.418840607796598,4.105712439523839,-0.31312816827275913,0.31312816827275913
3.713572066704308,4.102469889105003,0.38889782240069515,0.38889782240069515
3.4339872044851463,4.083940124014154,0.6499529195290075,0.6499529195290075
4.330733340286331,4.183832543831013,-0.14690079645531817,0.14690079645531817
3.5263605246161616,3.784441580315315,0.2580810556991535,0.2580810556991535
4.2626798770413155,3.438754152290832,-0.8239257247504836,0.8239257247504836
3.951243718581427,4.276167152710089,0.324923434128662,0.324923434128662
3.5263605246161616,3.40798525450898,-0.11837527010718141,0.11837527010718141
3.951243718581427,4.254718126376662,0.3034744077952345,0.3034744077952345
3.4339872044851463,3.837027253512137,0.40304004902699075,0.40304004902699075
4.51085950651685,4.19596862398396,-0.31489088253288955,0.31489088253288955
4.465908118654584,4.142657436986553,-0.3232506816680303,0.3232506816680303
4.02535169073515,4.0224718699816195,-0.0028798207535301046,0.0028798207535301046
3.713572066704308,3.5269589794533567,-0.18661308725095127,0.18661308725095127
3.9318256327243257,3.603064113953498,-0.3287615187708277,0.3287615187708277
3.4339872044851463,3.884275878184486,0.4502886736993399,0.4502886736993399
4.2626798770413155,4.108944526252326,-0.15373535078898914,0.15373535078898914
3.4339872044851463,3.1874829366863335,-0.24650426779881274,0.24650426779881274
4.330733340286331,4.159298532528687,-0.17143480775764441,0.17143480775764441
3.044522437723423,3.9865104274442498,0.9419879897208268,0.9419879897208268
3.9318256327243257,3.6312023172906076,-0.3006233154337181,0.3006233154337181
3.4339872044851463,3.503041115318039,0.06905391083289292,0.06905391083289292
3.044522437723423,4.141481086209653,1.0969586484862304,1.0969586484862304
3.4339872044851463,3.668268753687513,0.23428154920236688,0.23428154920236688
4.330733340286331,3.9865778383043207,-0.3441555019820104,0.3441555019820104
4.454347296253507,4.173753363258874,-0.2805939329946332,0.2805939329946332
3.258096538021482,3.760703764976737,0.5026072269552548,0.5026072269552548
4.23410650459726,4.070091097492949,-0.16401540710431028,0.16401540710431028
3.044522437723423,3.6641857644560067,0.6196633267325837,0.6196633267325837
4.51085950651685,4.504371507789876,-0.00648799872697392,0.00648799872697392
3.9318256327243257,3.834073426995409,-0.09775220572891685,0.09775220572891685
3.9318256327243257,3.31935290545454,-0.6124727272697856,0.6124727272697856
3.4339872044851463,3.4532150529699126,0.01922784848476633,0.01922784848476633
4.110873864173311,3.7080924765151204,-0.40278138765819094,0.40278138765819094
4.477336814478207,4.19446301598492,-0.282873798493287,0.282873798493287
3.951243718581427,4.011568029781931,0.06032431120050408,0.06032431120050408
4.2626798770413155,4.28020966386998,0.01752978682866413,0.01752978682866413
4.454347296253507,4.234415083036965,-0.21993221321654222,0.21993221321654222
3.9318256327243257,4.217662385277482,0.285836752553156,0.285836752553156
4.454347296253507,4.082614370126279,-0.37173292612722797,0.37173292612722797
4.394449154672439,3.996264337455946,-0.39818481721649324,0.39818481721649324
4.394449154672439,4.377048202008375,-0.017400952664064384,0.017400952664064384
3.951243718581427,4.187002888127796,0.23575916954636877,0.23575916954636877
4.394449154672439,4.140745404645186,-0.2537037500272534,0.2537037500272534
4.51085950651685,4.195044329769929,-0.31581517674692083,0.31581517674692083
4.532599493153256,4.212049776624737,-0.32054971652851894,0.32054971652851894
4.2626798770413155,4.128586013913265,-0.13409386312805083,0.13409386312805083
3.9318256327243257,3.882321151456352,-0.04950448126797369,0.04950448126797369
4.110873864173311,4.1029111312998445,-0.007962732873466827,0.007962732873466827
3.9318256327243257,3.6805965235064653,-0.25122910921786046,0.25122910921786046
3.9318256327243257,3.935976433269043,0.004150800544717281,0.004150800544717281
4.110873864173311,3.626231579685521,-0.48464228448779023,0.48464228448779023
4.2626798770413155,3.697297827125136,-0.5653820499161792,0.5653820499161792
4.110873864173311,3.725095343973963,-0.3857785201993482,0.3857785201993482
4.189654742026425,4.236281112596808,0.0466263705703831,0.0466263705703831
2.772588722239781,3.7508950827208816,0.9783063604811004,0.9783063604811004
4.330733340286331,4.108476641541463,-0.22225669874486798,0.22225669874486798
4.394449154672439,3.973510540669212,-0.42093861400322696,0.42093861400322696
3.951243718581427,4.012264519871973,0.06102080129054599,0.06102080129054599
3.044522437723423,3.292659861277614,0.2481374235541911,0.2481374235541911
3.258096538021482,3.6789588580769683,0.4208623200554862,0.4208623200554862
3.951243718581427,4.059242240919884,0.10799852233845719,0.10799852233845719
4.51085950651685,4.067286681967149,-0.44357282454970104,0.44357282454970104
3.951243718581427,4.074182924325536,0.12293920574410855,0.12293920574410855
4.330733340286331,4.125979408321587,-0.20475393196474378,0.20475393196474378
4.110873864173311,4.000426921006041,-0.1104469431672701,0.1104469431672701
3.4339872044851463,3.748164279929806,0.3141770754446598,0.3141770754446598
3.4339872044851463,3.9134102801889297,0.4794230757037834,0.4794230757037834
4.51085950651685,4.086642103747425,-0.42421740276942455,0.42421740276942455
4.394449154672439,4.081435794828415,-0.31301335984402456,0.31301335984402456
3.9318256327243257,4.0942568464343925,0.16243121371006675,0.16243121371006675
4.290459441148391,4.117349318643471,-0.1731101225049203,0.1731101225049203
3.9318256327243257,3.8915674627316124,-0.040258169992713366,0.040258169992713366
3.9318256327243257,4.037737006886068,0.1059113741617419,0.1059113741617419
3.9318256327243257,3.8490633179328553,-0.08276231479147045,0.08276231479147045
4.51085950651685,4.207772979647822,-0.30308652686902793,0.30308652686902793
4.02535169073515,3.6866365181040717,-0.338715172631078,0.338715172631078
4.110873864173311,4.106020016109344,-0.00485384806396727,0.00485384806396727
4.51085950651685,4.240905084527638,-0.2699544219892118,0.2699544219892118
4.356708826689592,4.276295438379054,-0.08041338831053757,0.08041338831053757
3.951243718581427,4.025292115620316,0.07404839703888921,0.07404839703888921
4.110873864173311,4.056151595174274,-0.054722268999037205,0.054722268999037205
3.951243718581427,4.147491333132916,0.1962476145514893,0.1962476145514893
3.9318256327243257,4.085108374238617,0.15328274151429122,0.15328274151429122
4.454347296253507,4.225023606593503,-0.2293236896600046,0.2293236896600046
4.02535169073515,4.168070819020107,0.14271912828495736,0.14271912828495736
2.3978952727983707,3.4047026335920956,1.006807360793725,1.006807360793725
3.258096538021482,4.011015649668765,0.7529191116472824,0.7529191116472824
3.9318256327243257,3.9188224810438825,-0.013003151680443192,0.013003151680443192
3.9318256327243257,3.891143805710324,-0.040681827014001914,0.040681827014001914
3.9318256327243257,3.935976433269043,0.004150800544717281,0.004150800544717281
4.2626798770413155,4.063080424553989,-0.1995994524873268,0.1995994524873268
4.2626798770413155,4.002961275040056,-0.25971860200125985,0.25971860200125985
3.9318256327243257,4.057273872448619,0.12544823972429286,0.12544823972429286
4.330733340286331,4.524851238192388,0.19411789790605738,0.19411789790605738
3.258096538021482,3.6390822129573914,0.3809856749359093,0.3809856749359093
4.330733340286331,4.004244764665773,-0.3264885756205578,0.3264885756205578
4.394449154672439,3.9072454127835914,-0.48720374188884774,0.48720374188884774
4.394449154672439,4.120664901619596,-0.2737842530528427,0.2737842530528427
4.330733340286331,4.009773426264965,-0.32095991402136637,0.32095991402136637
3.044522437723423,3.813537507102347,0.7690150693789239,0.7690150693789239
3.951243718581427,4.269198096773954,0.3179543781925265,0.3179543781925265
3.9318256327243257,3.775420097990054,-0.15640553473427188,0.15640553473427188
4.394449154672439,4.25755876235674,-0.13689039231569922,0.13689039231569922
3.258096538021482,3.595801260184743,0.33770472216326075,0.33770472216326075
3.951243718581427,4.275005599048392,0.3237618804669653,0.3237618804669653
3.4339872044851463,4.200067910539402,0.7660807060542556,0.7660807060542556
4.110873864173311,3.8875850673792893,-0.22328879679402203,0.22328879679402203
3.9318256327243257,3.65647601697506,-0.27534961574926564,0.27534961574926564
4.110873864173311,4.022149414676824,-0.08872444949648717,0.08872444949648717
4.394449154672439,4.078851422446681,-0.3155977322257577,0.3155977322257577
4.189654742026425,3.741072451025945,-0.4485822910004802,0.4485822910004802
3.9318256327243257,3.934638891660512,0.002813258936186447,0.002813258936186447
3.258096538021482,3.3385534289331154,0.08045689091163322,0.08045689091163322
3.9318256327243257,3.9987958095099,0.06697017678557415,0.06697017678557415
3.258096538021482,3.177145593112091,-0.08095094490939125,0.08095094490939125
4.394449154672439,4.365435099283584,-0.029014055388855375,0.029014055388855375
4.2626798770413155,4.154348887074209,-0.1083309899671061,0.1083309899671061
4.2626798770413155,3.927754893840396,-0.33492498320091935,0.33492498320091935
3.044522437723423,4.032188414736477,0.9876659770130538,0.9876659770130538
4.51085950651685,3.938575687897419,-0.5722838186194306,0.5722838186194306
3.713572066704308,3.9944940771889623,0.28092201048465437,0.28092201048465437
3.044522437723423,3.9901078119905518,0.9455853742671287,0.9455853742671287
4.02535169073515,4.107654534836569,0.0823028441014193,0.0823028441014193
4.394449154672439,3.865125733966068,-0.5293234207063713,0.5293234207063713
3.713572066704308,3.7021050311797485,-0.01146703552455941,0.01146703552455941
4.110873864173311,4.094808064108039,-0.01606580006527203,0.01606580006527203
3.713572066704308,3.8123596833428013,0.09878761663849334,0.09878761663849334
4.394449154672439,3.5719442176201364,-0.8225049370523028,0.8225049370523028
3.713572066704308,4.150963821773052,0.4373917550687443,0.4373917550687443
3.044522437723423,3.347454645104405,0.3029322073809819,0.3029322073809819
3.951243718581427,4.019024930672256,0.06778121209082855,0.06778121209082855
3.044522437723423,3.4557799116402,0.4112574739167769,0.4112574739167769
4.290459441148391,4.105061255048979,-0.1853981860994116,0.1853981860994116
3.044522437723423,3.332872888092582,0.2883504503691592,0.2883504503691592
4.454347296253507,4.483532124085527,0.0291848278320197,0.0291848278320197
4.189654742026425,4.322011045440882,0.1323563034144568,0.1323563034144568
4.51085950651685,3.718716236205111,-0.7921432703117386,0.7921432703117386
3.9318256327243257,3.7201798953169067,-0.211645737407419,0.211645737407419
3.9318256327243257,3.7736633522525995,-0.1581622804717262,0.1581622804717262
3.713572066704308,3.701118107903006,-0.012453958801301734,0.012453958801301734
4.51085950651685,4.308916266475505,-0.201943240041345,0.201943240041345
3.4339872044851463,3.505217300431699,0.07123009594655283,0.07123009594655283
3.4339872044851463,3.327293404891482,-0.1066937995936641,0.1066937995936641
3.9318256327243257,3.797192535125537,-0.1346330975987886,0.1346330975987886
4.394449154672439,4.17962616586639,-0.21482298880604933,0.21482298880604933
4.394449154672439,4.013234848601474,-0.38121430607096496,0.38121430607096496
4.2626798770413155,3.791277819849724,-0.47140205719159134,0.47140205719159134
4.430816798843313,3.9979984424475044,-0.432818356395809,0.432818356395809
4.110873864173311,3.9589284442030777,-0.1519454199702337,0.1519454199702337
3.9318256327243257,3.9329334622090766,0.0011078294847508552,0.0011078294847508552
3.9318256327243257,3.9374517226759425,0.005626089951616731,0.005626089951616731
4.394449154672439,4.367002833947751,-0.027446320724688,0.027446320724688
3.9318256327243257,4.129801051248741,0.19797541852441514,0.19797541852441514
4.394449154672439,4.132490681414358,-0.2619584732580815,0.2619584732580815
4.110873864173311,3.953518968439349,-0.15735489573396233,0.15735489573396233
4.564348191467836,3.998273254993693,-0.5660749364741431,0.5660749364741431
4.394449154672439,4.129444785433873,-0.2650043692385662,0.2650043692385662
4.394449154672439,4.044788923629214,-0.3496602310432255,0.3496602310432255
4.110873864173311,3.8163271412297526,-0.29454672294355877,0.29454672294355877
3.951243718581427,4.206349307119192,0.25510558853776466,0.25510558853776466
4.394449154672439,4.092242160885148,-0.30220699378729154,0.30220699378729154
4.330733340286331,4.0949004873659955,-0.2358328529203355,0.2358328529203355
4.110873864173311,3.862313750338859,-0.24856011383445242,0.24856011383445242
4.330733340286331,3.88703459189845,-0.4436987483878809,0.4436987483878809
4.330733340286331,4.163319974082497,-0.16741336620383418,0.16741336620383418
4.499809670330265,4.137409629186249,-0.36240004114401625,0.36240004114401625
3.9318256327243257,4.1206273165572815,0.1888016838329558,0.1888016838329558
3.9318256327243257,3.7901772678672705,-0.14164836485705523,0.14164836485705523
3.4339872044851463,3.7200825058801295,0.2860953013949832,0.2860953013949832
3.58351893845611,3.9737199419713534,0.39020100351524345,0.39020100351524345
4.189654742026425,3.933588929730884,-0.25606581229554104,0.25606581229554104
4.394449154672439,3.9863796146444663,-0.4080695400279728,0.4080695400279728
4.110873864173311,4.001789509742826,-0.10908435443048514,0.10908435443048514
3.58351893845611,3.9266740122505874,0.3431550737944775,0.3431550737944775
3.9318256327243257,3.9517569492228817,0.01993131649855595,0.01993131649855595
4.2626798770413155,3.948770876410966,-0.3139090006303493,0.3139090006303493
3.044522437723423,3.831568384574411,0.7870459468509878,0.7870459468509878
3.9318256327243257,4.044110234558916,0.11228460183459044,0.11228460183459044
4.330733340286331,3.9245547104255074,-0.40617862986082365,0.40617862986082365
3.713572066704308,3.446282875576845,-0.2672891911274631,0.2672891911274631
3.9318256327243257,3.6073503357497483,-0.32447529697457744,0.32447529697457744
3.044522437723423,3.7130272851491677,0.6685048474257447,0.6685048474257447
3.9318256327243257,3.8439145982971556,-0.08791103442717008,0.08791103442717008
3.4339872044851463,4.007997258774201,0.5740100542890545,0.5740100542890545
3.713572066704308,3.9410739556302294,0.2275018889259215,0.2275018889259215
3.9318256327243257,3.636092672724022,-0.2957329600003038,0.2957329600003038
3.044522437723423,3.9602446991194036,0.9157222613959806,0.9157222613959806
3.9318256327243257,3.6951605522737756,-0.23666508045055012,0.23666508045055012
4.143134726391533,3.7431612405818804,-0.3999734858096522,0.3999734858096522
4.204692619390966,3.850256633652168,-0.35443598573879775,0.35443598573879775
4.2626798770413155,4.204382128313946,-0.05829774872736948,0.05829774872736948
3.1780538303479458,3.4763661351844473,0.2983123048365015,0.2983123048365015
3.951243718581427,4.147774162694016,0.19653044411258858,0.19653044411258858
4.189654742026425,4.121970664606195,-0.06768407742023008,0.06768407742023008
4.110873864173311,3.8529344369166685,-0.2579394272566429,0.2579394272566429
3.044522437723423,3.2559819581336615,0.21145952041023852,0.21145952041023852
4.204692619390966,3.9482107908960016,-0.25648182849496415,0.25648182849496415
4.110873864173311,3.9298027316427215,-0.18107113253058982,0.18107113253058982
3.5263605246161616,3.586548590484351,0.060188065868189256,0.060188065868189256
3.9318256327243257,3.9329483388253106,0.0011227061009848605,0.0011227061009848605
3.713572066704308,3.8251128017852354,0.11154073508092743,0.11154073508092743
4.248495242049359,3.8942917397842596,-0.3542035022650998,0.3542035022650998
3.044522437723423,3.8778251709739138,0.8333027332504908,0.8333027332504908
3.951243718581427,4.023617921981915,0.0723742034004875,0.0723742034004875
4.2626798770413155,4.325511610712917,0.06283173367160177,0.06283173367160177
4.454347296253507,4.001277596957545,-0.45306969929596264,0.45306969929596264
4.2626798770413155,4.211457183205325,-0.05122269383599054,0.05122269383599054
4.2626798770413155,3.89824984580932,-0.36443003123199524,0.36443003123199524
3.9318256327243257,4.297766938127222,0.3659413054028966,0.3659413054028966
3.9318256327243257,3.8117332462831945,-0.12009238644113118,0.12009238644113118
4.418840607796598,4.301070872720528,-0.11776973507607025,0.11776973507607025
4.499809670330265,4.299594633325806,-0.20021503700445908,0.20021503700445908
3.5263605246161616,4.0773493504563865,0.5509888258402249,0.5509888258402249
3.9318256327243257,3.7869338666987598,-0.14489176602556597,0.14489176602556597
3.044522437723423,3.7399859982158077,0.6954635604923847,0.6954635604923847
3.258096538021482,3.483860938610432,0.22576440058894987,0.22576440058894987
4.2626798770413155,3.8928154094670537,-0.3698644675742617,0.3698644675742617
3.713572066704308,3.302476920544156,-0.41109514616015197,0.41109514616015197
3.044522437723423,3.8928803621654415,0.8483579244420185,0.8483579244420185
3.9318256327243257,4.134256493549209,0.20243086082488349,0.20243086082488349
4.330733340286331,3.8463857870899663,-0.4843475531963648,0.4843475531963648
4.51085950651685,4.275346705222332,-0.2355128012945178,0.2355128012945178
4.110873864173311,4.332709704386283,0.22183584021297165,0.22183584021297165
3.9318256327243257,3.536740999508425,-0.3950846332159008,0.3950846332159008
3.713572066704308,4.0629223612237615,0.34935029451945354,0.34935029451945354
3.9318256327243257,4.513724428372219,0.5818987956478936,0.5818987956478936
4.330733340286331,3.983867038582159,-0.3468663017041722,0.3468663017041722
4.110873864173311,4.016815397467581,-0.09405846670573048,0.09405846670573048
4.330733340286331,3.976347305651216,-0.3543860346351151,0.3543860346351151
4.330733340286331,4.376671172813618,0.04593783252728656,0.04593783252728656
4.394449154672439,4.179690726689046,-0.2147584279833934,0.2147584279833934
3.9318256327243257,3.7849621593379936,-0.1468634733863321,0.1468634733863321
3.044522437723423,3.507375326899039,0.46285288917561607,0.46285288917561607
3.713572066704308,3.410946062992201,-0.30262600371210713,0.30262600371210713
3.951243718581427,3.9654422952541704,0.014198576672743268,0.014198576672743268
4.394449154672439,4.197835457568269,-0.1966136971041701,0.1966136971041701
4.330733340286331,3.9196280348855104,-0.4111053054008207,0.4111053054008207
4.2626798770413155,4.050352641893967,-0.21232723514734886,0.21232723514734886
3.9318256327243257,4.087407700673904,0.15558206794957785,0.15558206794957785
4.394449154672439,4.004436064332281,-0.3900130903401582,0.3900130903401582
4.394449154672439,4.1481014322175795,-0.24634772245485959,0.24634772245485959
4.330733340286331,4.241702074982896,-0.08903126530343464,0.08903126530343464
3.9318256327243257,4.046815707830811,0.11499007510648562,0.11499007510648562
3.044522437723423,3.984191016850594,0.9396685791271708,0.9396685791271708
4.02535169073515,3.9529765147334257,-0.07237517600172394,0.07237517600172394
4.330733340286331,4.053653693261334,-0.27707964702499677,0.27707964702499677
3.258096538021482,3.591867246985937,0.33377070896445504,0.33377070896445504
4.2626798770413155,3.971501654303915,-0.29117822273740046,0.29117822273740046
3.258096538021482,3.763504416685975,0.5054078786644927,0.5054078786644927
4.394449154672439,4.045025012068736,-0.349424142603703,0.349424142603703
4.51085950651685,4.250491464392992,-0.2603680421238579,0.2603680421238579
4.290459441148391,3.808488787030801,-0.4819706541175899,0.4819706541175899
4.110873864173311,3.6205978658445814,-0.4902759983287299,0.4902759983287299
3.828641396489095,3.918343680209294,0.08970228372019884,0.08970228372019884
3.258096538021482,3.992331828714413,0.734235290692931,0.734235290692931
4.394449154672439,4.1780748348624845,-0.21637431980995459,0.21637431980995459
3.9318256327243257,3.9110271190291903,-0.020798513695135412,0.020798513695135412
3.713572066704308,3.7377244697771554,0.024152403072847495,0.024152403072847495
3.9318256327243257,3.7630853341386405,-0.16874029858568518,0.16874029858568518
4.465908118654584,4.453254242506308,-0.012653876148275955,0.012653876148275955
3.258096538021482,2.739963319304112,-0.5181332187173702,0.5181332187173702
3.9318256327243257,3.95306612965842,0.021240496934094466,0.021240496934094466
4.330733340286331,4.303962721312276,-0.026770618974055083,0.026770618974055083
3.951243718581427,4.158291017747077,0.2070472991656498,0.2070472991656498
3.951243718581427,4.023617921981915,0.0723742034004875,0.0723742034004875
4.394449154672439,3.6157151741977867,-0.7787339804746525,0.7787339804746525
3.713572066704308,4.19493091758715,0.4813588508828417,0.4813588508828417
4.51085950651685,4.010971995030895,-0.4998875114859551,0.4998875114859551
3.713572066704308,4.082814253448005,0.3692421867436968,0.3692421867436968
3.951243718581427,4.114028263689461,0.16278454510803364,0.16278454510803364
4.2626798770413155,4.087179315832831,-0.17550056120848456,0.17550056120848456
3.9318256327243257,3.791283628656422,-0.14054200406790374,0.14054200406790374
4.394449154672439,4.054283532896516,-0.340165621775923,0.340165621775923
4.394449154672439,4.369342106481454,-0.02510704819098475,0.02510704819098475
3.9318256327243257,4.129468392733914,0.19764276000958825,0.19764276000958825
3.951243718581427,4.022528944816671,0.07128522623524347,0.07128522623524347
3.951243718581427,4.3151045616647625,0.36386084308333544,0.36386084308333544
4.48863636973214,4.116694014737543,-0.37194235499459705,0.37194235499459705
3.9318256327243257,4.054087665316259,0.12226203259193325,0.12226203259193325
3.9318256327243257,3.607256510229783,-0.32456912249454284,0.32456912249454284
4.51085950651685,4.305883125308,-0.20497638120884965,0.20497638120884965
3.9318256327243257,3.926295893397202,-0.0055297393271236395,0.0055297393271236395
4.564348191467836,4.107766008369548,-0.4565821830982877,0.4565821830982877
3.4339872044851463,3.7100871470365373,0.27609994255139103,0.27609994255139103
4.110873864173311,3.951156647113012,-0.15971721706029918,0.15971721706029918
2.3978952727983707,3.855348374713209,1.4574531019148385,1.4574531019148385
4.110873864173311,4.137810200985897,0.026936336812585893,0.026936336812585893
4.110873864173311,3.5566687119673177,-0.5542051522059936,0.5542051522059936
2.3978952727983707,3.978965061058724,1.5810697882603533,1.5810697882603533
3.9318256327243257,3.872130446825312,-0.05969518589901357,0.05969518589901357
3.951243718581427,4.126136817218033,0.17489309863660552,0.17489309863660552
3.9318256327243257,3.7889121742314806,-0.1429134584928451,0.1429134584928451
3.4339872044851463,3.9759117120102374,0.5419245075250911,0.5419245075250911
3.9318256327243257,3.6472153049061147,-0.28461032781821105,0.28461032781821105
3.9318256327243257,3.8659244797502867,-0.06590115297403898,0.06590115297403898
3.258096538021482,3.550818712705027,0.2927221746835449,0.2927221746835449
4.51085950651685,4.249020722043296,-0.2618387844735537,0.2618387844735537
4.51085950651685,4.478638533995858,-0.03222097252099143,0.03222097252099143
4.532599493153256,4.074954283191322,-0.45764520996193436,0.45764520996193436
4.51085950651685,4.455211137054914,-0.05564836946193541,0.05564836946193541
4.330733340286331,4.210702506338812,-0.1200308339475189,0.1200308339475189
3.951243718581427,4.218289164845856,0.2670454462644285,0.2670454462644285
4.330733340286331,3.8765167059637977,-0.45421663432253334,0.45421663432253334
3.9318256327243257,3.8616294886832176,-0.07019614404110808,0.07019614404110808
3.9318256327243257,3.710806992654395,-0.22101864006993077,0.22101864006993077
4.330733340286331,4.113783239896206,-0.2169501003901253,0.2169501003901253
4.110873864173311,3.7465188246700762,-0.3643550395032351,0.3643550395032351
4.382026634673881,4.090517709492027,-0.2915089251818541,0.2915089251818541
3.044522437723423,3.5349230393951676,0.4904006016717446,0.4904006016717446
4.127134385045092,4.16769296094955,0.040558575904458216,0.040558575904458216
4.110873864173311,3.750172671474126,-0.3607011926991852,0.3607011926991852
3.9318256327243257,3.967439302781177,0.035613670056851454,0.035613670056851454
4.394449154672439,3.9765806808549757,-0.4178684738174634,0.4178684738174634
3.9318256327243257,3.5511793897171975,-0.38064624300712824,0.38064624300712824
3.9318256327243257,3.688940820229978,-0.2428848124943479,0.2428848124943479
3.9318256327243257,4.131607558249731,0.19978192552540497,0.19978192552540497
4.110873864173311,3.8906297644569925,-0.22024409971631886,0.22024409971631886
2.3978952727983707,3.3162819359927886,0.918386663194418,0.918386663194418
3.044522437723423,3.974602747832191,0.9300803101087678,0.9300803101087678
4.394449154672439,4.194243530885178,-0.20020562378726137,0.20020562378726137
3.4339872044851463,3.8162259506552734,0.3822387461701271,0.3822387461701271
4.110873864173311,4.1169308236925115,0.006056959519200156,0.006056959519200156
3.4339872044851463,3.7456690306631546,0.3116818261780083,0.3116818261780083
3.9318256327243257,4.125478599968215,0.19365296724388914,0.19365296724388914
3.9318256327243257,3.6491740888905806,-0.28265154383374513,0.28265154383374513
3.367295829986474,3.6220874533606775,0.25479162337420336,0.25479162337420336
4.2626798770413155,4.071401896840907,-0.19127798020040832,0.19127798020040832
3.9318256327243257,3.8312684115150724,-0.10055722120925337,0.10055722120925337
3.9318256327243257,3.6845930206205346,-0.2472326121037911,0.2472326121037911
3.9318256327243257,4.123612434459381,0.19178680173505525,0.19178680173505525
4.2626798770413155,3.954382376806543,-0.3082975002347723,0.3082975002347723
3.713572066704308,3.5739457636059884,-0.13962630309831958,0.13962630309831958
4.394449154672439,3.967439302781177,-0.42700985189126195,0.42700985189126195
2.3978952727983707,3.7676186487752847,1.369723375976914,1.369723375976914
3.9318256327243257,4.2424369949993395,0.31061136227501374,0.31061136227501374
3.9318256327243257,3.7384810354671485,-0.19334459725717723,0.19334459725717723
4.330733340286331,4.090623462233999,-0.24010987805233164,0.24010987805233164
3.9318256327243257,4.122019358042934,0.19019372531860812,0.19019372531860812
3.713572066704308,3.9606292612785152,0.24705719457420727,0.24705719457420727
3.9318256327243257,4.007683362070587,0.07585772934626123,0.07585772934626123
4.02535169073515,3.8495926439754458,-0.17575904675970389,0.17575904675970389
4.2626798770413155,4.221689497687616,-0.040990379353699424,0.040990379353699424
4.330733340286331,4.611655988001948,0.2809226477156166,0.2809226477156166
4.51085950651685,4.261266661268423,-0.24959284524842662,0.24959284524842662
4.110873864173311,4.124816734867423,0.013942870694111598,0.013942870694111598
3.044522437723423,3.234745334900434,0.1902228971770108,0.1902228971770108
4.394449154672439,4.1655743775477845,-0.22887477712465465,0.22887477712465465
3.713572066704308,3.8646080588666405,0.15103599216233254,0.15103599216233254
3.9318256327243257,3.951493915926011,0.019668283201685455,0.019668283201685455
4.219507705176107,4.066935986458804,-0.15257171871730257,0.15257171871730257
3.9318256327243257,4.322251251291686,0.39042561856736,0.39042561856736
3.4339872044851463,3.9857847166297216,0.5517975121445753,0.5517975121445753
4.330733340286331,3.7992520611590646,-0.5314812791272665,0.5314812791272665
3.258096538021482,3.6161526021439134,0.3580560641224313,0.3580560641224313
3.9318256327243257,4.170781746187481,0.2389561134631557,0.2389561134631557
3.9318256327243257,3.9772910738306733,0.04546544110634754,0.04546544110634754
2.3978952727983707,3.7075355610803884,1.3096402882820177,1.3096402882820177
4.219507705176107,3.984336629454539,-0.23517107572156792,0.23517107572156792
4.454347296253507,3.936948286456223,-0.5173990097972845,0.5173990097972845
3.4339872044851463,3.4117912087256745,-0.02219599575947173,0.02219599575947173
3.5263605246161616,4.044697177623823,0.5183366530076619,0.5183366530076619
3.951243718581427,4.118581463910265,0.1673377453288376,0.1673377453288376
4.394449154672439,4.332475684067141,-0.0619734706052979,0.0619734706052979
3.044522437723423,3.2929216849363145,0.24839924721289153,0.24839924721289153
3.713572066704308,3.841287506516724,0.12771543981241607,0.12771543981241607
4.394449154672439,4.078420781519609,-0.3160283731528297,0.3160283731528297
3.9318256327243257,4.047444569190487,0.1156189364661615,0.1156189364661615
3.044522437723423,3.8875850673792893,0.8430626296558663,0.8430626296558663
3.258096538021482,3.555105957529063,0.29700941950758075,0.29700941950758075
3.258096538021482,3.858466307853611,0.6003697698321289,0.6003697698321289
2.772588722239781,3.766065491741283,0.9934767695015019,0.9934767695015019
4.394449154672439,4.081435794828415,-0.31301335984402456,0.31301335984402456
3.258096538021482,3.2423692238525783,-0.015727314168903828,0.015727314168903828
4.2626798770413155,4.249707864673571,-0.01297201236774459,0.01297201236774459
4.454347296253507,4.384379013797227,-0.06996828245627995,0.06996828245627995
3.9318256327243257,3.2901920062142334,-0.6416336265100924,0.6416336265100924
4.2626798770413155,3.8646510551972604,-0.3980288218440551,0.3980288218440551
3.9318256327243257,3.8349834853623967,-0.09684214736192898,0.09684214736192898
3.951243718581427,4.645376138266443,0.6941324196850163,0.6941324196850163
3.58351893845611,3.6693480171365778,0.08582907868046785,0.08582907868046785
4.110873864173311,4.018257113671176,-0.09261675050213558,0.09261675050213558
3.4339872044851463,3.7705534387458686,0.3365662342607223,0.3365662342607223
4.51085950651685,4.1642567327611095,-0.3466027737557402,0.3466027737557402
4.394449154672439,4.119832966903622,-0.27461618776881735,0.27461618776881735
3.9318256327243257,3.8837974782383293,-0.0480281544859964,0.0480281544859964
3.951243718581427,4.094199715076737,0.14295599649531,0.14295599649531
3.9318256327243257,4.00524117222405,0.07341553949972424,0.07341553949972424
3.5263605246161616,3.2325289409308278,-0.2938315836853338,0.2938315836853338
3.218875824868201,4.0512270822943135,0.8323512574261125,0.8323512574261125
3.9318256327243257,3.611932567866222,-0.31989306485810376,0.31989306485810376
4.2626798770413155,4.040107738995198,-0.2225721380461172,0.2225721380461172
3.9318256327243257,4.032181418942801,0.10035578621847518,0.10035578621847518
3.9318256327243257,4.045728757300673,0.11390312457634755,0.11390312457634755
4.23410650459726,3.9145753678744475,-0.3195311367228122,0.3195311367228122
4.290459441148391,4.016245724341295,-0.27421371680709594,0.27421371680709594
4.394449154672439,4.252812281207488,-0.14163687346495113,0.14163687346495113
4.465908118654584,4.090186198610225,-0.37572192004435845,0.37572192004435845
4.394449154672439,4.195628202329447,-0.19882095234299246,0.19882095234299246
4.110873864173311,3.900891840787123,-0.2099820233861882,0.2099820233861882
4.454347296253507,4.090877410867229,-0.36346988538627834,0.36346988538627834
3.5263605246161616,4.0565375487503,0.5301770241341384,0.5301770241341384
4.219507705176107,4.1900959853024045,-0.029411719873702502,0.029411719873702502
4.330733340286331,3.926714969981748,-0.4040183703045832,0.4040183703045832
3.713572066704308,3.5092258898164674,-0.2043461768878405,0.2043461768878405
4.2626798770413155,4.135894666510869,-0.12678521053044634,0.12678521053044634
3.951243718581427,4.170368515958668,0.21912479737724055,0.21912479737724055
3.258096538021482,2.794408242791482,-0.4636882952300003,0.4636882952300003
3.4339872044851463,4.0577493209292275,0.6237621164440812,0.6237621164440812
4.394449154672439,4.081980491726088,-0.3124686629463511,0.3124686629463511
3.5263605246161616,3.77853638157617,0.25217585696000855,0.25217585696000855
3.58351893845611,3.7808878099687826,0.19736887151267268,0.19736887151267268
4.110873864173311,4.049716146662038,-0.06115771751127319,0.06115771751127319
3.4339872044851463,4.16845447641728,0.7344672719321341,0.7344672719321341
4.394449154672439,4.173369535025055,-0.22107961964738454,0.22107961964738454
4.394449154672439,4.170294343400318,-0.224154811272121,0.224154811272121
3.5553480614894135,3.7870067967304255,0.231658735241012,0.231658735241012
2.3978952727983707,3.5510636582843347,1.153168385485964,1.153168385485964
3.713572066704308,4.176622128865175,0.46305006216086664,0.46305006216086664
3.58351893845611,3.4971272702332925,-0.08639166822281741,0.08639166822281741
3.9318256327243257,3.708372899568157,-0.22345273315616865,0.22345273315616865
4.394449154672439,4.105124039222766,-0.28932511544967277,0.28932511544967277
3.044522437723423,3.7718300449883957,0.7273076072649727,0.7273076072649727
3.9318256327243257,4.165567841742281,0.23374220901795484,0.23374220901795484
3.9318256327243257,4.252046641253758,0.3202210085294319,0.3202210085294319
4.394449154672439,3.545535489576902,-0.8489136650955373,0.8489136650955373
4.564348191467836,4.0272480541607845,-0.5371001373070516,0.5371001373070516
3.258096538021482,3.4035051467060438,0.14540860868456162,0.14540860868456162
3.58351893845611,3.761265495653097,0.17774655719698718,0.17774655719698718
4.394449154672439,3.9242242458070553,-0.4702249088653838,0.4702249088653838
3.4339872044851463,3.739429320679834,0.30544211619468786,0.30544211619468786
4.394449154672439,4.037152341201346,-0.357296813471093,0.357296813471093
2.3978952727983707,4.003905145205322,1.6060098724069514,1.6060098724069514
4.330733340286331,4.084988652777438,-0.24574468750889267,0.24574468750889267
4.394449154672439,4.326854557414137,-0.06759459725830208,0.06759459725830208
3.4339872044851463,3.585143533298387,0.15115632881324093,0.15115632881324093
4.2626798770413155,3.954772756809524,-0.30790712023179134,0.30790712023179134
3.9318256327243257,3.780522058183469,-0.15130357454085663,0.15130357454085663
3.218875824868201,4.12772513316802,0.9088493082998186,0.9088493082998186
2.772588722239781,3.307941013859668,0.535352291619887,0.535352291619887
4.465908118654584,4.057876367571339,-0.40803175108324474,0.40803175108324474
4.394449154672439,3.967439302781177,-0.42700985189126195,0.42700985189126195
3.9318256327243257,3.9627777859522086,0.030952153227882917,0.030952153227882917
3.9318256327243257,4.079632448500696,0.14780681577637056,0.14780681577637056
3.713572066704308,3.5285871011802428,-0.18498496552406518,0.18498496552406518
3.713572066704308,3.5972251550429473,-0.11634691166136069,0.11634691166136069
4.2626798770413155,4.072202159312515,-0.1904777177288004,0.1904777177288004
4.51085950651685,4.0940045011651955,-0.4168550053516542,0.4168550053516542
4.499809670330265,4.160123473416985,-0.33968619691327984,0.33968619691327984
4.02535169073515,3.974636696346106,-0.0507149943890437,0.0507149943890437
3.9318256327243257,4.247497135752216,0.31567150302789004,0.31567150302789004
3.713572066704308,4.048248330952959,0.3346762642486514,0.3346762642486514
3.044522437723423,3.212684812473138,0.16816237474971496,0.16816237474971496
3.951243718581427,4.019688024965557,0.06844430638413002,0.06844430638413002
3.951243718581427,3.843867588751083,-0.10737612983034417,0.10737612983034417
3.9318256327243257,3.663565896040449,-0.2682597366838766,0.2682597366838766
3.9318256327243257,4.11645251178947,0.1846268790651444,0.1846268790651444
4.189654742026425,3.9739212257135046,-0.2157335163129206,0.2157335163129206
4.394449154672439,4.30943245375951,-0.08501670091292901,0.08501670091292901
3.9318256327243257,3.9860071182688017,0.054181485544475994,0.054181485544475994
2.772588722239781,3.6644658561603407,0.8918771339205596,0.8918771339205596
3.9318256327243257,3.7461729910694235,-0.18565264165490225,0.18565264165490225
4.394449154672439,4.086879923569846,-0.30756923110259304,0.30756923110259304
3.4339872044851463,3.805768269407114,0.3717810649219677,0.3717810649219677
4.110873864173311,3.956612419912079,-0.15426144426123223,0.15426144426123223
3.9318256327243257,3.4108470919578426,-0.5209785407664831,0.5209785407664831
3.4339872044851463,3.53974124529132,0.10575404080617368,0.10575404080617368
2.772588722239781,3.204756382431481,0.4321676601916997,0.4321676601916997
4.454347296253507,4.02578149060967,-0.4285658056438377,0.4285658056438377
3.044522437723423,4.299023699217984,1.254501261494561,1.254501261494561
4.2626798770413155,3.9983480059330407,-0.2643318711082747,0.2643318711082747
3.4339872044851463,3.3985001164141915,-0.0354870880709548,0.0354870880709548
4.110873864173311,3.8480649326620906,-0.26280893151122076,0.26280893151122076
4.394449154672439,4.233640015203222,-0.16080913946921704,0.16080913946921704
4.2626798770413155,3.900998412189229,-0.3616814648520865,0.3616814648520865
4.465908118654584,4.444325447152962,-0.021582671501621853,0.021582671501621853
3.5553480614894135,3.807422772704374,0.2520747112149606,0.2520747112149606
3.713572066704308,3.6466238910139053,-0.06694817569040268,0.06694817569040268
4.454347296253507,4.407580983304143,-0.046766312949364064,0.046766312949364064
3.258096538021482,3.815843539527155,0.5577470015056729,0.5577470015056729
3.951243718581427,4.134004650405954,0.1827609318245269,0.1827609318245269
3.9318256327243257,3.6198034479411456,-0.3120221847831801,0.3120221847831801
4.330733340286331,3.947352022944635,-0.383381317341696,0.383381317341696
4.394449154672439,4.046896075980996,-0.34755307869144314,0.34755307869144314
4.51085950651685,4.397673078346656,-0.11318642817019331,0.11318642817019331
3.828641396489095,4.029706011164297,0.20106461467520198,0.20106461467520198
3.4339872044851463,2.949983505945756,-0.4840036985393903,0.4840036985393903
4.110873864173311,3.802286853132098,-0.30858701104121344,0.30858701104121344
3.5263605246161616,3.991449256458613,0.46508873184245125,0.46508873184245125
3.58351893845611,3.71112874116234,0.12760980270623,0.12760980270623
4.51085950651685,4.13124853220795,-0.3796109743088998,0.3796109743088998
4.2626798770413155,4.073007407223566,-0.18967246981774988,0.18967246981774988
3.713572066704308,3.4727763738457145,-0.24079569285859348,0.24079569285859348
3.4339872044851463,3.2619421499934718,-0.1720450544916745,0.1720450544916745
3.9318256327243257,3.54093893173462,-0.3908867009897059,0.3908867009897059
3.258096538021482,3.4727763738457145,0.21467983582423233,0.21467983582423233
3.044522437723423,3.403052470997672,0.35853003327424915,0.35853003327424915
4.110873864173311,3.874465883995476,-0.23640798017783515,0.23640798017783515
2.3978952727983707,3.2401515475328964,0.8422562747345257,0.8422562747345257
3.713572066704308,3.308775844427882,-0.40479622227642587,0.40479622227642587
2.3978952727983707,3.917700434540877,1.5198051617425063,1.5198051617425063
3.258096538021482,3.8756545653528187,0.6175580273313366,0.6175580273313366
4.02535169073515,4.12833292065183,0.10298122991668013,0.10298122991668013
3.9318256327243257,4.100428114702799,0.1686024819784735,0.1686024819784735
3.713572066704308,3.7234293024229927,0.009857235718684798,0.009857235718684798
4.330733340286331,4.10548805411715,-0.22524528616918094,0.22524528616918094
4.394449154672439,4.139940403308854,-0.2545087513635851,0.2545087513635851
3.951243718581427,4.11501623656314,0.16377251798171333,0.16377251798171333
3.4339872044851463,3.909624530121809,0.47563732563666283,0.47563732563666283
3.9318256327243257,4.123700025174657,0.19187439245033167,0.19187439245033167
3.9318256327243257,4.135201342457632,0.20337570973330665,0.20337570973330665
3.258096538021482,3.551245495557051,0.293148957535569,0.293148957535569
4.51085950651685,4.0885584768596654,-0.4223010296571843,0.4223010296571843
3.713572066704308,3.838372780303173,0.12480071359886491,0.12480071359886491
3.9318256327243257,3.864409878678984,-0.06741575404534172,0.06741575404534172
3.58351893845611,2.9385104692515034,-0.6450084692046065,0.6450084692046065
4.394449154672439,3.81577561914611,-0.5786735355263293,0.5786735355263293
4.394449154672439,3.9856206107657384,-0.40882854390670076,0.40882854390670076
3.713572066704308,4.001928396962029,0.288356330257721,0.288356330257721
3.9318256327243257,3.8805200377888758,-0.05130559493544995,0.05130559493544995
3.951243718581427,4.168162798047628,0.2169190794662006,0.2169190794662006
3.258096538021482,3.531064773237068,0.2729682352155858,0.2729682352155858
4.465908118654584,4.115917065517966,-0.34999105313661794,0.34999105313661794
3.044522437723423,3.644844816998984,0.600322379275561,0.600322379275561
3.951243718581427,4.194962033982276,0.24371831540084887,0.24371831540084887
4.51085950651685,4.075330269412405,-0.43552923710444436,0.43552923710444436
3.9318256327243257,3.8555775299677304,-0.07624810275659533,0.07624810275659533
2.3978952727983707,3.4935509071988387,1.095655634400468,1.095655634400468
3.4339872044851463,4.001514174158021,0.5675269696728744,0.5675269696728744
3.9318256327243257,3.8288669746509423,-0.10295865807338345,0.10295865807338345
3.951243718581427,4.1048289667663544,0.15358524818492736,0.15358524818492736
4.30406509320417,4.306975344094465,0.002910250890295174,0.002910250890295174
4.394449154672439,4.037070387183351,-0.35737876748908803,0.35737876748908803
3.044522437723423,3.298642091394262,0.254119653670839,0.254119653670839
4.477336814478207,4.239600252030174,-0.23773656244803298,0.23773656244803298
3.044522437723423,3.69029556993197,0.6457731322085469,0.6457731322085469
4.219507705176107,3.894176131270254,-0.3253315739058529,0.3253315739058529
3.58351893845611,3.720564370019475,0.13704543156336513,0.13704543156336513
4.454347296253507,4.041305986486141,-0.4130413097673662,0.4130413097673662
3.9318256327243257,3.849559483052857,-0.08226614967146872,0.08226614967146872
4.330733340286331,4.375538247843337,0.04480490755700561,0.04480490755700561
4.394449154672439,3.829525456092842,-0.5649236985795971,0.5649236985795971
3.9318256327243257,3.9028107412278805,-0.029014891496445205,0.029014891496445205
4.189654742026425,3.8517468974191527,-0.3379078446072725,0.3379078446072725
3.951243718581427,4.1324405753863775,0.18119685680495046,0.18119685680495046
3.713572066704308,3.522271877466265,-0.19130018923804304,0.19130018923804304
4.394449154672439,3.949091938672028,-0.44535721600041134,0.44535721600041134
3.4339872044851463,3.6363977432686303,0.20241053878348403,0.20241053878348403
4.394449154672439,4.105962534418441,-0.2884866202539982,0.2884866202539982
3.9318256327243257,4.072662988327658,0.14083735560333244,0.14083735560333244
4.2626798770413155,4.143604855161706,-0.11907502187960972,0.11907502187960972
3.4339872044851463,3.6243851153017976,0.19039791081665136,0.19039791081665136
4.110873864173311,4.0140242826165915,-0.09684958155671985,0.09684958155671985
3.6635616461296463,3.537661202529099,-0.12590044360054709,0.12590044360054709
3.044522437723423,3.9557685662076874,0.9112461284842643,0.9112461284842643
3.044522437723423,4.102963192104141,1.0584407543807184,1.0584407543807184
3.4339872044851463,3.518343469057267,0.08435626457212075,0.08435626457212075
4.51085950651685,4.1499217144084914,-0.3609377921083583,0.3609377921083583
4.330733340286331,3.8118885749225306,-0.5188447653638004,0.5188447653638004
3.9318256327243257,3.6148698206605037,-0.31695581206382206,0.31695581206382206
4.330733340286331,4.195385682892796,-0.1353476573935355,0.1353476573935355
4.394449154672439,4.0132365393651765,-0.3812126153072626,0.3812126153072626
3.58351893845611,3.4376639606393615,-0.1458549778167484,0.1458549778167484
4.2626798770413155,3.9173865243954102,-0.3452933526459052,0.3452933526459052
3.951243718581427,4.096943327500608,0.14569960891918132,0.14569960891918132
3.9318256327243257,4.022880758268463,0.0910551255441372,0.0910551255441372
4.51085950651685,4.381271317333757,-0.12958818918309234,0.12958818918309234
4.330733340286331,4.1111680600788985,-0.2195652802074326,0.2195652802074326
3.951243718581427,4.067324010850172,0.1160802922687445,0.1160802922687445
3.951243718581427,4.008460742158776,0.05721702357734859,0.05721702357734859
4.2626798770413155,4.0773371356639485,-0.18534274137736695,0.18534274137736695
3.9318256327243257,3.7054194393134106,-0.22640619341091517,0.22640619341091517
3.258096538021482,3.2381425381084963,-0.019953999912985854,0.019953999912985854
3.9318256327243257,3.759233709626923,-0.17259192309740268,0.17259192309740268
4.394449154672439,3.858283784545021,-0.536165370127418,0.536165370127418
3.044522437723423,4.143494264011532,1.0989718262881092,1.0989718262881092
3.713572066704308,3.849916361508683,0.13634429480437493,0.13634429480437493
4.394449154672439,4.1641804608508535,-0.23026869382158566,0.23026869382158566
4.394449154672439,3.697635298458727,-0.6968138562137121,0.6968138562137121
3.258096538021482,3.989807513934795,0.7317109759133129,0.7317109759133129
3.58351893845611,3.769805503530079,0.1862865650739689,0.1862865650739689
4.110873864173311,4.0807597661136645,-0.03011409805964682,0.03011409805964682
3.8501476017100584,3.77988702855055,-0.07026057315950851,0.07026057315950851
3.9318256327243257,4.140275192480405,0.20844955975607915,0.20844955975607915
3.9318256327243257,3.888238088449299,-0.04358754427502687,0.04358754427502687
3.9318256327243257,3.7597018263812014,-0.1721238063431243,0.1721238063431243
3.58351893845611,3.9191293289025495,0.3356103904464396,0.3356103904464396
4.2626798770413155,3.815729122259566,-0.4469507547817493,0.4469507547817493
3.9318256327243257,3.99976465492827,0.06793902220394443,0.06793902220394443
3.58351893845611,3.4098262885134636,-0.17369264994264633,0.17369264994264633
4.394449154672439,4.127114548709503,-0.2673346059629358,0.2673346059629358
3.828641396489095,3.545659080927332,-0.282982315561763,0.282982315561763
3.4339872044851463,3.64121874355415,0.20723153906900382,0.20723153906900382
3.951243718581427,4.156219673549015,0.2049759549675878,0.2049759549675878
3.9318256327243257,3.524810658782993,-0.4070149739413327,0.4070149739413327
4.51085950651685,3.9020850401798546,-0.6087744663369952,0.6087744663369952
4.394449154672439,4.039020129668571,-0.3554290250038683,0.3554290250038683
3.9318256327243257,3.544703329333604,-0.3871223033907216,0.3871223033907216
4.330733340286331,4.454958654473929,0.12422531418759775,0.12422531418759775
3.044522437723423,3.78190611176689,0.7373836740434672,0.7373836740434672
4.110873864173311,4.030633749445076,-0.08024011472823567,0.08024011472823567
4.330733340286331,4.1811599169487055,-0.14957342333762558,0.14957342333762558
4.330733340286331,4.171489695783664,-0.15924364450266726,0.15924364450266726
4.2626798770413155,4.062471854538046,-0.2002080225032694,0.2002080225032694
3.9318256327243257,4.18296941172452,0.25114377900019447,0.25114377900019447
3.044522437723423,3.585519257138058,0.5409968194146351,0.5409968194146351
4.51085950651685,4.122736174482697,-0.3881233320341524,0.3881233320341524
4.1588830833596715,3.903449044479662,-0.2554340388800096,0.2554340388800096
4.394449154672439,4.166489291461366,-0.22795986321107353,0.22795986321107353
4.330733340286331,4.405624173124771,0.07489083283843989,0.07489083283843989
3.4339872044851463,3.657632355491184,0.22364515100603777,0.22364515100603777
3.713572066704308,3.7624102624342246,0.048838195729916656,0.048838195729916656
3.951243718581427,4.142331759716306,0.1910880411348792,0.1910880411348792
4.219507705176107,4.065448988415679,-0.15405871676042793,0.15405871676042793
4.2626798770413155,4.072907907677729,-0.1897719693635862,0.1897719693635862
3.044522437723423,3.549812751280368,0.5052903135569449,0.5052903135569449
3.9318256327243257,4.097905157615527,0.16607952489120104,0.16607952489120104
4.110873864173311,3.8130392910073647,-0.29783457316594664,0.29783457316594664
3.258096538021482,3.200515381538655,-0.05758115648282702,0.05758115648282702
3.4339872044851463,3.887607348610203,0.4536201441250567,0.4536201441250567
3.58351893845611,3.6948141218624375,0.1112951834063276,0.1112951834063276
4.51085950651685,4.3686773723884285,-0.1421821341284213,0.1421821341284213
3.258096538021482,4.207236804765454,0.9491402667439721,0.9491402667439721
4.454347296253507,3.9460002075718683,-0.508347088681639,0.508347088681639
3.713572066704308,4.0073279054808415,0.29375583877653355,0.29375583877653355
3.044522437723423,3.984383535886753,0.93986109816333,0.93986109816333
3.044522437723423,3.198168207311939,0.15364576958851606,0.15364576958851606
4.394449154672439,4.0690524124858225,-0.3253967421866166,0.3253967421866166
4.394449154672439,4.0298501208299555,-0.3645990338424836,0.3645990338424836
3.828641396489095,4.136916603873822,0.30827520738472725,0.30827520738472725
3.258096538021482,3.7298804858495904,0.4717839478281083,0.4717839478281083
4.51085950651685,4.043544029758583,-0.4673154767582668,0.4673154767582668
3.044522437723423,3.3577837221212525,0.3132612843978295,0.3132612843978295
3.951243718581427,4.184027846753026,0.23278412817159921,0.23278412817159921
3.044522437723423,3.0392222057297262,-0.00530023199369678,0.00530023199369678
4.5217885770490405,4.18314608505845,-0.3386424919905906,0.3386424919905906
3.4339872044851463,3.671921306247783,0.23793410176263663,0.23793410176263663
3.9318256327243257,3.8888884601585243,-0.04293717256580143,0.04293717256580143
4.110873864173311,4.158525051830802,0.047651187657490546,0.047651187657490546
3.9318256327243257,3.622617354415291,-0.30920827830903486,0.30920827830903486
4.2626798770413155,4.359164602795476,0.09648472575416012,0.09648472575416012
3.5263605246161616,4.042924221665544,0.5165636970493823,0.5165636970493823
3.713572066704308,3.76633960240399,0.05276753569968218,0.05276753569968218
3.951243718581427,4.17161003469521,0.22036631611378255,0.22036631611378255
3.9318256327243257,4.031744367357844,0.09991873463351864,0.09991873463351864
3.9318256327243257,4.0612493187957,0.12942368607137444,0.12942368607137444
3.9318256327243257,4.0359462855396595,0.10412065281533378,0.10412065281533378
3.9318256327243257,4.009910684427769,0.07808505170344349,0.07808505170344349
3.9318256327243257,3.910393865662278,-0.021431767062047857,0.021431767062047857
4.2626798770413155,3.9932898398163146,-0.2693900372250009,0.2693900372250009
3.951243718581427,4.126568392659804,0.17532467407837693,0.17532467407837693
3.9318256327243257,3.9608492135604427,0.029023580836117002,0.029023580836117002
4.330733340286331,3.6459313635765698,-0.6848019767097613,0.6848019767097613
3.713572066704308,3.8455367533646876,0.13196468666037964,0.13196468666037964
4.2626798770413155,4.27681253972666,0.014132662685344854,0.014132662685344854
4.248495242049359,3.961203936739175,-0.28729130531018443,0.28729130531018443
3.044522437723423,3.5080964552302616,0.4635740175068386,0.4635740175068386
4.394449154672439,3.8779815065152903,-0.5164676481571489,0.5164676481571489
3.4339872044851463,3.582131207888565,0.1481440034034187,0.1481440034034187
4.189654742026425,3.991922852345179,-0.1977318896812461,0.1977318896812461
3.044522437723423,3.6596355680630244,0.6151131303396014,0.6151131303396014
4.51085950651685,4.213923589119022,-0.29693591739782743,0.29693591739782743
4.394449154672439,4.081947693721872,-0.31250146095056675,0.31250146095056675
3.951243718581427,4.104558273191962,0.15331455461053523,0.15331455461053523
3.4339872044851463,4.010225392959333,0.5762381884741865,0.5762381884741865
4.454347296253507,4.2606443094723145,-0.1937029867811928,0.1937029867811928
3.713572066704308,3.530286914233125,-0.18328515247118293,0.18328515247118293
4.2626798770413155,4.103597286677332,-0.1590825903639832,0.1590825903639832
4.330733340286331,3.854915238900715,-0.4758181013856162,0.4758181013856162
3.9318256327243257,3.735808633573262,-0.19601699915106385,0.19601699915106385
4.51085950651685,4.181702818667647,-0.3291566878492027,0.3291566878492027
4.330733340286331,4.02097059539315,-0.309762744893181,0.309762744893181
3.58351893845611,3.6817333852476537,0.09821444679154379,0.09821444679154379
3.713572066704308,4.153595269836082,0.4400232031317737,0.4400232031317737
4.394449154672439,4.177311720573917,-0.2171374340985217,0.2171374340985217
3.9318256327243257,3.619894038753003,-0.31193159397132275,0.31193159397132275
4.499809670330265,4.109454952954667,-0.39035471737559835,0.39035471737559835
4.110873864173311,4.048386944085788,-0.06248692008752332,0.06248692008752332
3.951243718581427,4.282061455729846,0.33081773714841933,0.33081773714841933
3.9318256327243257,3.4941253260487057,-0.43770030667562,0.43770030667562
4.51085950651685,4.3809459741675205,-0.12991353234932923,0.12991353234932923
3.4339872044851463,3.754977195110185,0.32098999062503886,0.32098999062503886
4.394449154672439,3.9294293112859457,-0.4650198433864934,0.4650198433864934
4.110873864173311,4.1523311836679495,0.041457319494638156,0.041457319494638156
3.258096538021482,3.321015380307239,0.06291884228575695,0.06291884228575695
4.356708826689592,4.255770206236941,-0.10093862045265034,0.10093862045265034
3.80666248977032,4.008429827080493,0.2017673373101725,0.2017673373101725
4.189654742026425,4.224155179004053,0.034500436977627835,0.034500436977627835
4.290459441148391,4.134007047264997,-0.15645239388339416,0.15645239388339416
3.4339872044851463,4.102842365203579,0.668855160718433,0.668855160718433
3.713572066704308,4.069319695123654,0.35574762841934593,0.35574762841934593
4.110873864173311,3.825018310941403,-0.2858555532319085,0.2858555532319085
4.110873864173311,4.223573464182409,0.11269960000909762,0.11269960000909762
4.394449154672439,3.969699180677206,-0.4247499739952332,0.4247499739952332
4.2626798770413155,4.082294157262687,-0.18038571977862805,0.18038571977862805
4.110873864173311,3.9901078119905518,-0.1207660521827596,0.1207660521827596
4.394449154672439,4.374133940487221,-0.02031521418521809,0.02031521418521809
4.02535169073515,3.5717962490012534,-0.4535554417338963,0.4535554417338963
3.9318256327243257,4.31050577446594,0.3786801417416146,0.3786801417416146
3.9318256327243257,3.770238153305037,-0.16158747941928864,0.16158747941928864
4.110873864173311,4.063963984276386,-0.04690987989692541,0.04690987989692541
2.3978952727983707,3.4424501185250596,1.0445548457266889,1.0445548457266889
2.3978952727983707,3.796591324786251,1.3986960519878804,1.3986960519878804
3.044522437723423,3.5043363410062307,0.4598139032828077,0.4598139032828077
4.51085950651685,4.468767193184803,-0.04209231333204677,0.04209231333204677
3.4339872044851463,3.8693716910712324,0.4353844865860861,0.4353844865860861
3.951243718581427,4.1969178970046155,0.2456741784231884,0.2456741784231884
4.330733340286331,4.2275973423743665,-0.1031359979119646,0.1031359979119646
4.2626798770413155,4.062936551416814,-0.19974332562450137,0.19974332562450137
4.51085950651685,4.056215800575574,-0.454643705941276,0.454643705941276
4.330733340286331,3.9122362332037053,-0.4184971070826258,0.4184971070826258
4.02535169073515,3.6949803653432176,-0.33037132539193204,0.33037132539193204
3.951243718581427,3.9654422952541704,0.014198576672743268,0.014198576672743268
3.9318256327243257,3.838372780303173,-0.09345285242115287,0.09345285242115287
4.189654742026425,4.070422695872158,-0.1192320461542673,0.1192320461542673
3.951243718581427,3.9654422952541704,0.014198576672743268,0.014198576672743268
3.044522437723423,4.100856998021779,1.0563345602983563,1.0563345602983563
3.9318256327243257,3.8458265830150955,-0.08599904970923022,0.08599904970923022
4.110873864173311,3.9307873088378473,-0.18008655533546403,0.18008655533546403
4.110873864173311,4.1176669027972554,0.006793038623944092,0.006793038623944092
3.9318256327243257,4.142067865141528,0.2102422324172024,0.2102422324172024
3.713572066704308,3.633337069570895,-0.08023499713341309,0.08023499713341309
3.9318256327243257,3.9557143218910307,0.023888689166704946,0.023888689166704946
4.330733340286331,4.1320474387319335,-0.19868590155439758,0.19868590155439758
3.258096538021482,3.334868206949376,0.07677166892789389,0.07677166892789389
3.9318256327243257,3.6666488514118347,-0.265176781312491,0.265176781312491
3.713572066704308,3.6363583674230537,-0.07721369928125421,0.07721369928125421
4.2626798770413155,3.5480317890813664,-0.714648087959949,0.714648087959949
4.454347296253507,4.10282763166309,-0.35151966459041706,0.35151966459041706
4.51085950651685,4.494229720999583,-0.01662978551726635,0.01662978551726635
4.2626798770413155,4.218814201770034,-0.04386567527128182,0.04386567527128182
2.3978952727983707,3.897797385844134,1.4999021130457635,1.4999021130457635
4.2626798770413155,4.002672368235867,-0.2600075088054483,0.2600075088054483
4.564348191467836,4.098816470870838,-0.46553172059699843,0.46553172059699843
3.9318256327243257,3.875590548357968,-0.056235084366357935,0.056235084366357935
4.3694478524670215,4.062387937730615,-0.30705991473640637,0.30705991473640637
4.2626798770413155,4.027004083740636,-0.2356757933006799,0.2356757933006799
4.394449154672439,4.066031629476949,-0.3284175251954897,0.3284175251954897
4.394449154672439,4.311009202614807,-0.0834399520576321,0.0834399520576321
3.4339872044851463,3.9980252947256796,0.5640380902405333,0.5640380902405333
4.394449154672439,3.981560484602196,-0.412888670070243,0.412888670070243
3.80666248977032,4.4531285781370125,0.6464660883666924,0.6464660883666924
3.332204510175204,4.078173595898272,0.7459690857230679,0.7459690857230679
4.51085950651685,4.106442762180834,-0.4044167443360154,0.4044167443360154
3.9318256327243257,3.9382266320812445,0.006400999356918735,0.006400999356918735
3.9318256327243257,3.7481395831471502,-0.1836860495771755,0.1836860495771755
4.2626798770413155,4.025221909413597,-0.23745796762771842,0.23745796762771842
3.044522437723423,3.674840200608825,0.6303177628854022,0.6303177628854022
3.9318256327243257,4.059812693309147,0.12798706058482123,0.12798706058482123
2.772588722239781,3.5290177587426808,0.7564290365028996,0.7564290365028996
4.51085950651685,3.8808632678716295,-0.6299962386452203,0.6299962386452203
4.465908118654584,4.13702619270906,-0.3288819259455238,0.3288819259455238
3.044522437723423,3.390649323916973,0.34612688619355003,0.34612688619355003
3.258096538021482,3.2788795771982677,0.02078303917678559,0.02078303917678559
4.189654742026425,3.7155539120687324,-0.47410082995769276,0.47410082995769276
3.5263605246161616,3.7949396812513676,0.26857915663520604,0.26857915663520604
3.9318256327243257,3.900998412189229,-0.03082722053509679,0.03082722053509679
3.9318256327243257,3.813777365988741,-0.11804826673558466,0.11804826673558466
3.9318256327243257,3.7401895728290104,-0.1916360598953153,0.1916360598953153
3.58351893845611,3.5745355956157265,-0.00898334284038338,0.00898334284038338
4.394449154672439,4.160518266568694,-0.23393088810374518,0.23393088810374518
4.442651256490317,4.055790432109381,-0.3868608243809355,0.3868608243809355
3.9318256327243257,3.6078741405955035,-0.32395149212882224,0.32395149212882224
4.330733340286331,4.211273418079485,-0.11945992220684598,0.11945992220684598
4.2626798770413155,3.978965061058724,-0.2837148159825915,0.2837148159825915
3.951243718581427,4.148939256310396,0.1976955377289693,0.1976955377289693
3.9318256327243257,3.618143606478762,-0.3136820262455635,0.3136820262455635
3.4339872044851463,3.378052628117073,-0.05593457636807342,0.05593457636807342
3.044522437723423,3.5608128645504777,0.5162904268270547,0.5162904268270547
4.290459441148391,4.099590907320942,-0.19086853382744895,0.19086853382744895
3.9318256327243257,3.5615366266388326,-0.3702890060854931,0.3702890060854931
3.9318256327243257,4.187668569288422,0.2558429365640964,0.2558429365640964
4.290459441148391,4.213918891985886,-0.0765405491625053,0.0765405491625053
4.394449154672439,4.281623805500821,-0.1128253491716178,0.1128253491716178
3.9318256327243257,3.743769877828411,-0.18805575489591453,0.18805575489591453
3.258096538021482,3.6081739983386103,0.35007746031712816,0.35007746031712816
4.110873864173311,3.814007715959438,-0.29686614821387325,0.29686614821387325
3.4339872044851463,4.019400564825336,0.5854133603401896,0.5854133603401896
3.9318256327243257,3.5900451436181773,-0.34178048910614844,0.34178048910614844
3.4339872044851463,3.9929602894851874,0.5589730850000412,0.5589730850000412
3.044522437723423,3.8008203244288463,0.7562978867054233,0.7562978867054233
3.5263605246161616,3.9281525398729165,0.4017920152567549,0.4017920152567549
4.454347296253507,4.145499782109219,-0.3088475141442881,0.3088475141442881
4.394449154672439,4.233541490289781,-0.16090766438265813,0.16090766438265813
4.110873864173311,3.940374152886526,-0.17049971128678543,0.17049971128678543
4.330733340286331,4.0359462855396595,-0.29478705474667155,0.29478705474667155
3.4339872044851463,3.505217300431699,0.07123009594655283,0.07123009594655283
3.951243718581427,4.199566193487493,0.24832247490606552,0.24832247490606552
3.9318256327243257,4.057028434609133,0.1252028018848077,0.1252028018848077
4.51085950651685,4.1867154716835975,-0.32414403483325227,0.32414403483325227
4.219507705176107,4.117609513441905,-0.10189819173420211,0.10189819173420211
3.044522437723423,3.983915799455576,0.939393361732153,0.939393361732153
3.951243718581427,3.8442589838944876,-0.10698473468693948,0.10698473468693948
3.4339872044851463,4.08429783225886,0.6503106277737141,0.6503106277737141
4.02535169073515,3.7436997139920196,-0.28165197674313003,0.28165197674313003
3.9318256327243257,3.920390778239955,-0.01143485448437076,0.01143485448437076
3.9318256327243257,3.791714113772739,-0.1401115189515867,0.1401115189515867
4.51085950651685,4.138529535855365,-0.3723299706614851,0.3723299706614851
4.330733340286331,4.2011268430665085,-0.12960649721982254,0.12960649721982254
2.772588722239781,3.731193057743684,0.9586043355039027,0.9586043355039027
4.204692619390966,4.262438087268461,0.05774546787749557,0.05774546787749557
4.394449154672439,4.214736507279452,-0.17971264739298753,0.17971264739298753
3.258096538021482,3.438754152290832,0.18065761426934968,0.18065761426934968
3.044522437723423,3.473733985268865,0.4292115475454419,0.4292115475454419
4.330733340286331,3.8013373217058577,-0.5293960185804734,0.5293960185804734
3.9318256327243257,3.9186330736868062,-0.01319255903751948,0.01319255903751948
4.2626798770413155,4.050129971537646,-0.21254990550366948,0.21254990550366948
3.9318256327243257,3.508891807439241,-0.4229338252850847,0.4229338252850847
3.9318256327243257,4.027848528311081,0.09602289558675503,0.09602289558675503
4.394449154672439,3.8486852812632337,-0.5457638734092054,0.5457638734092054
4.110873864173311,3.7839865341973278,-0.3268873299759836,0.3268873299759836
3.9318256327243257,4.275880733605057,0.3440551008807309,0.3440551008807309
3.258096538021482,3.5955721235549496,0.33747558553346746,0.33747558553346746
4.51085950651685,4.0511901827025705,-0.4596693238142793,0.4596693238142793
4.51085950651685,4.289025078790191,-0.22183442772665884,0.22183442772665884
4.477336814478207,4.054081777638618,-0.4232550368395884,0.4232550368395884
4.394449154672439,4.16916320463004,-0.22528595004239893,0.22528595004239893
4.110873864173311,3.6794791534379363,-0.43139471073537505,0.43139471073537505
4.394449154672439,3.837831832292206,-0.5566173223802333,0.5566173223802333
3.9318256327243257,4.00524117222405,0.07341553949972424,0.07341553949972424
3.044522437723423,3.634167694802249,0.5896452570788262,0.5896452570788262
4.454347296253507,4.268893476056177,-0.18545382019733037,0.18545382019733037
4.394449154672439,4.134397970747209,-0.2600511839252304,0.2600511839252304
4.2626798770413155,3.976520276736725,-0.28615960030459053,0.28615960030459053
3.9318256327243257,3.912882036954107,-0.018943595770218646,0.018943595770218646
4.394449154672439,4.186183504639289,-0.2082656500331499,0.2082656500331499
3.828641396489095,3.6732339451626466,-0.1554074513264485,0.1554074513264485
4.465908118654584,4.35532866172591,-0.11057945692867399,0.11057945692867399
3.713572066704308,4.05204737702757,0.33847531032326206,0.33847531032326206
3.9318256327243257,3.878552581621709,-0.05327305110261671,0.05327305110261671
4.189654742026425,3.9353567758491286,-0.2542979661772966,0.2542979661772966
3.713572066704308,3.5842764733123182,-0.1292955933919897,0.1292955933919897
3.044522437723423,3.834755224504403,0.79023278678098,0.79023278678098
4.2626798770413155,4.012761101745207,-0.2499187752961083,0.2499187752961083
3.9318256327243257,3.736548500155228,-0.19527713256909784,0.19527713256909784
4.2626798770413155,4.102905314654843,-0.15977456238647214,0.15977456238647214
4.2626798770413155,4.197992729146797,-0.06468714789451813,0.06468714789451813
4.204692619390966,3.9506110621725625,-0.2540815572184032,0.2540815572184032
3.9318256327243257,3.890505262704349,-0.04132037001997668,0.04132037001997668
3.9318256327243257,3.7898910383959645,-0.1419345943283612,0.1419345943283612
3.4339872044851463,3.499254181446058,0.06526697696091155,0.06526697696091155
3.044522437723423,3.48691152066647,0.442389082943047,0.442389082943047
3.4339872044851463,3.4969576275024243,0.06297042301727807,0.06297042301727807
4.290459441148391,4.101156321952918,-0.18930311919547282,0.18930311919547282
4.564348191467836,4.133518709696158,-0.4308294817716778,0.4308294817716778
3.713572066704308,3.8558531318905493,0.1422810651862414,0.1422810651862414
4.330733340286331,4.219195732842884,-0.11153760744344687,0.11153760744344687
4.2626798770413155,4.087010108984898,-0.17566976805641765,0.17566976805641765
3.258096538021482,3.8228104128010196,0.5647138747795375,0.5647138747795375
2.3978952727983707,3.974850879685997,1.5769556068876263,1.5769556068876263
3.4339872044851463,3.5041116340489626,0.07012442956381637,0.07012442956381637
4.51085950651685,4.358035460264541,-0.1528240462523085,0.1528240462523085
3.9318256327243257,3.9547891423636488,0.022963509639323032,0.022963509639323032
3.951243718581427,3.7256530217825548,-0.22559069679887234,0.22559069679887234
3.713572066704308,4.192850308033669,0.4792782413293608,0.4792782413293608
4.330733340286331,4.400173113531604,0.06943977324527317,0.06943977324527317
4.110873864173311,3.93110394262196,-0.17976992155135152,0.17976992155135152
4.394449154672439,4.239339752493572,-0.15510940217886748,0.15510940217886748
4.02535169073515,3.55907678820053,-0.4662749025346198,0.4662749025346198
4.2626798770413155,3.98877621562195,-0.2739036614193653,0.2739036614193653
4.2626798770413155,3.8777579234177058,-0.3849219536236097,0.3849219536236097
3.218875824868201,2.8548819394889287,-0.36399388537927235,0.36399388537927235
4.465908118654584,4.106097124551307,-0.35981099410327655,0.35981099410327655
3.9318256327243257,4.0924297465798025,0.1606041138554768,0.1606041138554768
4.110873864173311,3.868914821757773,-0.24195904241553823,0.24195904241553823
4.248495242049359,4.042451879955742,-0.2060433620936175,0.2060433620936175
3.9318256327243257,3.967439302781177,0.035613670056851454,0.035613670056851454
2.772588722239781,3.5111143708439463,0.7385256486041651,0.7385256486041651
4.2626798770413155,4.0919167423348055,-0.17076313470650994,0.17076313470650994
3.9318256327243257,4.140638436474177,0.20881280374985112,0.20881280374985112
3.9318256327243257,3.8651972016109286,-0.06662843111339711,0.06662843111339711
3.951243718581427,4.1520113674586065,0.20076764887717946,0.20076764887717946
3.9318256327243257,3.90204158643136,-0.029784046292965716,0.029784046292965716
4.330733340286331,4.447323957534241,0.11659061724791009,0.11659061724791009
3.4339872044851463,3.9853694554645775,0.5513822509794313,0.5513822509794313
4.2626798770413155,4.159469601300991,-0.1032102757403246,0.1032102757403246
4.07753744390572,3.8483850766670225,-0.22915236723869725,0.22915236723869725
3.1354942159291497,3.2036177503770746,0.06812353444792496,0.06812353444792496
4.394449154672439,4.247193680612688,-0.14725547405975092,0.14725547405975092
3.9318256327243257,3.557966504141926,-0.3738591285823998,0.3738591285823998
4.110873864173311,4.1418685159881665,0.030994651814855168,0.030994651814855168
3.951243718581427,3.895425777310781,-0.0558179412706461,0.0558179412706461
4.394449154672439,3.9573349467487158,-0.43711420792372335,0.43711420792372335
4.394449154672439,4.17847542611029,-0.21597372856214925,0.21597372856214925
4.394449154672439,4.145172374225899,-0.24927678044654034,0.24927678044654034
4.2626798770413155,4.281983182700785,0.01930330565946914,0.01930330565946914
3.9318256327243257,3.4161529846290186,-0.5156726480953071,0.5156726480953071
3.58351893845611,3.289625579838836,-0.29389335861727384,0.29389335861727384
3.58351893845611,3.903997118127015,0.3204781796709053,0.3204781796709053
4.330733340286331,4.105525492461226,-0.2252078478251054,0.2252078478251054
4.394449154672439,4.396479288556273,0.0020301338838342176,0.0020301338838342176
4.189654742026425,4.110061661815654,-0.07959308021077138,0.07959308021077138
3.9318256327243257,3.7875597427104877,-0.14426589001383805,0.14426589001383805
4.394449154672439,4.297584753194419,-0.09686440147801978,0.09686440147801978
4.189654742026425,3.8195124443255537,-0.3701422977008715,0.3701422977008715
4.418840607796598,4.110249732472346,-0.3085908753242519,0.3085908753242519
3.9318256327243257,3.8617873226939645,-0.0700383100303612,0.0700383100303612
3.9318256327243257,3.2958197676982133,-0.6360058650261124,0.6360058650261124
3.828641396489095,3.706966656290626,-0.12167474019846924,0.12167474019846924
3.044522437723423,3.518594201286046,0.4740717635626228,0.4740717635626228
4.394449154672439,3.991877304920382,-0.4025718497520572,0.4025718497520572
4.330733340286331,3.933242213125589,-0.397491127160742,0.397491127160742
3.871201010907891,3.9077622705794575,0.036561259671566315,0.036561259671566315
3.58351893845611,3.549936180557326,-0.03358275789878373,0.03358275789878373
4.330733340286331,3.7515146364756067,-0.5792187038107244,0.5792187038107244
4.454347296253507,4.1172678069405695,-0.33707948931293785,0.33707948931293785
3.9318256327243257,4.121799029083208,0.18997339635888233,0.18997339635888233
3.4339872044851463,3.837237073383478,0.4032498688983317,0.4032498688983317
3.044522437723423,3.4103778867085515,0.36585544898512845,0.36585544898512845
4.394449154672439,4.479730121102751,0.0852809664303118,0.0852809664303118
2.3978952727983707,3.5238363777401926,1.125941104941822,1.125941104941822
3.044522437723423,4.068887522783813,1.0243650850603898,1.0243650850603898
3.044522437723423,3.7540148996344396,0.7094924619110166,0.7094924619110166
3.713572066704308,3.5201486620794165,-0.1934234046248915,0.1934234046248915
4.454347296253507,4.275759323415794,-0.17858797283771377,0.17858797283771377
3.9318256327243257,3.7011143590264552,-0.23071127369787048,0.23071127369787048
3.9318256327243257,3.9232763592689235,-0.00854927345540224,0.00854927345540224
3.9318256327243257,3.8778229198701846,-0.054002712854141155,0.054002712854141155
3.258096538021482,3.5904993916194634,0.3324028535979813,0.3324028535979813
4.394449154672439,4.375563210861911,-0.01888594381052844,0.01888594381052844
4.454347296253507,4.14194179464069,-0.3124055016128171,0.3124055016128171
3.713572066704308,3.94909769904926,0.23552563234495194,0.23552563234495194
3.9318256327243257,3.902123315573023,-0.029702317151302893,0.029702317151302893
3.9318256327243257,4.121305085378551,0.18947945265422517,0.18947945265422517
3.9318256327243257,3.395867110133179,-0.5359585225911467,0.5359585225911467
4.110873864173311,4.120368648220401,0.009494784047089588,0.009494784047089588
4.189654742026425,3.8341670689744696,-0.3554876730519556,0.3554876730519556
2.772588722239781,3.3137363363738985,0.5411476141341174,0.5411476141341174
3.4339872044851463,3.5532068092392755,0.11921960475412918,0.11921960475412918
3.9318256327243257,3.9011657123038024,-0.030659920420523346,0.030659920420523346
4.394449154672439,4.345455731639236,-0.04899342303320342,0.04899342303320342
3.9318256327243257,3.9256889667461143,-0.006136665978211386,0.006136665978211386
4.51085950651685,4.144442946684256,-0.3664165598325937,0.3664165598325937
3.9318256327243257,3.669914835448214,-0.26191079727611166,0.26191079727611166
3.9318256327243257,3.837831832292206,-0.09399380043211991,0.09399380043211991
3.044522437723423,3.4557799116402,0.4112574739167769,0.4112574739167769
3.9318256327243257,4.221976813402674,0.2901511806783481,0.2901511806783481
3.713572066704308,3.7465929502231523,0.03302088351884436,0.03302088351884436
4.110873864173311,4.156824970366264,0.04595110619295273,0.04595110619295273
3.713572066704308,3.861186517883385,0.14761445117907712,0.14761445117907712
4.51085950651685,4.296687770334244,-0.21417173618260588,0.21417173618260588
4.189654742026425,3.7635179491769204,-0.4261367928495048,0.4261367928495048
3.5553480614894135,3.605708727817425,0.050360666328011394,0.050360666328011394
4.189654742026425,3.784756539697702,-0.4048982023287233,0.4048982023287233
3.9318256327243257,3.754569924470576,-0.1772557082537496,0.1772557082537496
3.9318256327243257,3.967439302781177,0.035613670056851454,0.035613670056851454
4.330733340286331,4.142525175145112,-0.1882081651412193,0.1882081651412193
4.51085950651685,4.249734551923437,-0.2611249545934129,0.2611249545934129
4.02535169073515,3.7848637261420617,-0.24048796459308797,0.24048796459308797
4.330733340286331,4.038493486571675,-0.2922398537146558,0.2922398537146558
4.2626798770413155,3.7250004659319043,-0.5376794111094112,0.5376794111094112
4.564348191467836,3.9805191736725893,-0.5838290177952468,0.5838290177952468
4.394449154672439,4.054328549699535,-0.3401206049729044,0.3401206049729044
3.713572066704308,3.356549015100832,-0.357023051603476,0.357023051603476
3.951243718581427,4.142337132963605,0.19109341438217786,0.19109341438217786
3.044522437723423,3.2016753346835323,0.15715289696010926,0.15715289696010926
4.189654742026425,3.740316838835906,-0.44933790319051914,0.44933790319051914
3.9318256327243257,3.9361132059190687,0.004287573194742933,0.004287573194742933
3.044522437723423,3.8263576714791334,0.7818352337557104,0.7818352337557104
4.394449154672439,3.9566561500890045,-0.4377930045834346,0.4377930045834346
3.4339872044851463,3.9592919592342066,0.5253047547490604,0.5253047547490604
3.9318256327243257,3.804756183346432,-0.12706944937789366,0.12706944937789366
3.044522437723423,3.8055272781583755,0.7610048404349525,0.7610048404349525
2.772588722239781,3.941828843630013,1.169240121390232,1.169240121390232
4.51085950651685,4.489648690986658,-0.021210815530191773,0.021210815530191773
3.9318256327243257,4.026758532871739,0.09493290014741307,0.09493290014741307
3.258096538021482,3.7977270980060727,0.5396305599845905,0.5396305599845905
3.9318256327243257,4.044691017760042,0.11286538503571597,0.11286538503571597
3.9318256327243257,3.855426045078012,-0.07639958764631372,0.07639958764631372
3.4339872044851463,3.826476756392578,0.3924895519074316,0.3924895519074316
3.4339872044851463,3.304054635061642,-0.12993256942350406,0.12993256942350406
4.110873864173311,4.0952929042903135,-0.015580959882997902,0.015580959882997902
3.044522437723423,3.4821070776688483,0.4375846399454253,0.4375846399454253
4.110873864173311,3.4610780110124395,-0.6497958531608719,0.6497958531608719
4.430816798843313,3.9979984424475044,-0.432818356395809,0.432818356395809
4.2626798770413155,4.038717070033218,-0.2239628070080979,0.2239628070080979
4.330733340286331,4.0773344331337045,-0.2533989071526266,0.2533989071526266
4.02535169073515,3.6942513114757745,-0.3311003792593752,0.3311003792593752
4.02535169073515,3.8115199371508455,-0.21383175358430417,0.21383175358430417
4.110873864173311,3.839998381528126,-0.27087548264518535,0.27087548264518535
3.044522437723423,3.8056164514574404,0.7610940137340174,0.7610940137340174
4.290459441148391,4.010920157831452,-0.27953928331693856,0.27953928331693856
3.9318256327243257,3.910429866875665,-0.021395765848660542,0.021395765848660542
3.9318256327243257,3.8787571092575552,-0.05306852346677049,0.05306852346677049
4.110873864173311,3.8239366966558417,-0.28693716751746967,0.28693716751746967
4.394449154672439,3.9637713930119673,-0.4306777616604718,0.4306777616604718
4.2626798770413155,4.3304212358522385,0.06774135881092302,0.06774135881092302
3.9318256327243257,3.9400132301154915,0.008187597391165813,0.008187597391165813
3.4339872044851463,3.646346212893214,0.21235900840806776,0.21235900840806776
4.2626798770413155,3.90786673012788,-0.35481314691343524,0.35481314691343524
4.330733340286331,3.963013032523209,-0.3677203077631219,0.3677203077631219
4.330733340286331,4.0551965439277815,-0.27553679635854955,0.27553679635854955
4.330733340286331,3.8809215823184022,-0.4498117579679288,0.4498117579679288
4.189654742026425,4.042874577078686,-0.1467801649477396,0.1467801649477396
4.454347296253507,4.076934323294892,-0.37741297295861553,0.37741297295861553
3.044522437723423,3.469939103563508,0.4254166658400851,0.4254166658400851
4.394449154672439,4.209224680547636,-0.18522447412480325,0.18522447412480325
3.4339872044851463,3.3400900108169136,-0.09389719366823268,0.09389719366823268
3.4339872044851463,3.565653079071544,0.1316658745863979,0.1316658745863979
3.9318256327243257,4.044358828217178,0.11253319549285257,0.11253319549285257
4.394449154672439,3.8828732921145552,-0.5115758625578839,0.5115758625578839
4.51085950651685,4.1611187445197535,-0.34974076199709625,0.34974076199709625
3.9318256327243257,3.956532621584615,0.024706988860289325,0.024706988860289325
3.9318256327243257,3.5251156396070606,-0.4067099931172651,0.4067099931172651
3.258096538021482,3.438754152290832,0.18065761426934968,0.18065761426934968
3.713572066704308,3.751366307042142,0.03779424033783396,0.03779424033783396
4.189654742026425,4.205154662854642,0.015499920828216496,0.015499920828216496
3.9318256327243257,3.7541989926646404,-0.17762664005968531,0.17762664005968531
3.044522437723423,3.8037582287345337,0.7592357910111107,0.7592357910111107
3.9318256327243257,4.062203636624511,0.13037800390018495,0.13037800390018495
3.9318256327243257,3.0952535697502386,-0.8365720629740871,0.8365720629740871
4.394449154672439,4.192575242449025,-0.2018739122234141,0.2018739122234141
4.454347296253507,4.29906220368001,-0.15528509257349743,0.15528509257349743
3.713572066704308,3.7852771463591903,0.07170507965488238,0.07170507965488238
4.02535169073515,4.171621332796082,0.14626964206093263,0.14626964206093263
4.394449154672439,4.397546150658603,0.003096995986163975,0.003096995986163975
4.394449154672439,4.201686564074464,-0.19276259059797507,0.19276259059797507
4.477336814478207,4.136420503926965,-0.3409163105512416,0.3409163105512416
4.51085950651685,4.318761778801889,-0.1920977277149607,0.1920977277149607
4.394449154672439,4.263641039104501,-0.13080811556793837,0.13080811556793837
3.951243718581427,4.212990281182612,0.2617465626011848,0.2617465626011848
3.9318256327243257,3.545481359319695,-0.38634427340463073,0.38634427340463073
4.51085950651685,4.24959143221007,-0.2612680743067797,0.2612680743067797
3.258096538021482,3.5217322064357073,0.26363566841422514,0.26363566841422514
4.51085950651685,4.129726444472514,-0.38113306204433606,0.38113306204433606
3.9318256327243257,3.6895707108714793,-0.24225492185284647,0.24225492185284647
4.394449154672439,4.496784322304614,0.10233516763217487,0.10233516763217487
4.290459441148391,4.147580244217134,-0.14287919693125684,0.14287919693125684
3.9318256327243257,3.715899601653721,-0.21592603107060482,0.21592603107060482
3.9318256327243257,3.95936603505329,0.027540402328964486,0.027540402328964486
3.9318256327243257,3.9894209371778793,0.05759530445355354,0.05759530445355354
3.044522437723423,3.5368379120425573,0.49231547431913425,0.49231547431913425
4.2626798770413155,3.856309279185087,-0.4063705978562284,0.4063705978562284
4.2626798770413155,3.985069384218696,-0.2776104928226193,0.2776104928226193
4.330733340286331,4.364268503483077,0.03353516319674554,0.03353516319674554
3.9318256327243257,3.8533663098922903,-0.07845932283203538,0.07845932283203538
4.51085950651685,4.289439308584941,-0.22142019793190837,0.22142019793190837
4.330733340286331,4.271214413722053,-0.059518926564278374,0.059518926564278374
4.290459441148391,4.012604647703665,-0.2778547934447255,0.2778547934447255
3.713572066704308,3.71202875946945,-0.0015433072348578492,0.0015433072348578492
3.9318256327243257,3.977712322941242,0.04588669021691638,0.04588669021691638
3.58351893845611,4.09749112088339,0.5139721824272803,0.5139721824272803
3.4339872044851463,2.941511349726971,-0.4924758547581751,0.4924758547581751
4.02535169073515,3.704861243083805,-0.3204904476513448,0.3204904476513448
3.4339872044851463,3.5675800610342527,0.13359285654910646,0.13359285654910646
3.258096538021482,3.696721693423915,0.43862515540243274,0.43862515540243274
4.394449154672439,4.171759883090129,-0.22268927158231033,0.22268927158231033
4.394449154672439,4.383912606036898,-0.010536548635541543,0.010536548635541543
4.330733340286331,4.065691126788101,-0.26504221349823,0.26504221349823
4.394449154672439,4.140515914096734,-0.2539332405757051,0.2539332405757051
3.9318256327243257,3.837528919638625,-0.09429671308570065,0.09429671308570065
3.9318256327243257,4.021138037514744,0.08931240479041813,0.08931240479041813
4.465908118654584,4.101716668042855,-0.3641914506117283,0.3641914506117283
3.4339872044851463,3.4333074963372434,-0.0006797081479028577,0.0006797081479028577
3.258096538021482,3.810904100165116,0.5528075621436339,0.5528075621436339
4.394449154672439,4.092113536561036,-0.3023356181114032,0.3023356181114032
3.951243718581427,4.018908945827634,0.0676652272462066,0.0676652272462066
3.258096538021482,3.6813394242000284,0.4232428861785462,0.4232428861785462
3.258096538021482,3.842231681430084,0.5841351434086017,0.5841351434086017
3.828641396489095,3.859256894423583,0.030615497934487923,0.030615497934487923
4.382026634673881,4.2780863333288535,-0.10394030134502774,0.10394030134502774
3.951243718581427,3.297954430885407,-0.6532892876960199,0.6532892876960199
3.4339872044851463,3.979709293641462,0.5457220891563157,0.5457220891563157
3.9318256327243257,3.664742311953389,-0.2670833207709369,0.2670833207709369
3.9318256327243257,3.900998412189229,-0.03082722053509679,0.03082722053509679
3.713572066704308,3.4702416959847886,-0.24333037071951935,0.24333037071951935
3.4339872044851463,3.9144117569991703,0.48042455251402405,0.48042455251402405
4.454347296253507,4.264431365502195,-0.18991593075131252,0.18991593075131252
4.454347296253507,3.9909224158214993,-0.463424880432008,0.463424880432008
4.394449154672439,4.422281981370831,0.0278328266983916,0.0278328266983916
3.951243718581427,4.137346597297185,0.18610287871575792,0.18610287871575792
4.2626798770413155,3.791283628656422,-0.47139624838489347,0.47139624838489347
3.9318256327243257,4.308546720477242,0.37672108775291635,0.37672108775291635
4.02535169073515,4.313966059687652,0.28861436895250225,0.28861436895250225
3.9318256327243257,3.738645492007312,-0.1931801407170135,0.1931801407170135
3.9318256327243257,3.7816863295590775,-0.15013930316524826,0.15013930316524826
3.951243718581427,4.014748422184678,0.06350470360325122,0.06350470360325122
4.394449154672439,3.9549093509931854,-0.4395398036792537,0.4395398036792537
3.9318256327243257,3.8797577306200166,-0.052067902104309116,0.052067902104309116
4.110873864173311,3.8262080814416803,-0.284665782731631,0.284665782731631
3.9318256327243257,4.087391360961472,0.15556572823714587,0.15556572823714587
3.044522437723423,3.701501637348252,0.6569791996248289,0.6569791996248289
3.713572066704308,3.4856299482216753,-0.22794211848263268,0.22794211848263268
4.02535169073515,3.6493547291700335,-0.3759969615651162,0.3759969615651162
4.394449154672439,4.064914661845266,-0.3295344928271735,0.3295344928271735
3.9318256327243257,3.8150345316294016,-0.11679110109492408,0.11679110109492408
3.58351893845611,3.888208390988365,0.304689452532255,0.304689452532255
2.3978952727983707,3.760784545396424,1.3628892725980535,1.3628892725980535
4.330733340286331,4.2573334079048255,-0.07339993238150555,0.07339993238150555
3.713572066704308,3.7429397229750654,0.029367656270757436,0.029367656270757436
4.330733340286331,4.006863711253574,-0.32386962903275673,0.32386962903275673
3.044522437723423,3.2004666930196892,0.1559442552962662,0.1559442552962662
3.9318256327243257,3.924605133580829,-0.007220499143496539,0.007220499143496539
4.330733340286331,4.056753621767482,-0.2739797185188486,0.2739797185188486
4.454347296253507,4.377848979868929,-0.07649831638457805,0.07649831638457805
4.110873864173311,3.9444240819967105,-0.1664497821766009,0.1664497821766009
3.9318256327243257,4.106374749724849,0.17454911700052334,0.17454911700052334
3.9318256327243257,3.7503570392829024,-0.1814685934414233,0.1814685934414233
3.9318256327243257,3.860209110697011,-0.07161652202731483,0.07161652202731483
3.951243718581427,4.110179666212647,0.1589359476312202,0.1589359476312202
4.330733340286331,4.557656199877565,0.22692285959123382,0.22692285959123382
4.110873864173311,3.703804276809949,-0.4070695873633623,0.4070695873633623
3.951243718581427,4.1998563029511855,0.24861258436975842,0.24861258436975842
3.9318256327243257,3.8265800210794043,-0.10524561164492141,0.10524561164492141
4.2626798770413155,4.22652153628942,-0.0361583407518955,0.0361583407518955
4.2626798770413155,3.9670146943859823,-0.29566518265533315,0.29566518265533315
4.394449154672439,4.067562840834144,-0.3268863138382949,0.3268863138382949
4.430816798843313,4.147146648099899,-0.28367015074341406,0.28367015074341406
4.189654742026425,3.959580354011573,-0.23007438801485236,0.23007438801485236
3.951243718581427,4.018908945827634,0.0676652272462066,0.0676652272462066
3.9318256327243257,4.064029325819337,0.13220369309501168,0.13220369309501168
3.9318256327243257,3.8865406923637185,-0.04528494036060726,0.04528494036060726
3.258096538021482,3.4569615193438485,0.1988649813223664,0.1988649813223664
3.044522437723423,4.1184508218778655,1.0739283841544425,1.0739283841544425
4.394449154672439,3.997196326144686,-0.397252828527753,0.397252828527753
3.9318256327243257,3.967439302781177,0.035613670056851454,0.035613670056851454
4.394449154672439,4.0413240076287105,-0.35312514704372866,0.35312514704372866
4.219507705176107,4.0891269416362945,-0.13038076353981243,0.13038076353981243
4.330733340286331,4.319346707512699,-0.011386632773632499,0.011386632773632499
4.48863636973214,4.393836647098891,-0.09479972263324843,0.09479972263324843
3.951243718581427,4.199398024131716,0.2481543055502886,0.2481543055502886
3.9318256327243257,4.030401605100126,0.09857597237580018,0.09857597237580018
4.394449154672439,3.810786583705888,-0.5836625709665513,0.5836625709665513
4.110873864173311,3.9876267737695628,-0.1232470904037486,0.1232470904037486
2.833213344056216,3.447565066292333,0.6143517222361168,0.6143517222361168
3.9318256327243257,3.631537041158721,-0.3002885915656046,0.3002885915656046
3.044522437723423,3.7700821849992887,0.7255597472758657,0.7255597472758657
3.4339872044851463,3.4395945097406404,0.005607305255494133,0.005607305255494133
4.248495242049359,4.049628624648146,-0.19886661740121347,0.19886661740121347
4.330733340286331,4.308086731841289,-0.02264660844504185,0.02264660844504185
4.454347296253507,4.252608079418613,-0.20173921683489393,0.20173921683489393
3.951243718581427,4.303442441728604,0.35219872314717726,0.35219872314717726
3.258096538021482,4.253797306269744,0.9957007682482621,0.9957007682482621
4.454347296253507,4.3356221917432665,-0.11872510451024088,0.11872510451024088
2.772588722239781,3.65846361116359,0.8858748889238091,0.8858748889238091
4.394449154672439,3.9880032660269364,-0.4064458886455027,0.4064458886455027
3.951243718581427,4.240913717933347,0.2896699993519203,0.2896699993519203
4.2626798770413155,3.866999363146459,-0.3956805138948565,0.3956805138948565
3.9318256327243257,4.1284418868053505,0.1966162540810248,0.1966162540810248
3.713572066704308,3.7871722967305335,0.07360023002622551,0.07360023002622551
3.258096538021482,3.264980406517421,0.006883868495938916,0.006883868495938916
4.290459441148391,4.0737358023396055,-0.21672363880878542,0.21672363880878542
4.2626798770413155,4.12821094839454,-0.1344689286467755,0.1344689286467755
3.9318256327243257,4.093538060838369,0.16171242811404296,0.16171242811404296
3.9318256327243257,3.703579499874753,-0.22824613284957262,0.22824613284957262
4.394449154672439,4.041634877143713,-0.35281427752872574,0.35281427752872574
3.218875824868201,4.136254760816908,0.9173789359487072,0.9173789359487072
3.9318256327243257,3.8477539636466394,-0.08407166907768637,0.08407166907768637
4.330733340286331,3.9889195562397015,-0.34181378404662954,0.34181378404662954
3.5263605246161616,3.6979648552725806,0.171604330656419,0.171604330656419
4.394449154672439,4.24669255726622,-0.14775659740621894,0.14775659740621894
4.2626798770413155,4.00057728332692,-0.2621025937143955,0.2621025937143955
4.51085950651685,4.443750172324324,-0.06710933419252552,0.06710933419252552
3.713572066704308,4.039268207782287,0.3256961410779793,0.3256961410779793
3.9318256327243257,3.5623430017238435,-0.3694826310004822,0.3694826310004822
4.394449154672439,4.0605076562376325,-0.3339414984348066,0.3339414984348066
3.258096538021482,3.208070960720036,-0.05002557730144597,0.05002557730144597
3.9318256327243257,3.6875918031972135,-0.24423382952711226,0.24423382952711226
3.58351893845611,3.472304258708384,-0.11121467974772603,0.11121467974772603
3.9318256327243257,3.8559520293022675,-0.07587360342205818,0.07587360342205818
3.9318256327243257,3.9645451332523165,0.032719500527990775,0.032719500527990775
4.51085950651685,4.152358465754908,-0.3585010407619418,0.3585010407619418
4.290459441148391,4.131520202033123,-0.1589392391152682,0.1589392391152682
4.430816798843313,4.380594089315744,-0.0502227095275698,0.0502227095275698
3.4339872044851463,3.953821289552126,0.5198340850669796,0.5198340850669796
3.4339872044851463,3.438587342986421,0.004600138501274831,0.004600138501274831
3.9318256327243257,4.046541730634542,0.11471609791021598,0.11471609791021598
4.394449154672439,3.986468981632831,-0.4079801730396082,0.4079801730396082
4.330733340286331,4.46642414217532,0.1356908018889893,0.1356908018889893
4.330733340286331,4.094928139555452,-0.23580520073087907,0.23580520073087907
3.9318256327243257,3.935976433269043,0.004150800544717281,0.004150800544717281
3.9318256327243257,4.249804312881173,0.31797868015684694,0.31797868015684694
3.713572066704308,4.139932210957292,0.42636014425298363,0.42636014425298363
3.9318256327243257,3.81320930986488,-0.11861632285944568,0.11861632285944568
3.044522437723423,3.7522979149225875,0.7077754771991644,0.7077754771991644
3.713572066704308,3.993653387824252,0.280081321119944,0.280081321119944
3.58351893845611,3.712125186824796,0.12860624836868606,0.12860624836868606
3.4339872044851463,3.696924237338776,0.26293703285362957,0.26293703285362957
3.9318256327243257,3.9025365673488275,-0.029289065375498247,0.029289065375498247
3.9318256327243257,3.98216860454173,0.050342971817404436,0.050342971817404436
3.044522437723423,3.30071496937894,0.2561925316555169,0.2561925316555169
4.110873864173311,3.765623084983429,-0.34525077918988245,0.34525077918988245
3.044522437723423,3.991297383260449,0.946774945537026,0.946774945537026
4.290459441148391,4.235223651343408,-0.05523578980498289,0.05523578980498289
3.044522437723423,3.6157151741977867,0.5711927364743636,0.5711927364743636
4.330733340286331,4.117882578844921,-0.2128507614414099,0.2128507614414099
4.2626798770413155,3.7970853193963934,-0.4655945576449221,0.4655945576449221
4.394449154672439,4.268892834348045,-0.12555632032439412,0.12555632032439412
3.951243718581427,4.107479571457865,0.1562358528764376,0.1562358528764376
4.454347296253507,4.11797956669191,-0.336367729561597,0.336367729561597
4.454347296253507,4.097720827397023,-0.35662646885648464,0.35662646885648464
3.4339872044851463,3.745808129613219,0.3118209251280728,0.3118209251280728
4.110873864173311,3.802555329733674,-0.3083185344396373,0.3083185344396373
3.58351893845611,3.5221194552301114,-0.06139948322599853,0.06139948322599853
3.044522437723423,3.678575545358245,0.6340531076348221,0.6340531076348221
3.5263605246161616,4.004498573971359,0.47813804935519766,0.47813804935519766
4.477336814478207,4.131002427068727,-0.3463343874094802,0.3463343874094802
4.394449154672439,4.106466084773892,-0.28798306989854705,0.28798306989854705
3.9318256327243257,3.93599237522694,0.0041667425026141736,0.0041667425026141736
3.044522437723423,3.7629883635434895,0.7184659258200665,0.7184659258200665
4.330733340286331,3.477756343240472,-0.8529769970458592,0.8529769970458592
4.564348191467836,4.147519426392818,-0.4168287650750182,0.4168287650750182
4.394449154672439,4.160225622794051,-0.2342235318783885,0.2342235318783885
4.5217885770490405,4.179164552262401,-0.3426240247866392,0.3426240247866392
3.9318256327243257,4.015999034805507,0.08417340208118107,0.08417340208118107
4.189654742026425,4.131422153547329,-0.05823258847909596,0.05823258847909596
4.110873864173311,3.706415426540794,-0.4044584376325173,0.4044584376325173
3.9318256327243257,3.8751150158836993,-0.05671061684062639,0.05671061684062639
3.951243718581427,4.18778163948257,0.23653792090114312,0.23653792090114312
3.4339872044851463,3.833951765736027,0.39996456125088065,0.39996456125088065
4.330733340286331,3.914478106107101,-0.41625523417923027,0.41625523417923027
4.51085950651685,4.117113366081151,-0.3937461404356988,0.3937461404356988
4.110873864173311,3.765200551085922,-0.34567331308738947,0.34567331308738947
3.4339872044851463,3.1638571009778507,-0.2701301035072956,0.2701301035072956
4.204692619390966,4.151369831374739,-0.05332278801622703,0.05332278801622703
3.044522437723423,3.7844623737331764,0.7399399360097534,0.7399399360097534
3.044522437723423,3.4775342951263055,0.4330118574028825,0.4330118574028825
3.713572066704308,4.164169728148478,0.4505976614441698,0.4505976614441698
4.2626798770413155,3.992569259321647,-0.2701106177196686,0.2701106177196686
4.276666119016055,4.378007992597794,0.10134187358173907,0.10134187358173907
3.044522437723423,4.120933089839115,1.0764106521156918,1.0764106521156918
4.110873864173311,4.028894566289191,-0.0819792978841205,0.0819792978841205
4.51085950651685,4.291458930346355,-0.2194005761704947,0.2194005761704947
3.58351893845611,3.909786876316916,0.326267937860806,0.326267937860806
3.58351893845611,3.3475740319959315,-0.2359449064601784,0.2359449064601784
3.713572066704308,3.3926427030100923,-0.32092936369421565,0.32092936369421565
3.58351893845611,3.580060662586038,-0.0034582758700718585,0.0034582758700718585
4.330733340286331,4.186113458344036,-0.1446198819422948,0.1446198819422948
4.2626798770413155,4.008674881634552,-0.25400499540676336,0.25400499540676336
4.532599493153256,4.116801232347,-0.41579826080625626,0.41579826080625626
4.2626798770413155,4.003399670552848,-0.2592802064884676,0.2592802064884676
4.51085950651685,3.935959599817665,-0.5748999066991849,0.5748999066991849
4.2626798770413155,4.0911464369466515,-0.17153344009466398,0.17153344009466398
4.3694478524670215,4.3104994931125455,-0.058948359354475954,0.058948359354475954
3.713572066704308,3.6448051032636455,-0.06876696344066247,0.06876696344066247
4.394449154672439,4.083871258151852,-0.310577896520587,0.310577896520587
4.394449154672439,4.1463139960117195,-0.24813515866071967,0.24813515866071967
2.772588722239781,3.7584298263929723,0.9858411041531912,0.9858411041531912
3.49650756146648,3.441297827586567,-0.0552097338799129,0.0552097338799129
4.2626798770413155,3.8780982119716096,-0.3845816650697058,0.3845816650697058
3.9318256327243257,3.8635414078114314,-0.06828422491289432,0.06828422491289432
4.330733340286331,3.8508474804294566,-0.4798858598568745,0.4798858598568745
4.465908118654584,4.29015610554973,-0.17575201310485333,0.17575201310485333
4.330733340286331,3.924912338829224,-0.40582100145710687,0.40582100145710687
4.394449154672439,4.10667652424368,-0.28777263042875934,0.28777263042875934
4.394449154672439,4.197113111818198,-0.197336042854241,0.197336042854241
3.9318256327243257,4.3518166543602534,0.4199910216359277,0.4199910216359277
3.044522437723423,3.42825503436313,0.38373259663970716,0.38373259663970716
4.290459441148391,4.0163250812346405,-0.27413435991375046,0.27413435991375046
3.258096538021482,3.3696750493198673,0.11157851129838514,0.11157851129838514
4.110873864173311,3.976145741639399,-0.1347281225339123,0.1347281225339123
4.110873864173311,4.072803676492249,-0.03807018768106207,0.03807018768106207
3.9318256327243257,3.836014385599926,-0.09581124712439992,0.09581124712439992
3.9318256327243257,3.539435228759183,-0.3923904039651429,0.3923904039651429
4.204692619390966,3.673876507888134,-0.5308161115028316,0.5308161115028316
3.828641396489095,3.851743175431521,0.02310177894242571,0.02310177894242571
4.2626798770413155,3.920016572353184,-0.34266330468813155,0.34266330468813155
3.58351893845611,3.6330598849801556,0.049540946524045726,0.049540946524045726
3.713572066704308,3.812541259953128,0.09896919324881992,0.09896919324881992
3.9318256327243257,3.7918503585748153,-0.1399752741495104,0.1399752741495104
3.951243718581427,4.1336645448803715,0.1824208262989444,0.1824208262989444
4.394449154672439,4.153764099874592,-0.2406850547978472,0.2406850547978472
3.713572066704308,3.9686068182491567,0.2550347515448488,0.2550347515448488
4.110873864173311,3.7508304405173813,-0.36004342365593,0.36004342365593
3.258096538021482,3.4228668956714414,0.1647703576499593,0.1647703576499593
4.110873864173311,4.0113770342803,-0.09949682989301145,0.09949682989301145
3.9318256327243257,3.020414914536893,-0.9114107181874327,0.9114107181874327
4.110873864173311,4.025771533175276,-0.08510233099803521,0.08510233099803521
4.51085950651685,4.052594297734128,-0.4582652087827217,0.4582652087827217
3.713572066704308,4.026808450518845,0.31323638381453733,0.31323638381453733
4.51085950651685,4.034336978678121,-0.4765225278387284,0.4765225278387284
4.330733340286331,3.849973853109142,-0.4807594871771892,0.4807594871771892
3.951243718581427,4.257117018151165,0.30587329956973797,0.30587329956973797
3.713572066704308,3.5383511446072875,-0.17522092209702045,0.17522092209702045
4.394449154672439,4.014430123429121,-0.38001903124331804,0.38001903124331804
4.406719247264253,4.12348432484907,-0.28323492241518355,0.28323492241518355
4.330733340286331,4.2012237254027145,-0.12950961488361656,0.12950961488361656
4.394449154672439,3.6465439177937675,-0.7479052368786716,0.7479052368786716
4.110873864173311,4.242318441560228,0.13144457738691706,0.13144457738691706
3.713572066704308,4.072375102664945,0.3588030359606371,0.3588030359606371
3.5263605246161616,3.679909918504488,0.15354939388832634,0.15354939388832634
3.610917912644224,3.928967671287545,0.3180497586433213,0.3180497586433213
2.8903717578961645,3.2603983747959373,0.3700266168997728,0.3700266168997728
4.394449154672439,3.8315705440769747,-0.5628786105954644,0.5628786105954644
3.58351893845611,3.860733366295041,0.27721442783893124,0.27721442783893124
4.330733340286331,4.173709320874473,-0.15702401941185773,0.15702401941185773
3.9318256327243257,4.047289103482882,0.11546347075855623,0.11546347075855623
4.51085950651685,4.6016067832989584,0.0907472767821087,0.0907472767821087
3.951243718581427,3.796111302638245,-0.15513241594318217,0.15513241594318217
4.394449154672439,4.177032747124688,-0.21741640754775116,0.21741640754775116
2.3978952727983707,3.6312422843608765,1.2333470115625058,1.2333470115625058
3.9318256327243257,3.621766133169429,-0.31005949955489687,0.31005949955489687
3.4339872044851463,3.8692212540874684,0.43523404960232215,0.43523404960232215
3.713572066704308,3.297373420231958,-0.41619864647234994,0.41619864647234994
4.110873864173311,4.110042170360396,-0.0008316938129153684,0.0008316938129153684
4.51085950651685,4.216552578145558,-0.2943069283712916,0.2943069283712916
3.4339872044851463,3.6467572578626584,0.2127700533775121,0.2127700533775121
4.465908118654584,3.9599983895520205,-0.5059097291025632,0.5059097291025632
3.9318256327243257,4.206814495176099,0.2749888624517731,0.2749888624517731
4.110873864173311,3.927004357718261,-0.1838695064550504,0.1838695064550504
3.9318256327243257,3.900998412189229,-0.03082722053509679,0.03082722053509679
3.9318256327243257,3.536798231872558,-0.3950274008517676,0.3950274008517676
3.5263605246161616,4.004498573971359,0.47813804935519766,0.47813804935519766
3.9318256327243257,3.9832025166937255,0.05137688396939977,0.05137688396939977
4.394449154672439,4.391724246563971,-0.0027249081084681492,0.0027249081084681492
3.951243718581427,4.059242240919884,0.10799852233845719,0.10799852233845719
3.9318256327243257,3.51247188530732,-0.4193537474170057,0.4193537474170057
4.394449154672439,4.195172310503158,-0.19927684416928138,0.19927684416928138
3.9318256327243257,4.287010795733407,0.355185163009081,0.355185163009081
4.110873864173311,3.8085008617172944,-0.30237300245601695,0.30237300245601695
3.4339872044851463,3.2234891369291843,-0.210498067555962,0.210498067555962
3.044522437723423,3.5368379120425573,0.49231547431913425,0.49231547431913425
4.454347296253507,4.458005216875497,0.003657920621989774,0.003657920621989774
4.330733340286331,3.8761457741269836,-0.4545875661593475,0.4545875661593475
3.9318256327243257,3.910307401521359,-0.02151823120296692,0.02151823120296692
3.044522437723423,3.871414138598113,0.8268917008746901,0.8268917008746901
3.713572066704308,3.3978853290594477,-0.3156867376448602,0.3156867376448602
4.51085950651685,4.350735029603285,-0.16012447691356435,0.16012447691356435
4.330733340286331,4.334114638061403,0.003381297775072234,0.003381297775072234
3.713572066704308,3.7250004659319043,0.011428399227596309,0.011428399227596309
3.4339872044851463,4.301382166529492,0.8673949620443455,0.8673949620443455
3.9318256327243257,4.109736735941813,0.17791110321748738,0.17791110321748738
4.51085950651685,4.354070879624755,-0.15678862689209438,0.15678862689209438
3.258096538021482,3.3812660506161105,0.12316951259462838,0.12316951259462838
4.110873864173311,4.1322441157704475,0.021370251597136125,0.021370251597136125
4.2626798770413155,3.768540520962407,-0.49413935607890824,0.49413935607890824
4.454347296253507,4.026754608300256,-0.42759268795325145,0.42759268795325145
3.713572066704308,3.7250004659319043,0.011428399227596309,0.011428399227596309
3.4339872044851463,3.776523908889493,0.3425367044043468,0.3425367044043468
3.9318256327243257,4.003959883567954,0.07213425084362823,0.07213425084362823
3.044522437723423,3.893790483703418,0.8492680459799948,0.8492680459799948
4.204692619390966,4.086632610573211,-0.11806000881775436,0.11806000881775436
3.9318256327243257,3.563456075058378,-0.3683695576659476,0.3683695576659476
4.394449154672439,4.002377236777079,-0.3920719178953602,0.3920719178953602
3.9318256327243257,3.851733758414966,-0.08009187430935993,0.08009187430935993
3.713572066704308,3.390020530685631,-0.32355153601867714,0.32355153601867714
4.406719247264253,4.1558696035291165,-0.25084964373513685,0.25084964373513685
3.9318256327243257,3.557806992247392,-0.3740186404769337,0.3740186404769337
4.51085950651685,4.199760896495123,-0.3110986100217268,0.3110986100217268
4.394449154672439,3.961608054067744,-0.43284110060469505,0.43284110060469505
4.330733340286331,4.276972236873559,-0.05376110341277229,0.05376110341277229
2.70805020110221,4.113719221901065,1.4056690207988551,1.4056690207988551
4.330733340286331,4.017949732460212,-0.3127836078261188,0.3127836078261188
3.713572066704308,3.129217714228111,-0.5843543524761969,0.5843543524761969
4.110873864173311,3.899772126741463,-0.21110173743184824,0.21110173743184824
3.4339872044851463,3.9408479723588608,0.5068607678737145,0.5068607678737145
4.394449154672439,4.294517654256381,-0.0999315004160577,0.0999315004160577
4.2626798770413155,4.185879103161454,-0.07680077387986106,0.07680077387986106
2.833213344056216,3.1221995149813524,0.28898617092513623,0.28898617092513623
4.330733340286331,4.077833503972852,-0.2528998363134791,0.2528998363134791
4.290459441148391,3.428032254764337,-0.8624271863840538,0.8624271863840538
4.2626798770413155,3.9936773420174343,-0.26900253502388116,0.26900253502388116
4.330733340286331,3.936357412502146,-0.3943759277841852,0.3943759277841852
4.51085950651685,4.186084126184134,-0.32477538033271536,0.32477538033271536
4.442651256490317,4.228962608584851,-0.2136886479054656,0.2136886479054656
3.9318256327243257,3.821701170735073,-0.11012446198925252,0.11012446198925252
4.394449154672439,4.392148221003765,-0.002300933668673899,0.002300933668673899
4.330733340286331,3.5615366266388326,-0.7691967136474984,0.7691967136474984
3.951243718581427,4.128259132853253,0.17701541427182566,0.17701541427182566
2.3978952727983707,3.8614465051772773,1.4635512323789066,1.4635512323789066
2.3978952727983707,3.1618599152657376,0.763964642467367,0.763964642467367
3.9318256327243257,3.618493875151265,-0.31333175757306053,0.31333175757306053
3.044522437723423,3.7422737943436584,0.6977513566202354,0.6977513566202354
4.290459441148391,4.091088621503607,-0.1993708196447841,0.1993708196447841
3.58351893845611,3.7511967111026214,0.1676777726465115,0.1676777726465115
3.044522437723423,3.604833962826499,0.5603115251030761,0.5603115251030761
3.4339872044851463,3.556352942693799,0.12236573820865271,0.12236573820865271
3.4339872044851463,3.314571270925976,-0.11941593355917046,0.11941593355917046
4.51085950651685,4.019688024965557,-0.49117148155129264,0.49117148155129264
4.290459441148391,4.02526880736548,-0.2651906337829111,0.2651906337829111
3.9318256327243257,4.090176454644516,0.15835082192019057,0.15835082192019057
3.737669618283368,3.837886307672276,0.10021668938890782,0.10021668938890782
4.2626798770413155,4.187704650421594,-0.07497522661972145,0.07497522661972145
4.2626798770413155,4.024776559563765,-0.23790331747755022,0.23790331747755022
3.713572066704308,4.158178819065638,0.44460675236132996,0.44460675236132996
4.189654742026425,4.446745263520314,0.2570905214938888,0.2570905214938888
3.713572066704308,3.7873699123455076,0.07379784564119962,0.07379784564119962
4.110873864173311,4.0610419992611515,-0.04983186491215985,0.04983186491215985
3.9318256327243257,3.999491391354084,0.06766575862975843,0.06766575862975843
3.9318256327243257,4.028431136510082,0.09660550378575605,0.09660550378575605
4.2626798770413155,4.123752585630782,-0.13892729141053373,0.13892729141053373
3.044522437723423,3.6538756475947136,0.6093532098712906,0.6093532098712906
4.51085950651685,3.9972364458827303,-0.5136230606341194,0.5136230606341194
4.330733340286331,3.935976433269043,-0.39475690701728805,0.39475690701728805
4.394449154672439,4.219917071480584,-0.17453208319185531,0.17453208319185531
4.382026634673881,4.269325614014404,-0.11270102065947718,0.11270102065947718
4.465908118654584,4.336982359183073,-0.1289257594715103,0.1289257594715103
3.044522437723423,3.4328543165600944,0.3883318788366714,0.3883318788366714
3.044522437723423,3.3163513515664116,0.2718289138429886,0.2718289138429886
3.713572066704308,3.935346776168963,0.22177470946465494,0.22177470946465494
3.4339872044851463,3.6643423993733055,0.23035519488815925,0.23035519488815925
4.007333185232471,3.732913861726102,-0.2744193235063692,0.2744193235063692
4.127134385045092,3.9710051990121755,-0.15612918603291615,0.15612918603291615
4.2626798770413155,4.1034469084624305,-0.15923296857888491,0.15923296857888491
3.9318256327243257,3.670382828642849,-0.2614428040814767,0.2614428040814767
3.58351893845611,4.067297731804138,0.4837787933480282,0.4837787933480282
4.04305126783455,4.021145844923603,-0.021905422910947436,0.021905422910947436
4.51085950651685,4.1323104581067405,-0.3785490484101093,0.3785490484101093
4.51085950651685,4.040803594684265,-0.4700559118325849,0.4700559118325849
4.51085950651685,4.288164355931866,-0.22269515058498346,0.22269515058498346
3.9318256327243257,4.0467715894580305,0.11494595673370478,0.11494595673370478
3.258096538021482,3.7684232585797544,0.5103267205582722,0.5103267205582722
4.394449154672439,4.290907499551118,-0.10354165512132152,0.10354165512132152
2.3978952727983707,3.4685063200889164,1.0706110472905457,1.0706110472905457
3.828641396489095,3.796951822556027,-0.03168957393306826,0.03168957393306826
3.9318256327243257,3.983154094211182,0.0513284614868561,0.0513284614868561
3.9318256327243257,3.818207325575645,-0.11361830714868093,0.11361830714868093
4.2626798770413155,4.068023724631778,-0.1946561524095376,0.1946561524095376
3.044522437723423,3.621317222847516,0.5767947851240929,0.5767947851240929
4.51085950651685,4.323946349687801,-0.18691315682904897,0.18691315682904897
3.828641396489095,4.116753191264268,0.28811179477517257,0.28811179477517257
4.394449154672439,4.084976170814875,-0.30947298385756383,0.30947298385756383
4.330733340286331,4.051036335726547,-0.2796970045597842,0.2796970045597842
3.713572066704308,3.6935520240118165,-0.02002004269249147,0.02002004269249147
3.4339872044851463,3.5178356293755755,0.08384842489042921,0.08384842489042921
3.951243718581427,4.144800370028672,0.19355665144724465,0.19355665144724465
4.51085950651685,4.191307562967444,-0.3195519435494054,0.3195519435494054
3.9318256327243257,3.879013172043739,-0.05281246068058687,0.05281246068058687
3.4339872044851463,4.113347475711515,0.6793602712263684,0.6793602712263684
4.51085950651685,4.044174446122549,-0.46668506039430113,0.46668506039430113
4.430816798843313,4.0721642586920765,-0.3586525401512368,0.3586525401512368
4.110873864173311,4.04283445545423,-0.06803940871908143,0.06803940871908143
4.394449154672439,4.363668192749104,-0.030780961923334793,0.030780961923334793
4.430816798843313,4.173236256602787,-0.2575805422405262,0.2575805422405262
4.110873864173311,4.150821299305182,0.03994743513187071,0.03994743513187071
3.218875824868201,4.089892128474016,0.8710163036058152,0.8710163036058152
3.4339872044851463,3.641402811187623,0.20741560670247683,0.20741560670247683
3.951243718581427,4.157209269807711,0.20596555122628413,0.20596555122628413
3.713572066704308,3.5707310165955564,-0.1428410501087516,0.1428410501087516
3.713572066704308,3.728053734475156,0.014481667770847917,0.014481667770847917
4.110873864173311,3.9413784132108844,-0.1694954509624269,0.1694954509624269
3.4339872044851463,3.7366569357088513,0.302669731223705,0.302669731223705
3.5263605246161616,3.5281488421170306,0.0017883175008690522,0.0017883175008690522
3.9318256327243257,3.4315078780245707,-0.500317754699755,0.500317754699755
3.9318256327243257,3.729834680733773,-0.20199095199055295,0.20199095199055295
4.2626798770413155,4.023463829144225,-0.2392160478970906,0.2392160478970906
4.2626798770413155,4.169534299262445,-0.09314557777887078,0.09314557777887078
4.110873864173311,4.0381959031984485,-0.0726779609748629,0.0726779609748629
4.394449154672439,4.096137702863244,-0.2983114518091954,0.2983114518091954
4.330733340286331,3.711128200959304,-0.6196051393270272,0.6196051393270272
4.394449154672439,4.475505530068617,0.0810563753961775,0.0810563753961775
4.2626798770413155,4.174283047503763,-0.08839682953755279,0.08839682953755279
4.61512051684126,4.33515282482649,-0.27996769201477,0.27996769201477
3.044522437723423,3.5756958962585976,0.5311734585351746,0.5311734585351746
3.9318256327243257,3.706519961522713,-0.2253056712016126,0.2253056712016126
4.454347296253507,3.9865778383043207,-0.4677694579491867,0.4677694579491867
4.2626798770413155,4.056106096545174,-0.20657378049614117,0.20657378049614117
3.713572066704308,3.5429978067509813,-0.17057425995332665,0.17057425995332665
4.2626798770413155,3.9922811330881736,-0.2703987439531419,0.2703987439531419
3.951243718581427,4.38278076994056,0.43153705135913256,0.43153705135913256
2.772588722239781,3.2776718268044873,0.5050831045647062,0.5050831045647062
4.394449154672439,4.087050114384403,-0.3073990402880362,0.3073990402880362
4.51085950651685,4.242705771328858,-0.2681537351879921,0.2681537351879921
2.772588722239781,3.775347390682817,1.002758668443036,1.002758668443036
4.51085950651685,4.152306037438599,-0.3585534690782506,0.3585534690782506
3.9318256327243257,4.072967690479788,0.1411420577554625,0.1411420577554625
3.9318256327243257,3.6073503357497483,-0.32447529697457744,0.32447529697457744
4.564348191467836,3.7331778602467582,-0.8311703312210779,0.8311703312210779
4.110873864173311,4.119490153256495,0.008616289083184014,0.008616289083184014
3.9318256327243257,4.043970761803824,0.11214512907949858,0.11214512907949858
3.4339872044851463,3.972969202275369,0.5389819977902226,0.5389819977902226
3.258096538021482,3.438754152290832,0.18065761426934968,0.18065761426934968
3.951243718581427,4.074740439912359,0.12349672133093215,0.12349672133093215
3.713572066704308,3.885767707207326,0.17219564050301805,0.17219564050301805
4.442651256490317,4.170841957528614,-0.2718092989617027,0.2718092989617027
3.258096538021482,3.9499712872255808,0.6918747492040986,0.6918747492040986
3.4339872044851463,3.9682930635495266,0.5343058590643803,0.5343058590643803
4.51085950651685,4.452384643883741,-0.058474862633108415,0.058474862633108415
3.9318256327243257,4.217301481438682,0.28547584871435605,0.28547584871435605
3.4339872044851463,3.356058857179082,-0.07792834730606435,0.07792834730606435
4.189654742026425,4.2262961781160575,0.03664143608963233,0.03664143608963233
3.044522437723423,2.9713767071215202,-0.07314573060190277,0.07314573060190277
3.713572066704308,4.086932128702736,0.37336006199842764,0.37336006199842764
3.9318256327243257,4.075807139402912,0.1439815066785859,0.1439815066785859
4.2626798770413155,3.880045788652813,-0.38263408838850266,0.38263408838850266
3.9318256327243257,4.195121058918404,0.2632954261940781,0.2632954261940781
4.51085950651685,4.150345041266974,-0.3605144652498762,0.3605144652498762
3.9318256327243257,3.84180816794147,-0.09001746478285577,0.09001746478285577
3.9318256327243257,3.6455262750652033,-0.2862993576591224,0.2862993576591224
4.2626798770413155,4.0139763783883025,-0.248703498653013,0.248703498653013
3.9318256327243257,4.091990805402178,0.16016517267785213,0.16016517267785213
3.713572066704308,3.8504804421545225,0.1369083754502145,0.1369083754502145
4.394449154672439,3.967439302781177,-0.42700985189126195,0.42700985189126195
3.6635616461296463,3.757544311327265,0.09398266519761878,0.09398266519761878
4.330733340286331,4.151319342293532,-0.1794139979927989,0.1794139979927989
4.330733340286331,4.046304524026903,-0.2844288162594282,0.2844288162594282
3.044522437723423,3.430604745571687,0.3860823078482638,0.3860823078482638
3.4339872044851463,3.612783094463289,0.17879588997814277,0.17879588997814277
3.9318256327243257,4.076402397012147,0.14457676428782085,0.14457676428782085
4.290459441148391,4.178108188474266,-0.1123512526741246,0.1123512526741246
3.9318256327243257,3.841109433754462,-0.09071619896986372,0.09071619896986372
3.713572066704308,3.7780014261273074,0.06442935942299943,0.06442935942299943
3.9318256327243257,3.8490798901141177,-0.08274574261020806,0.08274574261020806
4.02535169073515,4.205106721337066,0.17975503060191667,0.17975503060191667
3.58351893845611,3.5005712699361924,-0.08294766851991753,0.08294766851991753
3.4339872044851463,3.6692195642966405,0.23523235981149426,0.23523235981149426
3.9318256327243257,3.8633552929045245,-0.06847033981980122,0.06847033981980122
3.6375861597263857,4.009583897002077,0.3719977372756915,0.3719977372756915
4.442651256490317,4.063321682275301,-0.37932957421501534,0.37932957421501534
3.258096538021482,3.603978549384195,0.345882011362713,0.345882011362713
3.258096538021482,3.5046811162354072,0.2465845782139251,0.2465845782139251
3.044522437723423,3.195713014753915,0.151190577030492,0.151190577030492
3.713572066704308,4.0028608594533575,0.2892887927490495,0.2892887927490495
4.110873864173311,3.751754447267775,-0.3591194169055365,0.3591194169055365
3.044522437723423,3.2675663145479588,0.22304387682453575,0.22304387682453575
3.258096538021482,3.5201486620794165,0.2620521240579343,0.2620521240579343
3.4339872044851463,3.515910596169117,0.08192339168397078,0.08192339168397078
3.9318256327243257,3.570563944327562,-0.36126168839676387,0.36126168839676387
3.9318256327243257,3.884439637412915,-0.047385995311410856,0.047385995311410856
4.189654742026425,3.9571526484192043,-0.23250209360722085,0.23250209360722085
3.044522437723423,4.116461493578025,1.0719390558546018,1.0719390558546018
4.189654742026425,3.777454640899429,-0.412200101126996,0.412200101126996
3.044522437723423,4.150551151371106,1.106028713647683,1.106028713647683
4.1588830833596715,4.231543355772894,0.07266027241322259,0.07266027241322259
4.394449154672439,3.9212235392000503,-0.47322561547238884,0.47322561547238884
4.394449154672439,3.894419278939761,-0.500029875732678,0.500029875732678
3.4339872044851463,3.5654356114477332,0.13144840696258697,0.13144840696258697
4.2626798770413155,3.9743885429520907,-0.2882913340892248,0.2882913340892248
3.951243718581427,4.30848476337563,0.35724104479420316,0.35724104479420316
3.9318256327243257,4.264305441849538,0.3324798091252119,0.3324798091252119
3.258096538021482,4.122771479123227,0.8646749411017445,0.8646749411017445
4.477336814478207,4.08790352885749,-0.3894332856207168,0.3894332856207168
4.51085950651685,3.946492963703117,-0.5643665428137328,0.5643665428137328
3.951243718581427,4.121731833085505,0.17048811450407797,0.17048811450407797
4.477336814478207,4.127554188738406,-0.3497826257398007,0.3497826257398007
3.4339872044851463,3.8187162255968854,0.3847290211117391,0.3847290211117391
4.330733340286331,3.848849485330959,-0.4818838549553721,0.4818838549553721
4.2626798770413155,4.009055774906423,-0.25362410213489284,0.25362410213489284
4.110873864173311,4.092755477576188,-0.018118386597123504,0.018118386597123504
4.330733340286331,3.940828943872953,-0.38990439641337815,0.38990439641337815
4.2626798770413155,3.8811566316429786,-0.3815232453983368,0.3815232453983368
4.02535169073515,3.9679376020630803,-0.05741408867206932,0.05741408867206932
3.9318256327243257,3.5898947286683476,-0.34193090405597815,0.34193090405597815
4.394449154672439,4.249061829565576,-0.1453873251068627,0.1453873251068627
4.330733340286331,4.443818204685837,0.11308486439950638,0.11308486439950638
4.394449154672439,4.005320569121458,-0.3891285855509814,0.3891285855509814
3.258096538021482,2.963139771664868,-0.29495676635661416,0.29495676635661416
3.9318256327243257,4.028807584570227,0.09698195184590164,0.09698195184590164
3.713572066704308,3.5517942172544563,-0.16177784944985163,0.16177784944985163
3.5263605246161616,3.8590167362938885,0.33265621167772697,0.33265621167772697
3.9318256327243257,3.647522267354006,-0.28430336537031975,0.28430336537031975
4.330733340286331,4.320632146590012,-0.010101193696319122,0.010101193696319122
4.110873864173311,4.018258997441783,-0.09261486673152852,0.09261486673152852
4.2626798770413155,4.180474220769104,-0.08220565627221177,0.08220565627221177
3.9318256327243257,3.900998412189229,-0.03082722053509679,0.03082722053509679
4.2626798770413155,3.97721206751445,-0.2854678095268657,0.2854678095268657
4.394449154672439,3.861884882026631,-0.532564272645808,0.532564272645808
4.442651256490317,4.183118334237783,-0.259532922252534,0.259532922252534
4.394449154672439,4.09538623187869,-0.29906292279374913,0.29906292279374913
3.9318256327243257,3.9943057089576977,0.06248007623337193,0.06248007623337193
3.4339872044851463,3.4446472722855326,0.010660067800386308,0.010660067800386308
3.044522437723423,3.2940720188283716,0.24954958110494863,0.24954958110494863
4.189654742026425,3.6554652929954248,-0.5341894490310004,0.5341894490310004
4.110873864173311,4.09522880992455,-0.01564505424876117,0.01564505424876117
3.4339872044851463,3.644615479551203,0.21062827506605686,0.21062827506605686
3.9318256327243257,3.320285519363468,-0.6115401133608578,0.6115401133608578
4.330733340286331,4.162851872273186,-0.16788146801314507,0.16788146801314507
3.044522437723423,3.3973527200286386,0.3528302823052156,0.3528302823052156
4.2626798770413155,4.052450835725365,-0.21022904131595066,0.21022904131595066
4.007333185232471,3.970392069234742,-0.03694111599772931,0.03694111599772931
3.044522437723423,3.3879936030753397,0.3434711653519167,0.3434711653519167
4.394449154672439,3.930403433516972,-0.46404572115546694,0.46404572115546694
4.330733340286331,4.187244806937047,-0.14348853334928435,0.14348853334928435
4.02535169073515,3.8636803535060085,-0.16167133722914118,0.16167133722914118
3.713572066704308,3.8495227371741945,0.13595067046988651,0.13595067046988651
3.9318256327243257,4.172970225438543,0.24114459271421707,0.24114459271421707
3.737669618283368,3.665008418695642,-0.07266119958772599,0.07266119958772599
4.2626798770413155,4.016245724341295,-0.24643415270002045,0.24643415270002045
4.2626798770413155,3.802220989112949,-0.4604588879283664,0.4604588879283664
4.2626798770413155,3.9134354564348683,-0.3492444206064471,0.3492444206064471
3.9318256327243257,4.001741805549636,0.06991617282531015,0.06991617282531015
4.356708826689592,4.161864594914144,-0.19484423177544752,0.19484423177544752
4.189654742026425,3.9519439438121107,-0.2377107982143145,0.2377107982143145
3.258096538021482,3.5201486620794165,0.2620521240579343,0.2620521240579343
3.044522437723423,3.9034475896319143,0.8589251519084913,0.8589251519084913
3.4339872044851463,3.6591677315524223,0.22518052706727598,0.22518052706727598
3.4339872044851463,3.978767378118812,0.5447801736336659,0.5447801736336659
3.9318256327243257,4.058563275828324,0.12673764310399838,0.12673764310399838
4.330733340286331,4.401266643142749,0.07053330285641835,0.07053330285641835
4.110873864173311,3.63693135125953,-0.4739425129137813,0.4739425129137813
3.044522437723423,3.3803583298189954,0.3358358920955724,0.3358358920955724
4.51085950651685,4.088727004255055,-0.42213250226179433,0.42213250226179433
4.110873864173311,3.927160824554901,-0.18371303961841035,0.18371303961841035
3.044522437723423,3.587351961094524,0.5428295233711009,0.5428295233711009
3.9318256327243257,4.073959978858491,0.14213434613416487,0.14213434613416487
3.713572066704308,3.7744062867505592,0.060834220046251275,0.060834220046251275
4.51085950651685,4.007454731035549,-0.5034047754813011,0.5034047754813011
4.394449154672439,4.272876574558474,-0.12157258011396532,0.12157258011396532
3.4657359027997265,3.860305444249878,0.39456954145015155,0.39456954145015155
3.713572066704308,4.0880245302164155,0.3744524635121076,0.3744524635121076
3.9318256327243257,3.6157151741977867,-0.3161104585265391,0.3161104585265391
3.044522437723423,3.4141340481369538,0.36961161041353074,0.36961161041353074
4.110873864173311,4.424445596524248,0.3135717323509368,0.3135717323509368
4.394449154672439,4.245832897639914,-0.14861625703252557,0.14861625703252557
4.394449154672439,4.059978680596871,-0.33447047407556774,0.33447047407556774
4.330733340286331,4.05809492025091,-0.27263842003542127,0.27263842003542127
4.51085950651685,4.186070067133621,-0.32478943938322846,0.32478943938322846
4.330733340286331,4.078946607338495,-0.2517867329478358,0.2517867329478358
4.110873864173311,3.924959323450504,-0.18591454072280733,0.18591454072280733
4.02535169073515,4.06779362424658,0.04244193351143011,0.04244193351143011
4.330733340286331,3.960775288928432,-0.3699580513578993,0.3699580513578993
4.51085950651685,3.6157151741977867,-0.8951443323190631,0.8951443323190631
4.330733340286331,3.799506245751251,-0.5312270945350801,0.5312270945350801
3.9318256327243257,3.800099150919559,-0.13172648180476676,0.13172648180476676
4.394449154672439,4.28974770485175,-0.10470144982068952,0.10470144982068952
4.394449154672439,4.0972741163577435,-0.2971750383146956,0.2971750383146956
3.713572066704308,3.7857728764984677,0.07220080979415977,0.07220080979415977
3.9318256327243257,3.5699108643228925,-0.3619147684014332,0.3619147684014332
4.330733340286331,4.06898339777255,-0.2617499425137808,0.2617499425137808
4.2626798770413155,4.121069689641528,-0.14161018739978726,0.14161018739978726
3.4339872044851463,3.178943202886204,-0.25504400159894214,0.25504400159894214
3.9318256327243257,3.880697584182424,-0.051128048541901894,0.051128048541901894
3.044522437723423,3.397393883785007,0.35287144606158405,0.35287144606158405
4.51085950651685,3.7250004659319043,-0.7858590405849455,0.7858590405849455
4.394449154672439,4.171969423822165,-0.2224797308502744,0.2224797308502744
4.110873864173311,4.0218689168135695,-0.08900494735974185,0.08900494735974185
4.394449154672439,4.16469566283949,-0.22975349183294913,0.22975349183294913
4.2626798770413155,3.9994478807215765,-0.2632319963197389,0.2632319963197389
3.044522437723423,4.254302016153976,1.209779578430553,1.209779578430553
4.110873864173311,4.073083906294912,-0.03778995787839978,0.03778995787839978
3.9318256327243257,3.875528728689896,-0.05629690403442966,0.05629690403442966
3.713572066704308,3.846725296500856,0.1331532297965481,0.1331532297965481
3.4339872044851463,3.9085462528872776,0.47455904840213137,0.47455904840213137
4.02535169073515,3.6153840098889036,-0.409967680846246,0.409967680846246
3.9318256327243257,3.590098786152981,-0.34172684657134456,0.34172684657134456
4.394449154672439,4.261992013442248,-0.1324571412301907,0.1324571412301907
3.258096538021482,4.100542270525955,0.8424457325044732,0.8424457325044732
3.951243718581427,4.129060606050226,0.17781688746879887,0.17781688746879887
3.713572066704308,3.9421193341609966,0.22854726745668863,0.22854726745668863
3.9318256327243257,3.780889277835556,-0.15093635488876966,0.15093635488876966
4.2626798770413155,3.8577282530507726,-0.40495162399054285,0.40495162399054285
4.51085950651685,4.088151993871604,-0.4227075126452453,0.4227075126452453
3.951243718581427,4.059686207008617,0.10844248842718951,0.10844248842718951
4.51085950651685,4.3219444289529,-0.18891507756394965,0.18891507756394965
4.51085950651685,3.9562297805007267,-0.554629726016123,0.554629726016123
4.499809670330265,4.264896082660403,-0.2349135876698618,0.2349135876698618
4.110873864173311,3.955007718691154,-0.1558661454821575,0.1558661454821575
3.713572066704308,3.83958436432652,0.126012297622212,0.126012297622212
3.951243718581427,4.023617921981915,0.0723742034004875,0.0723742034004875
4.51085950651685,4.122719438845945,-0.38814006767090437,0.38814006767090437
4.330733340286331,4.61488466397617,0.284151323689839,0.284151323689839
3.9318256327243257,3.689902057057037,-0.24192357566728884,0.24192357566728884
3.713572066704308,3.692144961374029,-0.021427105330278806,0.021427105330278806
3.9318256327243257,3.765269141813746,-0.16655649091057967,0.16655649091057967
3.9318256327243257,3.5894430227271243,-0.3423826099972014,0.3423826099972014
3.044522437723423,3.49259673735083,0.44807429962740697,0.44807429962740697
3.044522437723423,3.5697695315042575,0.5252470937808345,0.5252470937808345
4.356708826689592,4.019256866214839,-0.3374519604747528,0.3374519604747528
3.80666248977032,4.02163159263423,0.2149691028639098,0.2149691028639098
3.951243718581427,4.154969960942883,0.20372624236145587,0.20372624236145587
3.58351893845611,3.1853317685104177,-0.39818716994569225,0.39818716994569225
4.465908118654584,4.330056259827207,-0.13585185882737694,0.13585185882737694
3.9318256327243257,3.9255298724150367,-0.006295760309289022,0.006295760309289022
4.110873864173311,3.8742180644412048,-0.2366557997321066,0.2366557997321066
3.58351893845611,3.5218751661275425,-0.06164377232856744,0.06164377232856744
4.454347296253507,4.4796065633924655,0.025259267138958208,0.025259267138958208
4.51085950651685,4.042633591170384,-0.4682259153464656,0.4682259153464656
4.394449154672439,4.340621927771763,-0.053827226900676095,0.053827226900676095
4.110873864173311,3.9931883935283485,-0.11768547064496282,0.11768547064496282
4.02535169073515,3.8552829131532618,-0.17006877758188788,0.17006877758188788
4.465908118654584,4.032915373033698,-0.4329927456208855,0.4329927456208855
4.330733340286331,3.77484331324539,-0.5558900270409413,0.5558900270409413
4.110873864173311,3.825544606511449,-0.28532925766186246,0.28532925766186246
3.713572066704308,3.4653497484751172,-0.24822231822919072,0.24822231822919072
2.772588722239781,3.7875908159675147,1.0150020937277335,1.0150020937277335
3.4339872044851463,4.087944570095355,0.6539573656102089,0.6539573656102089
3.610917912644224,3.5428116299692647,-0.06810628267495922,0.06810628267495922
4.394449154672439,4.182099835307931,-0.21234931936450785,0.21234931936450785
4.394449154672439,4.10587901500306,-0.28857013966937917,0.28857013966937917
4.189654742026425,3.978567368984245,-0.21108737304218028,0.21108737304218028
4.51085950651685,4.2400597868740295,-0.27079971964282024,0.27079971964282024
3.9318256327243257,4.028479580431669,0.09665394770734315,0.09665394770734315
3.9318256327243257,4.04113313421638,0.10930750149205393,0.10930750149205393
3.713572066704308,3.7252324236232153,0.011660356918907322,0.011660356918907322
4.2626798770413155,3.9377508854870378,-0.3249289915542777,0.3249289915542777
2.3978952727983707,3.379372575257901,0.9814773024595302,0.9814773024595302
3.58351893845611,3.6007672411943594,0.01724830273824951,0.01724830273824951
4.189654742026425,3.632660595180923,-0.556994146845502,0.556994146845502
3.9318256327243257,3.8692819010148245,-0.06254373170950123,0.06254373170950123
3.713572066704308,4.050129971537646,0.33655790483333803,0.33655790483333803
4.02535169073515,4.038628678609845,0.013276987874695223,0.013276987874695223
4.394449154672439,4.0612224772509045,-0.33322667742153467,0.33322667742153467
4.394449154672439,4.100719573712046,-0.2937295809603935,0.2937295809603935
3.9318256327243257,3.8759508691364686,-0.055874763587857146,0.055874763587857146
3.713572066704308,3.6335813614992434,-0.07999070520506457,0.07999070520506457
3.044522437723423,3.9344876360548287,0.8899651983314056,0.8899651983314056
4.127134385045092,4.0041050132980445,-0.1230293717470472,0.1230293717470472
4.330733340286331,3.9526482777955474,-0.37808506249078366,0.37808506249078366
4.454347296253507,4.052791494315106,-0.4015558019384011,0.4015558019384011
3.951243718581427,4.306611528172271,0.35536780959084435,0.35536780959084435
4.394449154672439,3.791352763833923,-0.6030963908385161,0.6030963908385161
4.418840607796598,4.382450444700799,-0.03639016309579901,0.03639016309579901
3.258096538021482,3.973309664400613,0.715213126379131,0.715213126379131
3.9318256327243257,3.5122054268098615,-0.41962020591446425,0.41962020591446425
3.9318256327243257,3.982163538589584,0.050337905865258215,0.050337905865258215
4.330733340286331,4.124713834685392,-0.2060195056009393,0.2060195056009393
4.394449154672439,4.114785332382033,-0.27966382229040576,0.27966382229040576
4.51085950651685,4.323011650634816,-0.18784785588203334,0.18784785588203334
4.51085950651685,4.081657568716333,-0.4292019378005172,0.4292019378005172
3.9318256327243257,3.7865782028961146,-0.14524742982821115,0.14524742982821115
4.110873864173311,4.056664953942181,-0.0542089102311305,0.0542089102311305
4.2626798770413155,3.8950066623981012,-0.36767321464321423,0.36767321464321423
4.110873864173311,3.5790300559957595,-0.5318438081775518,0.5318438081775518
3.044522437723423,4.141890302061077,1.0973678643376537,1.0973678643376537
4.2626798770413155,4.250621869320846,-0.012058007720469277,0.012058007720469277
3.9318256327243257,3.9380581593154664,0.006232526591140708,0.006232526591140708
3.951243718581427,4.018879038490501,0.06763531990907357,0.06763531990907357
4.394449154672439,3.9985628946765326,-0.39588625999590654,0.39588625999590654
4.2626798770413155,3.858455427557171,-0.40422444948414427,0.40422444948414427
4.51085950651685,4.533555868420597,0.022696361903747686,0.022696361903747686
4.110873864173311,3.6899753813203873,-0.4208984828529241,0.4208984828529241
3.9318256327243257,4.036311973655329,0.10448634093100351,0.10448634093100351
4.465908118654584,4.200690048922395,-0.26521806973218887,0.26521806973218887
3.4339872044851463,3.2470428953856914,-0.18694430909945492,0.18694430909945492
3.258096538021482,3.7250004659319043,0.4669039279104221,0.4669039279104221
4.394449154672439,3.7351052284146364,-0.6593439262578027,0.6593439262578027
3.4339872044851463,3.3307076734589804,-0.10327953102616583,0.10327953102616583
4.454347296253507,3.8168693325380953,-0.637477963715412,0.637477963715412
4.430816798843313,4.280396393699737,-0.15042040514357602,0.15042040514357602
4.2626798770413155,3.8830628049068068,-0.3796170721345087,0.3796170721345087
3.9318256327243257,4.081050771350928,0.14922513862660258,0.14922513862660258
3.9318256327243257,3.707248547855064,-0.22457708486926187,0.22457708486926187
3.044522437723423,3.5755710440191297,0.5310486062957067,0.5310486062957067
3.4339872044851463,3.548077382980841,0.1140901784956947,0.1140901784956947
2.3978952727983707,3.3872436641992283,0.9893483914008576,0.9893483914008576
4.51085950651685,4.050740007808577,-0.4601194987082726,0.4601194987082726
3.713572066704308,3.546957321423885,-0.16661474528042275,0.16661474528042275
4.394449154672439,4.157100496313737,-0.23734865835870256,0.23734865835870256
4.110873864173311,3.7797420887743556,-0.3311317753989558,0.3311317753989558
4.394449154672439,3.9832300445487245,-0.4112191101237146,0.4112191101237146
3.9318256327243257,3.438754152290832,-0.4930714804334939,0.4930714804334939
3.9318256327243257,4.030597443596575,0.09877181087224907,0.09877181087224907
3.9318256327243257,3.583364835288326,-0.34846079743599967,0.34846079743599967
4.110873864173311,4.048672422822898,-0.062201441350413056,0.062201441350413056
4.02535169073515,3.886009499430962,-0.13934219130418768,0.13934219130418768
3.4339872044851463,3.668268753687513,0.23428154920236688,0.23428154920236688
4.454347296253507,4.455597383111824,0.0012500868583167346,0.0012500868583167346
3.9318256327243257,4.06412373223042,0.13229809950609406,0.13229809950609406
4.330733340286331,4.126421749822341,-0.20431159046399028,0.20431159046399028
4.23410650459726,3.6745838261795205,-0.5595226784177392,0.5595226784177392
3.9318256327243257,3.6538572434938446,-0.27796838923048117,0.27796838923048117
3.9318256327243257,3.854258390500873,-0.07756724222345257,0.07756724222345257
3.951243718581427,4.150422157215115,0.19917843863368834,0.19917843863368834
4.51085950651685,4.338433222181313,-0.17242628433553708,0.17242628433553708
3.044522437723423,3.906680090566785,0.8621576528433619,0.8621576528433619
3.258096538021482,3.7300008524281703,0.4719043144066881,0.4719043144066881
3.951243718581427,4.129414253464748,0.17817053488332135,0.17817053488332135
4.110873864173311,3.9235715019806063,-0.18730236219270502,0.18730236219270502
3.9318256327243257,4.059813769074388,0.12798813635006256,0.12798813635006256
2.772588722239781,3.240557495235727,0.46796877299594586,0.46796877299594586
3.951243718581427,4.331382452301845,0.3801387337204183,0.3801387337204183
4.110873864173311,3.8092014372177125,-0.3016724269555988,0.3016724269555988
4.394449154672439,3.978332734161307,-0.4161164205111323,0.4161164205111323
3.258096538021482,3.7056962975178935,0.4475997594964114,0.4475997594964114
4.2626798770413155,4.0077339986049365,-0.25494587843637895,0.25494587843637895
3.9318256327243257,3.7390456301992336,-0.1927800025250921,0.1927800025250921
3.044522437723423,3.667551210984046,0.6230287732606228,0.6230287732606228
4.394449154672439,4.214414174397435,-0.1800349802750043,0.1800349802750043
3.258096538021482,3.892384338579216,0.6342878005577339,0.6342878005577339
4.23410650459726,3.7684603403528145,-0.46564616424444516,0.46564616424444516
3.9318256327243257,3.8689183560480087,-0.06290727667631701,0.06290727667631701
4.5217885770490405,4.243278528070996,-0.27851004897804454,0.27851004897804454
3.951243718581427,4.018908945827634,0.0676652272462066,0.0676652272462066
3.951243718581427,4.131636158647727,0.18039244006630017,0.18039244006630017
4.110873864173311,3.750353291243842,-0.3605205729294694,0.3605205729294694
3.951243718581427,4.186931808657509,0.23568809007608227,0.23568809007608227
4.110873864173311,3.861719663179242,-0.24915420099406926,0.24915420099406926
3.58351893845611,3.9037780764865424,0.3202591380304325,0.3202591380304325
4.110873864173311,4.007482741594371,-0.10339112257894012,0.10339112257894012
3.4339872044851463,3.5495470886655096,0.11555988418036334,0.11555988418036334
3.713572066704308,3.733710654444354,0.020138587740046177,0.020138587740046177
3.9318256327243257,3.661374116543696,-0.2704515161806298,0.2704515161806298
3.9318256327243257,3.9368426568226553,0.005017024098329603,0.005017024098329603
3.9318256327243257,3.808253593889667,-0.12357203883465884,0.12357203883465884
3.713572066704308,3.9413784132108844,0.2278063465065765,0.2278063465065765
3.7612001156935624,3.7698724405001256,0.008672324806563214,0.008672324806563214
4.330733340286331,4.157025792066466,-0.17370754821986534,0.17370754821986534
4.394449154672439,4.296533548275235,-0.09791560639720398,0.09791560639720398
4.330733340286331,4.075746907586127,-0.25498643270020427,0.25498643270020427
4.51085950651685,4.137981452835824,-0.3728780536810259,0.3728780536810259
4.330733340286331,4.200822629321795,-0.12991071096453588,0.12991071096453588
4.394449154672439,4.036652591712137,-0.35779656296030193,0.35779656296030193
3.5263605246161616,3.8365107484392946,0.31015022382313306,0.31015022382313306
2.5649493574615367,3.5077990851541516,0.9428497276926149,0.9428497276926149
3.951243718581427,3.8615553249757517,-0.08968839360567538,0.08968839360567538
4.110873864173311,4.0868202154967985,-0.02405364867651283,0.02405364867651283
3.9318256327243257,3.5907711642688698,-0.34105446845545595,0.34105446845545595
3.258096538021482,3.4963221807544342,0.2382256427329521,0.2382256427329521
4.454347296253507,4.402798284031513,-0.051549012221994595,0.051549012221994595
3.4339872044851463,3.845124788776177,0.41113758429103076,0.41113758429103076
4.51085950651685,4.043787538801132,-0.467071967715718,0.467071967715718
4.330733340286331,4.152524679457562,-0.17820866082876918,0.17820866082876918
4.290459441148391,4.1541050542262425,-0.1363543869221484,0.1363543869221484
3.4339872044851463,3.3780887153723573,-0.05589848911278894,0.05589848911278894
4.51085950651685,4.474318851172842,-0.036540655344007966,0.036540655344007966
4.330733340286331,4.129582279182933,-0.2011510611033982,0.2011510611033982
4.2626798770413155,3.8747294169992803,-0.38795046004203515,0.38795046004203515
4.330733340286331,4.147839009730504,-0.18289433055582727,0.18289433055582727
4.394449154672439,4.020536715449757,-0.373912439222682,0.373912439222682
3.9318256327243257,4.1172037714396,0.18537813871527442,0.18537813871527442
3.4339872044851463,3.781324683412153,0.34733747892700695,0.34733747892700695
3.044522437723423,3.694301969366935,0.649779531643512,0.649779531643512
3.4339872044851463,3.2082117906008167,-0.22577541388432953,0.22577541388432953
3.258096538021482,3.4729532488818666,0.2148567108603845,0.2148567108603845
3.58351893845611,3.7874126799089605,0.20389374145285055,0.20389374145285055
3.9318256327243257,3.53322950798749,-0.3985961247368359,0.3985961247368359
3.258096538021482,3.774544290785519,0.5164477527640368,0.5164477527640368
4.454347296253507,4.014630621209144,-0.4397166750443633,0.4397166750443633
3.9318256327243257,3.8463427005053283,-0.08548293221899739,0.08548293221899739
4.454347296253507,4.312325387856406,-0.14202190839710127,0.14202190839710127
3.4339872044851463,3.9559287515874493,0.521941547102303,0.521941547102303
4.51085950651685,4.313804191645079,-0.19705531487177108,0.19705531487177108
4.51085950651685,4.03829734515534,-0.47256216136150986,0.47256216136150986
4.02535169073515,3.911486929146636,-0.11386476158851355,0.11386476158851355
3.044522437723423,3.459186447997599,0.4146640102741759,0.4146640102741759
3.4339872044851463,3.8392589191702036,0.4052717146850573,0.4052717146850573
4.2626798770413155,4.1536106358405105,-0.10906924120080497,0.10906924120080497
3.258096538021482,3.8086907028999617,0.5505941648784796,0.5505941648784796
4.477336814478207,4.121617252751141,-0.3557195617270654,0.3557195617270654
3.951243718581427,4.126771593116443,0.17552787453501573,0.17552787453501573
4.51085950651685,4.0850678709079515,-0.4257916356088982,0.4257916356088982
3.713572066704308,4.08883835619238,0.3752662894880716,0.3752662894880716
4.394449154672439,4.238309986048152,-0.15613916862428745,0.15613916862428745
4.189654742026425,4.115417124239009,-0.074237617787416,0.074237617787416
3.9318256327243257,3.931259828789054,-0.0005658039352716138,0.0005658039352716138
4.110873864173311,4.005344119423343,-0.10552974474996812,0.10552974474996812
3.044522437723423,3.702307717891385,0.6577852801679618,0.6577852801679618
4.394449154672439,4.080242520850808,-0.31420663382163116,0.31420663382163116
4.110873864173311,3.9039143239771086,-0.20695954019620277,0.20695954019620277
3.9318256327243257,3.3432372642371018,-0.588588368487224,0.588588368487224
4.02535169073515,3.7946568392195577,-0.230694851515592,0.230694851515592
4.110873864173311,3.9413784132108844,-0.1694954509624269,0.1694954509624269
3.258096538021482,3.9604537512583993,0.7023572132369171,0.7023572132369171
3.9318256327243257,3.5064578422775923,-0.42536779044673345,0.42536779044673345
3.044522437723423,3.6098252710571357,0.5653028333337127,0.5653028333337127
3.9318256327243257,3.702928366753202,-0.2288972659711237,0.2288972659711237
4.330733340286331,4.074249246559275,-0.25648409372705583,0.25648409372705583
3.9318256327243257,3.7841543952799475,-0.14767123744437827,0.14767123744437827
3.258096538021482,3.204962806160804,-0.05313373186067816,0.05313373186067816
4.51085950651685,4.202575226184811,-0.3082842803320389,0.3082842803320389
3.5263605246161616,3.9788896351203116,0.45252911050415,0.45252911050415
4.2626798770413155,4.034031676865538,-0.22864820017577703,0.22864820017577703
4.110873864173311,3.705778362257222,-0.40509550191608934,0.40509550191608934
3.951243718581427,4.099472784607709,0.14822906602628194,0.14822906602628194
3.9318256327243257,3.6594615688960266,-0.27236406382829914,0.27236406382829914
3.9318256327243257,3.850400350459381,-0.08142528226494461,0.08142528226494461
3.044522437723423,3.2072059352230475,0.16268349749962452,0.16268349749962452
2.772588722239781,3.5400573853743422,0.7674686631345611,0.7674686631345611
4.532599493153256,4.003045298164589,-0.5295541949886671,0.5295541949886671
3.295836866004329,3.45918522580628,0.16334835980195095,0.16334835980195095
3.951243718581427,4.3537907596307885,0.40254704104936145,0.40254704104936145
3.9318256327243257,3.5554571111773745,-0.3763685215469512,0.3763685215469512
4.110873864173311,3.975650234980439,-0.13522362919287234,0.13522362919287234
3.9318256327243257,4.039016582221852,0.1071909494975265,0.1071909494975265
3.044522437723423,3.6773767382762896,0.6328543005528666,0.6328543005528666
3.9318256327243257,3.8939367976381365,-0.03788883508618923,0.03788883508618923
3.044522437723423,4.047539232869843,1.00301679514642,1.00301679514642
4.110873864173311,3.9901078119905518,-0.1207660521827596,0.1207660521827596
4.394449154672439,3.837831832292206,-0.5566173223802333,0.5566173223802333
4.330733340286331,4.0335739130153465,-0.29715942727098454,0.29715942727098454
4.454347296253507,4.095146674602457,-0.35920062165105016,0.35920062165105016
3.713572066704308,3.5849070705784754,-0.1286649961258326,0.1286649961258326
4.2626798770413155,4.107702488483816,-0.15497738855749965,0.15497738855749965
3.9318256327243257,3.7805249892982213,-0.1513006434261044,0.1513006434261044
3.044522437723423,3.1419789957598203,0.0974565580363973,0.0974565580363973
3.828641396489095,3.7818501325468072,-0.04679126394228783,0.04679126394228783
4.330733340286331,4.141801963384774,-0.18893137690155726,0.18893137690155726
4.330733340286331,4.230602586775422,-0.10013075351090883,0.10013075351090883
3.9318256327243257,4.026213997441889,0.09438836471756362,0.09438836471756362
4.51085950651685,4.081504824973544,-0.42935468154330536,0.42935468154330536
4.499809670330265,4.082209377157834,-0.4176002931724314,0.4176002931724314
3.5263605246161616,3.12906504215401,-0.39729548246215174,0.39729548246215174
4.110873864173311,4.027447462526924,-0.08342640164638748,0.08342640164638748
4.394449154672439,4.2035187868393695,-0.1909303678330696,0.1909303678330696
3.9318256327243257,3.7048546423788125,-0.22697099034551327,0.22697099034551327
4.330733340286331,4.060649440287102,-0.27008389999922944,0.27008389999922944
3.9318256327243257,3.6663211653454226,-0.2655044673789031,0.2655044673789031
3.4339872044851463,4.158411503222341,0.7244242987371949,0.7244242987371949
4.394449154672439,3.9750742941438295,-0.4193748605286096,0.4193748605286096
4.2626798770413155,4.093545832579199,-0.16913404446211633,0.16913404446211633
4.394449154672439,3.8204850230065297,-0.5739641316659094,0.5739641316659094
3.9318256327243257,3.7015485463487083,-0.2302770863756174,0.2302770863756174
3.9318256327243257,3.8109416100051208,-0.12088402271920495,0.12088402271920495
3.4339872044851463,3.5545934550131966,0.1206062505280503,0.1206062505280503
3.828641396489095,3.978379075487396,0.14973767899830115,0.14973767899830115
4.394449154672439,3.944300730475878,-0.450148424196561,0.450148424196561
3.9318256327243257,4.015999034805507,0.08417340208118107,0.08417340208118107
4.51085950651685,4.022528944816671,-0.4883305617001792,0.4883305617001792
4.51085950651685,4.175082747534008,-0.335776758982842,0.335776758982842
3.9318256327243257,3.9772885797260695,0.0454629470017438,0.0454629470017438
4.394449154672439,4.221521724549232,-0.17292743012320688,0.17292743012320688
3.258096538021482,3.885022306473373,0.626925768451891,0.626925768451891
3.258096538021482,3.2422490533963124,-0.015847484625169717,0.015847484625169717
3.258096538021482,3.484490053105017,0.22639351508353478,0.22639351508353478
3.5263605246161616,3.5717204598433647,0.04535993522720316,0.04535993522720316
4.189654742026425,4.040484549482119,-0.14917019254430652,0.14917019254430652
2.772588722239781,2.9824327858337143,0.20984406359393315,0.20984406359393315
3.5263605246161616,3.9239914201989676,0.39763089558280607,0.39763089558280607
4.394449154672439,4.13355134493819,-0.26089780973424936,0.26089780973424936
4.394449154672439,4.063571489100652,-0.3308776655717871,0.3308776655717871
3.828641396489095,3.9123299005562706,0.08368850406717554,0.08368850406717554
4.110873864173311,3.6988700970067114,-0.4120037671665999,0.4120037671665999
3.9318256327243257,3.7295552136613397,-0.20227041906298604,0.20227041906298604
4.394449154672439,4.17441703208482,-0.22003212258761895,0.22003212258761895
4.51085950651685,4.391208871988083,-0.11965063452876645,0.11965063452876645
4.394449154672439,4.06232582722657,-0.3321233274458688,0.3321233274458688
4.330733340286331,4.3511034391356365,0.020370098849305407,0.020370098849305407
4.454347296253507,4.3938977998864726,-0.06044949636703478,0.06044949636703478
4.454347296253507,4.147741235277113,-0.3066060609763941,0.3066060609763941
3.258096538021482,3.526424794311397,0.26832825628991497,0.26832825628991497
3.58351893845611,3.5613263285913477,-0.022192609864762236,0.022192609864762236
4.465908118654584,4.149717844297589,-0.31619027435699465,0.31619027435699465
2.772588722239781,3.397930809255345,0.6253420870155639,0.6253420870155639
4.189654742026425,3.962560176506667,-0.22709456551975826,0.22709456551975826
4.2626798770413155,4.302750331981381,0.040070454940065225,0.040070454940065225
4.110873864173311,3.6991757206885305,-0.41169814348478084,0.41169814348478084
4.110873864173311,3.9730949575826413,-0.13777890659067005,0.13777890659067005
3.4339872044851463,3.978500196829815,0.5445129923446688,0.5445129923446688
4.110873864173311,4.0544497090583445,-0.0564241551149669,0.0564241551149669
3.044522437723423,3.77051084667692,0.7259884089534969,0.7259884089534969
3.4339872044851463,3.668562125700768,0.23457492121562185,0.23457492121562185
4.2626798770413155,4.180448890872334,-0.08223098616898117,0.08223098616898117
4.02535169073515,4.0343771693029655,0.009025478567815881,0.009025478567815881
3.258096538021482,3.714627786969828,0.45653124894834596,0.45653124894834596
3.9318256327243257,4.010495708644121,0.07867007591979513,0.07867007591979513
3.9318256327243257,3.9645451332523165,0.032719500527990775,0.032719500527990775
3.9318256327243257,3.631637510950524,-0.3001881217738016,0.3001881217738016
4.290459441148391,4.48302858737021,0.1925691462218193,0.1925691462218193
3.951243718581427,4.023617921981915,0.0723742034004875,0.0723742034004875
3.58351893845611,3.888075481300056,0.30455654284394607,0.30455654284394607
4.110873864173311,3.855926313104536,-0.25494755106877554,0.25494755106877554
3.9318256327243257,3.884635429374004,-0.047190203350321536,0.047190203350321536
4.454347296253507,4.422735151764957,-0.03161214448854999,0.03161214448854999
4.02535169073515,3.682334490492442,-0.34301720024270743,0.34301720024270743
3.4339872044851463,3.0177359666964163,-0.41625123778872997,0.41625123778872997
3.9318256327243257,3.4072919864181506,-0.5245336463061752,0.5245336463061752
4.51085950651685,4.326309429050319,-0.18455007746653074,0.18455007746653074
3.713572066704308,3.3673115074813977,-0.3462605592229102,0.3462605592229102
4.204692619390966,3.905223297397379,-0.29946932199358667,0.29946932199358667
4.02535169073515,3.6946775651784582,-0.3306741255566914,0.3306741255566914
4.394449154672439,3.9111504806551363,-0.48329867401730287,0.48329867401730287
4.394449154672439,4.036836747791406,-0.35761240688103335,0.35761240688103335
4.394449154672439,4.184112723102056,-0.21033643157038284,0.21033643157038284
4.51085950651685,4.4013409272065225,-0.10951857931032727,0.10951857931032727
3.713572066704308,3.7741153316606244,0.060543264956316456,0.060543264956316456
3.9318256327243257,3.7286610212658036,-0.20316461145852216,0.20316461145852216
4.330733340286331,4.261927094505043,-0.06880624578128813,0.06880624578128813
3.9318256327243257,3.9175126956093824,-0.014312937114943303,0.014312937114943303
3.713572066704308,4.115218731059802,0.4016466643554937,0.4016466643554937
3.9318256327243257,3.9497112113606105,0.017885578636284816,0.017885578636284816
3.4339872044851463,3.5848887143380264,0.1509015098528801,0.1509015098528801
3.9318256327243257,3.766968140856097,-0.16485749186822884,0.16485749186822884
3.258096538021482,3.418330016964931,0.16023347894344875,0.16023347894344875
3.9318256327243257,3.9870343854514276,0.055208752727101906,0.055208752727101906
3.713572066704308,3.797526402637342,0.08395433593303414,0.08395433593303414
3.713572066704308,3.5158316407531576,-0.19774042595115038,0.19774042595115038
3.713572066704308,4.008300473258031,0.29472840655372323,0.29472840655372323
4.330733340286331,4.230489151382061,-0.10024418890427,0.10024418890427
3.9318256327243257,3.5922008927419085,-0.33962473998241727,0.33962473998241727
3.9318256327243257,3.8424397674763573,-0.08938586524796843,0.08938586524796843
3.4339872044851463,4.052730081857813,0.6187428773726671,0.6187428773726671
3.4339872044851463,3.3735323385487,-0.06045486593644611,0.06045486593644611
4.454347296253507,4.187186673663186,-0.26716062259032114,0.26716062259032114
3.5263605246161616,4.004498573971359,0.47813804935519766,0.47813804935519766
3.4339872044851463,3.9898267494874036,0.5558395450022573,0.5558395450022573
3.4339872044851463,3.6577868331222256,0.22379962863707936,0.22379962863707936
4.2626798770413155,3.972865783831759,-0.2898140932095563,0.2898140932095563
4.110873864173311,4.123385068065276,0.012511203891964584,0.012511203891964584
3.258096538021482,3.2548319016857077,-0.0032646363357744512,0.0032646363357744512
3.9318256327243257,3.6397171844547502,-0.2921084482695755,0.2921084482695755
3.258096538021482,3.4663942343607674,0.2082976963392853,0.2082976963392853
3.044522437723423,4.036287170261653,0.9917647325382304,0.9917647325382304
3.9318256327243257,3.5784521548820374,-0.35337347784228834,0.35337347784228834
4.51085950651685,4.31566949348546,-0.1951900130313895,0.1951900130313895
3.9318256327243257,4.014874388607499,0.08304875588317318,0.08304875588317318
3.044522437723423,3.5476577940277534,0.5031353563043304,0.5031353563043304
3.9318256327243257,3.8687690428128425,-0.06305658991148322,0.06305658991148322
4.110873864173311,4.122432732903798,0.011558868730486616,0.011558868730486616
4.51085950651685,4.425746720463824,-0.08511278605302586,0.08511278605302586
4.394449154672439,3.9454816013075895,-0.4489675533648496,0.4489675533648496
3.4339872044851463,3.8245728174913385,0.3905856130061922,0.3905856130061922
4.330733340286331,4.046239309195402,-0.2844940310909294,0.2844940310909294
3.9318256327243257,3.884431770890197,-0.047393861834128526,0.047393861834128526
3.713572066704308,3.9119457393814145,0.1983736726771066,0.1983736726771066
3.9318256327243257,3.899982553178314,-0.03184307954601184,0.03184307954601184
4.394449154672439,3.9810389890288937,-0.4134101656435454,0.4134101656435454
3.258096538021482,4.076868952191835,0.8187724141703527,0.8187724141703527
3.258096538021482,3.963262620377723,0.7051660823562407,0.7051660823562407
3.58351893845611,3.71941646242211,0.1358975239660003,0.1358975239660003
4.110873864173311,4.012548193699202,-0.09832567047410912,0.09832567047410912
2.772588722239781,3.376632394690209,0.6040436724504277,0.6040436724504277
3.9318256327243257,3.9011663233349365,-0.03065930938938921,0.03065930938938921
3.713572066704308,3.692991837123044,-0.020580229581264042,0.020580229581264042
4.219507705176107,4.29154296054512,0.07203525536901267,0.07203525536901267
3.9318256327243257,3.5310974413412675,-0.40072819138305826,0.40072819138305826
4.2626798770413155,4.120126602902318,-0.1425532741389972,0.1425532741389972
3.9318256327243257,3.7562728916261676,-0.1755527410981581,0.1755527410981581
3.58351893845611,3.385830915201421,-0.1976880232546887,0.1976880232546887
3.9318256327243257,3.7493990746627883,-0.1824265580615374,0.1824265580615374
3.258096538021482,3.5821188888023947,0.32402235078091257,0.32402235078091257
4.51085950651685,3.9371158539943867,-0.5737436525224631,0.5737436525224631
3.58351893845611,3.7024238487594126,0.11890491030330264,0.11890491030330264
3.258096538021482,3.8885716978942213,0.6304751598727392,0.6304751598727392
4.394449154672439,4.112511768619376,-0.2819373860530634,0.2819373860530634
3.4339872044851463,4.19382713022147,0.7598399257363235,0.7598399257363235
3.9318256327243257,3.9726008932856987,0.04077526056137293,0.04077526056137293
3.9318256327243257,4.176161091351646,0.2443354586273201,0.2443354586273201
4.394449154672439,4.059526850246641,-0.33492230442579807,0.33492230442579807
3.258096538021482,3.946209784220967,0.6881132461994848,0.6881132461994848
4.330733340286331,4.0687541258080335,-0.26197921447829753,0.26197921447829753
3.713572066704308,3.9339462945732713,0.22037422786896332,0.22037422786896332
3.9318256327243257,3.910740325762368,-0.021085306961957873,0.021085306961957873
3.258096538021482,3.8389699802449764,0.5808734422234942,0.5808734422234942
4.110873864173311,3.85725746395681,-0.25361640021650134,0.25361640021650134
3.4339872044851463,3.5169367214467178,0.08294951696157149,0.08294951696157149
4.394449154672439,4.134866876002624,-0.2595822786698152,0.2595822786698152
3.5263605246161616,3.8718556055744457,0.3454950809582842,0.3454950809582842
4.394449154672439,4.265230472013452,-0.12921868265898695,0.12921868265898695
4.330733340286331,4.183897077565383,-0.14683626272094763,0.14683626272094763
3.9318256327243257,3.754977195110185,-0.1768484376141406,0.1768484376141406
4.394449154672439,4.561804361171136,0.16735520649869695,0.16735520649869695
3.4339872044851463,3.2491715362348543,-0.18481566825029194,0.18481566825029194
3.9318256327243257,3.9915968417097423,0.059771208985416546,0.059771208985416546
4.394449154672439,4.031012832274748,-0.36343632239769086,0.36343632239769086
3.5553480614894135,3.572372100991941,0.01702403950252762,0.01702403950252762
3.258096538021482,3.749833823050687,0.4917372850292048,0.4917372850292048
4.2626798770413155,4.260995215193504,-0.0016846618478112418,0.0016846618478112418
3.58351893845611,4.054208371271042,0.4706894328149325,0.4706894328149325
4.48863636973214,4.235570185580354,-0.25306618415178583,0.25306618415178583
3.5263605246161616,3.5769798440675262,0.050619319451364664,0.050619319451364664
4.330733340286331,3.5355018790145984,-0.7952314612717326,0.7952314612717326
3.713572066704308,3.8332836709829055,0.1197116042785975,0.1197116042785975
4.330733340286331,3.9333123354719177,-0.39742100481441334,0.39742100481441334
4.330733340286331,4.2774670761977385,-0.053266264088592585,0.053266264088592585
3.58351893845611,3.8138549117114997,0.2303359732553898,0.2303359732553898
4.110873864173311,3.9216172584679905,-0.18925660570532088,0.18925660570532088
3.9318256327243257,3.6073503357497483,-0.32447529697457744,0.32447529697457744
3.951243718581427,4.033520847489541,0.0822771289081139,0.0822771289081139
2.3978952727983707,3.964293382718467,1.5663981099200965,1.5663981099200965
3.4339872044851463,3.5656339960214947,0.1316467915363484,0.1316467915363484
4.2626798770413155,4.152402165757483,-0.11027771128383268,0.11027771128383268
4.02535169073515,3.9452562835036247,-0.08009540723152497,0.08009540723152497
4.330733340286331,3.9017715852038806,-0.4289617550824505,0.4289617550824505
4.110873864173311,4.021261744162688,-0.08961212001062346,0.08961212001062346
4.394449154672439,4.359578247003129,-0.034870907669310114,0.034870907669310114
3.258096538021482,3.9655258234057555,0.7074292853842734,0.7074292853842734
4.394449154672439,4.350086126722451,-0.04436302794998781,0.04436302794998781
3.9318256327243257,3.8976782713340974,-0.03414736139022834,0.03414736139022834
4.394449154672439,3.9538530164873027,-0.44059613818513643,0.44059613818513643
3.9318256327243257,4.242708079371775,0.3108824466474496,0.3108824466474496
4.02535169073515,3.8710006933811547,-0.15435099735399493,0.15435099735399493
3.951243718581427,4.133308068513823,0.1820643499323955,0.1820643499323955
3.218875824868201,4.134806077792596,0.9159302529243947,0.9159302529243947
4.290459441148391,4.262683777172912,-0.027775663975479148,0.027775663975479148
3.9318256327243257,4.29336766124994,0.36154202852561435,0.36154202852561435
4.2626798770413155,3.8674840114834907,-0.3951958655578247,0.3951958655578247
4.394449154672439,4.022861218056463,-0.3715879366159758,0.3715879366159758
4.51085950651685,3.9695460439765045,-0.5413134625403453,0.5413134625403453
3.4339872044851463,4.320284828916337,0.8862976244311911,0.8862976244311911
4.2626798770413155,4.038248206549675,-0.22443167049164003,0.22443167049164003
4.110873864173311,4.099505293251458,-0.01136857092185295,0.01136857092185295
3.713572066704308,4.174697802322886,0.4611257356185776,0.4611257356185776
4.454347296253507,3.9413784132108844,-0.5129688830426229,0.5129688830426229
4.51085950651685,4.066868259456253,-0.44399124706059645,0.44399124706059645
4.5217885770490405,4.051712952542583,-0.4700756245064577,0.4700756245064577
4.330733340286331,4.068885211908042,-0.26184812837828897,0.26184812837828897
4.290459441148391,4.172194373386387,-0.11826506776200407,0.11826506776200407
2.772588722239781,3.218047758256761,0.44545903601697967,0.44545903601697967
3.5263605246161616,4.004498573971359,0.47813804935519766,0.47813804935519766
4.564348191467836,4.339226309761385,-0.22512188170645153,0.22512188170645153
4.219507705176107,4.075833881395484,-0.143673823780623,0.143673823780623
3.044522437723423,3.8912735879757374,0.8467511502523144,0.8467511502523144
3.9318256327243257,4.019671398710312,0.08784576598598592,0.08784576598598592
4.394449154672439,4.012216528027997,-0.38223262664444224,0.38223262664444224
4.2626798770413155,3.9962437223218994,-0.26643615471941606,0.26643615471941606
4.290459441148391,4.144605607942285,-0.14585383320610568,0.14585383320610568
3.9318256327243257,3.640510966967166,-0.2913146657571599,0.2913146657571599
3.4339872044851463,3.689759945223372,0.25577274073822576,0.25577274073822576
4.110873864173311,3.948438987114286,-0.16243487705902515,0.16243487705902515
4.51085950651685,4.0359462855396595,-0.47491322097719024,0.47491322097719024
2.772588722239781,4.101687828801593,1.3290991065618116,1.3290991065618116
4.2626798770413155,3.7250004659319043,-0.5376794111094112,0.5376794111094112
4.51085950651685,4.014209737439597,-0.4966497690772531,0.4966497690772531
4.454347296253507,4.053563535241972,-0.40078376101153523,0.40078376101153523
4.51085950651685,4.097278888398531,-0.4135806181183188,0.4135806181183188
4.290459441148391,4.129331204360268,-0.16112823678812305,0.16112823678812305
4.02535169073515,4.007759025006219,-0.017592665728930257,0.017592665728930257
3.951243718581427,4.058739805411502,0.10749608683007494,0.10749608683007494
3.9318256327243257,3.645070048925936,-0.28675558379838995,0.28675558379838995
4.330733340286331,3.9459359835599686,-0.3847973567263625,0.3847973567263625
3.4339872044851463,4.01712885183217,0.5831416473470235,0.5831416473470235
4.51085950651685,4.331450567221769,-0.1794089392950804,0.1794089392950804
4.110873864173311,4.05989990050242,-0.050973963670891465,0.050973963670891465
4.330733340286331,3.9587675931797963,-0.37196574710653474,0.37196574710653474
3.9318256327243257,4.091170952575336,0.1593453198510102,0.1593453198510102
4.394449154672439,4.051686993533139,-0.3427621611392997,0.3427621611392997
4.2626798770413155,4.147911038476728,-0.1147688385645873,0.1147688385645873
4.2626798770413155,3.8525203742275194,-0.4101595028137961,0.4101595028137961
3.295836866004329,3.504193387969801,0.20835652196547194,0.20835652196547194
3.4339872044851463,4.100566652747642,0.666579448262496,0.666579448262496
3.828641396489095,3.727306099286236,-0.10133529720285894,0.10133529720285894
4.110873864173311,4.260450536558127,0.14957667238481598,0.14957667238481598
4.110873864173311,3.375490250583617,-0.7353836135896943,0.7353836135896943
3.044522437723423,3.575937347602375,0.531414909878952,0.531414909878952
4.02535169073515,3.653397091460792,-0.3719545992743578,0.3719545992743578
3.9318256327243257,4.022019460908039,0.09019382818371335,0.09019382818371335
3.258096538021482,3.5613124421101565,0.3032159040886744,0.3032159040886744
3.258096538021482,3.6308053232592625,0.3727087852377804,0.3727087852377804
3.367295829986474,3.9832024482282273,0.6159066182417532,0.6159066182417532
3.044522437723423,3.039278700524914,-0.005243737198509013,0.005243737198509013
3.9318256327243257,3.814404784384884,-0.11742084833944189,0.11742084833944189
4.553876891600541,4.270792703851815,-0.28308418774872557,0.28308418774872557
3.713572066704308,4.022528944816671,0.3089568781123626,0.3089568781123626
4.454347296253507,4.211710525427565,-0.2426367708259427,0.2426367708259427
4.5217885770490405,4.113878883888747,-0.4079096931602937,0.4079096931602937
3.9318256327243257,4.04730843465132,0.11548280192699467,0.11548280192699467
4.143134726391533,3.7380348192600135,-0.4050999071315191,0.4050999071315191
4.51085950651685,4.556682760355189,0.045823253838339184,0.045823253838339184
4.110873864173311,3.9016579911806493,-0.2092158729926621,0.2092158729926621
4.189654742026425,3.8161930566997313,-0.3734616853266939,0.3734616853266939
3.713572066704308,3.72622113630248,0.012649069598172247,0.012649069598172247
3.044522437723423,3.3825475791406205,0.3380251414171975,0.3380251414171975
3.9318256327243257,3.8216646274204704,-0.11016100530385531,0.11016100530385531
4.330733340286331,4.080084528719082,-0.25064881156724894,0.25064881156724894
3.4339872044851463,3.5380866122855057,0.10409940780035942,0.10409940780035942
2.3978952727983707,3.1946014296442256,0.7967061568458549,0.7967061568458549
3.4339872044851463,3.917983607494577,0.4839964030094306,0.4839964030094306
4.290459441148391,4.063831978215065,-0.22662746293332603,0.22662746293332603
3.091042453358316,3.7568420687002866,0.6657996153419705,0.6657996153419705
3.4339872044851463,3.64299384984674,0.20900664536159352,0.20900664536159352
3.713572066704308,3.7548574278096183,0.041285361105310336,0.041285361105310336
4.02535169073515,3.8469269650561806,-0.17842472567896905,0.17842472567896905
3.9318256327243257,3.8779499933158736,-0.05387563940845208,0.05387563940845208
3.9318256327243257,3.8148559420298422,-0.11696969069448349,0.11696969069448349
4.564348191467836,3.984893004455828,-0.5794551870120079,0.5794551870120079
4.51085950651685,4.111686187142948,-0.39917331937390177,0.39917331937390177
4.330733340286331,4.165435696287695,-0.16529764399863645,0.16529764399863645
4.204692619390966,4.1162726290724025,-0.08841999031856318,0.08841999031856318
3.9318256327243257,3.7861462061421225,-0.14567942658220323,0.14567942658220323
3.713572066704308,3.6562353380166925,-0.05733672868761541,0.05733672868761541
3.9318256327243257,3.940376519236762,0.008550886512436406,0.008550886512436406
3.044522437723423,3.752824496125262,0.7083020584018391,0.7083020584018391
3.9318256327243257,4.125328627549394,0.1935029948250686,0.1935029948250686
3.5263605246161616,4.004498573971359,0.47813804935519766,0.47813804935519766
3.4339872044851463,3.7941681882661547,0.3601809837810084,0.3601809837810084
3.58351893845611,3.77427757587407,0.19075863741795995,0.19075863741795995
3.4339872044851463,3.4975607442442245,0.0635735397590782,0.0635735397590782
3.9318256327243257,3.668770403603602,-0.26305522912072377,0.26305522912072377
3.713572066704308,3.8290528817457368,0.11548081504142882,0.11548081504142882
3.951243718581427,4.175705953247291,0.22446223466586357,0.22446223466586357
3.9318256327243257,3.960016434389671,0.028190801665345155,0.028190801665345155
4.454347296253507,4.044155712297668,-0.41019158395583943,0.41019158395583943
3.044522437723423,3.309479390433419,0.264956952709996,0.264956952709996
4.2626798770413155,4.052434931725369,-0.21024494531594673,0.21024494531594673
4.330733340286331,3.9672372312321835,-0.36349610905414753,0.36349610905414753
3.713572066704308,3.7675930988163673,0.05402103211205933,0.05402103211205933
3.951243718581427,4.023617921981915,0.0723742034004875,0.0723742034004875
4.394449154672439,4.189931433221618,-0.20451772145082092,0.20451772145082092
4.430816798843313,4.179376972762955,-0.2514398260803583,0.2514398260803583
3.9318256327243257,3.865219240340381,-0.06660639238394461,0.06660639238394461
3.951243718581427,4.023617921981915,0.0723742034004875,0.0723742034004875
3.9318256327243257,3.7413235553552786,-0.19050207736904712,0.19050207736904712
3.9318256327243257,3.948909909923151,0.017084277198825326,0.017084277198825326
3.258096538021482,3.404860291297826,0.14676375327634394,0.14676375327634394
4.110873864173311,3.9990453794428564,-0.11182848473045492,0.11182848473045492
4.330733340286331,3.9346312289958925,-0.3961021112904386,0.3961021112904386
4.110873864173311,3.94366886301147,-0.16720500116184134,0.16720500116184134
3.58351893845611,3.5244513071631207,-0.0590676312929892,0.0590676312929892
4.330733340286331,4.492893245764966,0.16215990547863512,0.16215990547863512
4.394449154672439,4.5406393586298215,0.14619020395738236,0.14619020395738236
3.044522437723423,3.533127027357841,0.4886045896344178,0.4886045896344178
3.713572066704308,3.668742355529064,-0.044829711175244036,0.044829711175244036
3.9318256327243257,3.9453746550548243,0.013549022330498595,0.013549022330498595
4.394449154672439,4.029857738019245,-0.3645914166531945,0.3645914166531945
4.02535169073515,3.7335903514034854,-0.29176133933166426,0.29176133933166426
4.189654742026425,3.5929301240611666,-0.5967246179652586,0.5967246179652586
3.4339872044851463,3.4668983898097996,0.032911185324653314,0.032911185324653314
4.2626798770413155,4.213475328160745,-0.0492045488805708,0.0492045488805708
4.110873864173311,3.613143209071511,-0.49773065510180015,0.49773065510180015
4.394449154672439,3.7493832210656493,-0.6450659336067899,0.6450659336067899
3.713572066704308,3.759400639892902,0.045828573188594124,0.045828573188594124
4.51085950651685,4.256004357871412,-0.25485514864543735,0.25485514864543735
4.394449154672439,4.3088451567052655,-0.08560399796717366,0.08560399796717366
3.58351893845611,3.584680036461714,0.0011610980056042663,0.0011610980056042663
4.2626798770413155,3.8459229570925055,-0.4167569199488099,0.4167569199488099
3.5553480614894135,3.785825665090753,0.23047760360133962,0.23047760360133962
4.110873864173311,3.8875850673792893,-0.22328879679402203,0.22328879679402203
3.713572066704308,3.3196055558794386,-0.39396651082486933,0.39396651082486933
3.9318256327243257,4.290219743868367,0.3583941111440416,0.3583941111440416
4.442651256490317,4.2487620446043755,-0.19388921188594122,0.19388921188594122
4.2626798770413155,3.6862423814839893,-0.5764374955573262,0.5764374955573262
3.951243718581427,4.068461842133572,0.11721812355214478,0.11721812355214478
4.330733340286331,3.9999608438076013,-0.33077249647872975,0.33077249647872975
4.330733340286331,4.03926588918804,-0.2914674510982911,0.2914674510982911
4.330733340286331,3.668268753687513,-0.6624645865988179,0.6624645865988179
3.58351893845611,3.6320673587979844,0.048548420341874454,0.048548420341874454
4.330733340286331,4.044951917618652,-0.2857814226676787,0.2857814226676787
4.51085950651685,4.258296727284237,-0.25256277923261283,0.25256277923261283
3.044522437723423,3.3365952961928333,0.29207285846941033,0.29207285846941033
3.4339872044851463,3.9368262613466682,0.502839056861522,0.502839056861522
4.394449154672439,4.09522880992455,-0.29922034474788894,0.29922034474788894
3.4339872044851463,3.6971434386899067,0.2631562342047604,0.2631562342047604
3.5553480614894135,3.7018376429034365,0.14648958141402302,0.14648958141402302
3.9318256327243257,3.978935185075387,0.04710955235106118,0.04710955235106118
4.290459441148391,4.013191098099591,-0.2772683430488003,0.2772683430488003
4.394449154672439,3.832822801720021,-0.5616263529524179,0.5616263529524179
3.9318256327243257,3.51079344517607,-0.4210321875482559,0.4210321875482559
3.044522437723423,3.7868800695139404,0.7423576317905174,0.7423576317905174
3.951243718581427,4.098564843166247,0.1473211245848196,0.1473211245848196
3.044522437723423,3.87905533121913,0.834532893495707,0.834532893495707
4.394449154672439,3.9331255457130103,-0.4613236089594288,0.4613236089594288
3.4339872044851463,3.620679316285727,0.18669211180058065,0.18669211180058065
4.394449154672439,4.0070759284620685,-0.3873732262103706,0.3873732262103706
4.2626798770413155,3.8307286159538263,-0.43195126108748916,0.43195126108748916
3.9318256327243257,4.127619541863911,0.1957939091395855,0.1957939091395855
3.713572066704308,3.6886505937248186,-0.024921472979489323,0.024921472979489323
4.2626798770413155,4.119721665221604,-0.14295821181971125,0.14295821181971125
4.394449154672439,4.072486111392994,-0.32196304327944514,0.32196304327944514
3.828641396489095,3.3829125279717287,-0.4457288685173664,0.4457288685173664
3.9318256327243257,3.5562116614729185,-0.3756139712514073,0.3756139712514073
4.110873864173311,3.8898072531954764,-0.22106661097783498,0.22106661097783498
3.713572066704308,3.546456166252535,-0.16711590045177305,0.16711590045177305
3.9318256327243257,3.5288849713446675,-0.4029406613796582,0.4029406613796582
4.330733340286331,4.244272276480649,-0.08646106380568241,0.08646106380568241
4.2626798770413155,3.879938695219658,-0.3827411818216575,0.3827411818216575
3.044522437723423,2.5635519841314585,-0.48097045359196455,0.48097045359196455
4.1588830833596715,4.28758658915131,0.12870350579163858,0.12870350579163858
3.4339872044851463,3.640237913303862,0.20625070881871554,0.20625070881871554
4.110873864173311,4.316551332567871,0.20567746839455925,0.20567746839455925
3.951243718581427,4.059242240919884,0.10799852233845719,0.10799852233845719
3.044522437723423,3.8573686918290337,0.8128462541056107,0.8128462541056107
4.394449154672439,4.045622506457882,-0.34882664821455744,0.34882664821455744
4.2626798770413155,3.9962437223218994,-0.26643615471941606,0.26643615471941606
3.9318256327243257,3.6006210372392653,-0.3312045954850604,0.3312045954850604
3.258096538021482,3.462318921793842,0.2042223837723598,0.2042223837723598
3.9318256327243257,4.161852159095628,0.23002652637130216,0.23002652637130216
3.951243718581427,4.129310402708144,0.17806668412671733,0.17806668412671733
3.951243718581427,4.022528944816671,0.07128522623524347,0.07128522623524347
4.394449154672439,4.224431248885515,-0.17001790578692422,0.17001790578692422
2.3978952727983707,3.78153188385222,1.3836366110538494,1.3836366110538494
2.3978952727983707,4.010609170342114,1.6127138975437436,1.6127138975437436
3.044522437723423,3.500090536266231,0.4555680985428081,0.4555680985428081
4.454347296253507,4.608736245270756,0.15438894901724876,0.15438894901724876
3.9318256327243257,4.300429206633913,0.3686035739095872,0.3686035739095872
4.382026634673881,4.183818561513332,-0.1982080731605489,0.1982080731605489
4.110873864173311,3.8963145082744415,-0.21455935589886987,0.21455935589886987
3.5263605246161616,4.1432934848262795,0.6169329602101179,0.6169329602101179
4.394449154672439,4.360393748979258,-0.034055405693180774,0.034055405693180774
3.58351893845611,3.412485051221025,-0.17103388723508495,0.17103388723508495
4.442651256490317,4.146674288672589,-0.29597696781772775,0.29597696781772775
3.713572066704308,4.005895163381837,0.29232309667752876,0.29232309667752876
3.9318256327243257,3.856138736422917,-0.07568689630140879,0.07568689630140879
4.330733340286331,3.8846746718967284,-0.4460586683896026,0.4460586683896026
4.330733340286331,4.227525843189843,-0.1032074970964878,0.1032074970964878
3.9318256327243257,4.139288422547699,0.20746278982337296,0.20746278982337296
3.044522437723423,3.7919048641510553,0.7473824264276323,0.7473824264276323
3.9318256327243257,3.8899465935859023,-0.04187903913842339,0.04187903913842339
3.258096538021482,3.2482424798469802,-0.009854058174501912,0.009854058174501912
3.258096538021482,3.672719829475973,0.41462329145449095,0.41462329145449095
4.330733340286331,4.250887864816978,-0.07984547546935339,0.07984547546935339
2.772588722239781,3.6014380752638564,0.8288493530240753,0.8288493530240753
3.9318256327243257,4.012845607576176,0.08101997485184986,0.08101997485184986
3.044522437723423,3.4291443945654763,0.38462195684205325,0.38462195684205325
3.258096538021482,3.572308475601828,0.31421193758034605,0.31421193758034605
4.394449154672439,4.138710599968738,-0.25573855470370077,0.25573855470370077
4.219507705176107,4.075434005586318,-0.14407369958978933,0.14407369958978933
4.330733340286331,4.221931895819721,-0.10880144446660989,0.10880144446660989
3.713572066704308,3.7678451666981916,0.05427309999388363,0.05427309999388363
4.394449154672439,4.019524644484434,-0.37492451018800477,0.37492451018800477
4.330733340286331,4.133216126741745,-0.19751721354458596,0.19751721354458596
3.9318256327243257,4.0875159995060795,0.15569036678175374,0.15569036678175374
3.951243718581427,4.141488368791025,0.19024465020959802,0.19024465020959802
4.330733340286331,4.052767740580291,-0.2779655997060404,0.2779655997060404
3.4339872044851463,4.048191202057626,0.6142039975724796,0.6142039975724796
3.951243718581427,4.074182924325536,0.12293920574410855,0.12293920574410855
4.2626798770413155,4.11445362738254,-0.14822624965877562,0.14822624965877562
3.5263605246161616,3.5356617798321834,0.009301255216021875,0.009301255216021875
4.110873864173311,3.678304457237844,-0.4325694069354675,0.4325694069354675
3.951243718581427,4.0188649037595425,0.06762118517811544,0.06762118517811544
4.394449154672439,4.124772134017784,-0.2696770206546555,0.2696770206546555
3.044522437723423,3.5408993870408567,0.4963769493174337,0.4963769493174337
4.394449154672439,4.23986467664418,-0.15458447802825948,0.15458447802825948
4.2626798770413155,4.228430248375584,-0.03424962866573189,0.03424962866573189
3.951243718581427,4.019024930672256,0.06778121209082855,0.06778121209082855
4.454347296253507,3.9947095440257767,-0.4596377522277306,0.4596377522277306
3.9318256327243257,4.074488945688506,0.1426633129641801,0.1426633129641801
3.713572066704308,3.6004449043151308,-0.1131271623891772,0.1131271623891772
3.58351893845611,3.570535191781529,-0.01298374667458102,0.01298374667458102
3.9318256327243257,4.157631770519228,0.22580613779490255,0.22580613779490255
3.828641396489095,3.5625175639325017,-0.26612383255659333,0.26612383255659333
4.110873864173311,3.7679852719320994,-0.34288859224121193,0.34288859224121193
4.394449154672439,4.361846529347796,-0.03260262532464342,0.03260262532464342
4.51085950651685,4.337968998612464,-0.17289050790438587,0.17289050790438587
4.2626798770413155,4.036496687573716,-0.22618318946759963,0.22618318946759963
3.9318256327243257,3.8300489219274065,-0.10177671079691919,0.10177671079691919
4.2626798770413155,3.927754893840396,-0.33492498320091935,0.33492498320091935
4.23410650459726,4.0838340947946925,-0.15027240980256718,0.15027240980256718
3.4339872044851463,3.773907193936603,0.33991998945145685,0.33991998945145685
3.951243718581427,4.0821370069874225,0.13089328840599546,0.13089328840599546
4.2626798770413155,3.874338265604225,-0.38834161143709034,0.38834161143709034
3.912023005428146,4.055503501442636,0.14348049601448976,0.14348049601448976
4.2626798770413155,4.058342153709626,-0.20433772333168942,0.20433772333168942
3.9318256327243257,3.7205593443468468,-0.21126628837747896,0.21126628837747896
3.258096538021482,3.556057341038926,0.2979608030174439,0.2979608030174439
3.9318256327243257,3.8644428597547194,-0.06738277296960637,0.06738277296960637
3.9318256327243257,3.5376382395223374,-0.39418739320198837,0.39418739320198837
3.258096538021482,3.438840971966351,0.18074443394486872,0.18074443394486872
4.465908118654584,4.239830174409103,-0.226077944245481,0.226077944245481
4.30406509320417,4.3276679655264,0.023602872322229906,0.023602872322229906
3.58351893845611,4.128720999804823,0.5452020613487134,0.5452020613487134
4.110873864173311,3.886412765808493,-0.2244610983648183,0.2244610983648183
3.367295829986474,3.4823756276251046,0.11507979763863041,0.11507979763863041
3.9318256327243257,3.792810266109192,-0.13901536661513392,0.13901536661513392
3.9318256327243257,3.8347153483491105,-0.09711028437521518,0.09711028437521518
4.110873864173311,4.004039030953716,-0.10683483321959564,0.10683483321959564
3.044522437723423,3.1603577897914907,0.11583535206806772,0.11583535206806772
4.330733340286331,4.039292912826931,-0.2914404274594,0.2914404274594
3.9318256327243257,3.8172022426494294,-0.1146233900748963,0.1146233900748963
3.5263605246161616,3.455791102053963,-0.07056942256219845,0.07056942256219845
4.2626798770413155,3.8449805003385107,-0.41769937670280477,0.41769937670280477
3.9318256327243257,4.1853321828321945,0.2535065501078688,0.2535065501078688
3.9318256327243257,3.8189807498139663,-0.11284488291035943,0.11284488291035943
3.9318256327243257,3.990779475057918,0.058953842333592466,0.058953842333592466
4.110873864173311,3.938376892782324,-0.1724969713909874,0.1724969713909874
3.4339872044851463,4.016218166063226,0.5822309615780794,0.5822309615780794
3.9318256327243257,4.319281010308002,0.387455377583676,0.387455377583676
4.418840607796598,4.092876384774704,-0.3259642230218942,0.3259642230218942
4.189654742026425,3.956304775729148,-0.23334996629727733,0.23334996629727733
3.9318256327243257,4.035358338656683,0.10353270593235697,0.10353270593235697
3.951243718581427,4.3153148837541195,0.36407116517269245,0.36407116517269245
3.713572066704308,4.146553191275452,0.43298112457114435,0.43298112457114435
3.713572066704308,4.114878358229687,0.4013062915253789,0.4013062915253789
4.51085950651685,4.243148356013503,-0.26771115050334693,0.26771115050334693
4.394449154672439,4.1109277162506075,-0.28352143842183164,0.28352143842183164
3.9318256327243257,3.837831832292206,-0.09399380043211991,0.09399380043211991
4.2626798770413155,4.060147109273054,-0.20253276776826112,0.20253276776826112
4.51085950651685,4.212523150742589,-0.29833635577426065,0.29833635577426065
4.442651256490317,4.08259722745126,-0.36005402903905637,0.36005402903905637
3.9318256327243257,3.7031057648506236,-0.22871986787370213,0.22871986787370213
3.951243718581427,4.200519870371932,0.24927615179050466,0.24927615179050466
4.2626798770413155,4.206065779904365,-0.05661409713695065,0.05661409713695065
4.330733340286331,3.6385008433242807,-0.6922324969620504,0.6922324969620504
4.219507705176107,3.7728637652097703,-0.44664393996633667,0.44664393996633667
4.2626798770413155,4.081146549778951,-0.1815333272623647,0.1815333272623647
4.110873864173311,3.825825982678182,-0.2850478814951294,0.2850478814951294
3.8918202981106265,3.826120169535342,-0.06570012857528429,0.06570012857528429
3.9318256327243257,3.6901252223289114,-0.24170041039541434,0.24170041039541434
4.02535169073515,4.0516277711769595,0.026276080441809846,0.026276080441809846
3.9318256327243257,4.059420538670158,0.1275949059458319,0.1275949059458319
3.9318256327243257,3.301234249961007,-0.6305913827633187,0.6305913827633187
4.110873864173311,4.050995359059783,-0.05987850511352821,0.05987850511352821
4.454347296253507,4.350049008995456,-0.10429828725805113,0.10429828725805113
3.713572066704308,3.3662051597727816,-0.3473669069315264,0.3473669069315264
3.4339872044851463,3.7216095566219263,0.28762235213678,0.28762235213678
4.454347296253507,3.9486906588218003,-0.5056566374317071,0.5056566374317071
4.51085950651685,4.17181854573818,-0.33904096077866974,0.33904096077866974
3.951243718581427,4.176600952516881,0.22535723393545393,0.22535723393545393
3.9318256327243257,4.115917472676049,0.1840918399517233,0.1840918399517233
3.951243718581427,4.2018503900661415,0.2506066714847144,0.2506066714847144
3.713572066704308,3.5903199657817906,-0.12325210092251737,0.12325210092251737
3.044522437723423,3.460372078944105,0.415849641220682,0.415849641220682
4.2626798770413155,4.002004276532107,-0.26067560050920857,0.26067560050920857
4.110873864173311,3.8467860808664436,-0.2640877833068678,0.2640877833068678
4.394449154672439,4.244558837622777,-0.14989031704966216,0.14989031704966216
4.394449154672439,4.2032256535278805,-0.19122350114455866,0.19122350114455866
3.044522437723423,3.2812695884570093,0.23674715073358632,0.23674715073358632
3.258096538021482,3.9166774521815704,0.6585809141600882,0.6585809141600882
4.110873864173311,3.9009120369193746,-0.20996182725393675,0.20996182725393675
3.9318256327243257,3.974192741436519,0.04236710871219307,0.04236710871219307
4.110873864173311,4.060487921167891,-0.050385943005420764,0.050385943005420764
3.9318256327243257,3.8484722608427226,-0.08335337188160308,0.08335337188160308
4.02535169073515,3.9737890501003283,-0.0515626406348213,0.0515626406348213
4.48863636973214,4.082588975863625,-0.40604739386851474,0.40604739386851474
3.044522437723423,3.0963511482985506,0.05182871057512761,0.05182871057512761
4.330733340286331,4.113659143638233,-0.21707419664809802,0.21707419664809802
3.9318256327243257,3.89938447982642,-0.032441152897905834,0.032441152897905834
4.110873864173311,4.075964206140083,-0.03490965803322865,0.03490965803322865
3.9318256327243257,3.6390360163407944,-0.2927896163835313,0.2927896163835313
3.713572066704308,3.9253072290385704,0.21173516233426248,0.21173516233426248
4.330733340286331,4.527347574349998,0.19661423406366652,0.19661423406366652
4.2626798770413155,3.977033281107648,-0.2856465959336676,0.2856465959336676
3.5263605246161616,3.614294249364921,0.08793372474875927,0.08793372474875927
4.394449154672439,4.128204792295654,-0.26624436237678495,0.26624436237678495
3.9318256327243257,3.7252246372505358,-0.20660099547378996,0.20660099547378996
3.951243718581427,3.776751325188637,-0.1744923933927902,0.1744923933927902
2.3978952727983707,3.656924743087673,1.2590294702893021,1.2590294702893021
3.9318256327243257,3.619061939894595,-0.3127636928297308,0.3127636928297308
4.51085950651685,4.0619911598621865,-0.44886834665466324,0.44886834665466324
4.51085950651685,4.142950761753058,-0.3679087447637919,0.3679087447637919
3.4339872044851463,3.678583238871923,0.24459603438677657,0.24459603438677657
4.219507705176107,3.9293720904457317,-0.2901356147303753,0.2901356147303753
4.382026634673881,3.976679457893588,-0.4053471767802934,0.4053471767802934
4.418840607796598,4.208387863221677,-0.2104527445749209,0.2104527445749209
4.330733340286331,4.015955957473529,-0.3147773828128022,0.3147773828128022
3.713572066704308,3.8155363918089993,0.10196432510469133,0.10196432510469133
3.4339872044851463,3.850382586206451,0.41639538172130486,0.41639538172130486
3.9318256327243257,3.9503792303599647,0.01855359763563902,0.01855359763563902
4.394449154672439,3.9098273154349945,-0.4846218392374446,0.4846218392374446
4.110873864173311,3.817629515567472,-0.29324434860583937,0.29324434860583937
3.9318256327243257,4.101870587572702,0.17004495484837667,0.17004495484837667
3.4339872044851463,4.0427711529693156,0.6087839484841693,0.6087839484841693
3.713572066704308,3.9586481323109446,0.24507606560663664,0.24507606560663664
3.713572066704308,3.874123244398814,0.1605511776945061,0.1605511776945061
4.290459441148391,4.106533169252736,-0.1839262718956549,0.1839262718956549
3.7612001156935624,4.202356754538567,0.44115663884500433,0.44115663884500433
3.951243718581427,4.023617921981915,0.0723742034004875,0.0723742034004875
4.110873864173311,3.9594492015160245,-0.15142466265728682,0.15142466265728682
4.219507705176107,4.059556468860771,-0.1599512363153357,0.1599512363153357
4.330733340286331,3.885381560471545,-0.44535177981478613,0.44535177981478613
4.394449154672439,4.242194698695088,-0.1522544559773511,0.1522544559773511
3.258096538021482,3.6190165048775174,0.3609199668560352,0.3609199668560352
3.9318256327243257,4.1480258280801605,0.2162001953558348,0.2162001953558348
3.9318256327243257,3.69763149612848,-0.23419413659584576,0.23419413659584576
4.330733340286331,4.168223167953889,-0.1625101723324418,0.1625101723324418
3.951243718581427,4.002568236398192,0.051324517816764725,0.051324517816764725
2.772588722239781,3.8741717225693493,1.1015830003295681,1.1015830003295681
4.2626798770413155,4.165679722345354,-0.09700015469596135,0.09700015469596135
4.110873864173311,3.88616753223729,-0.2247063319360212,0.2247063319360212
3.951243718581427,4.037783068875917,0.08653935029448956,0.08653935029448956
4.394449154672439,4.369704605411163,-0.02474454926127656,0.02474454926127656
3.258096538021482,3.971485268943967,0.7133887309224849,0.7133887309224849
4.394449154672439,4.154551713121405,-0.23989744155103399,0.23989744155103399
3.9318256327243257,4.144710093822693,0.2128844610983669,0.2128844610983669
4.394449154672439,3.9284653932581604,-0.4659837614142788,0.4659837614142788
3.5263605246161616,3.7220520906146,0.1956915659984384,0.1956915659984384
4.02535169073515,3.64629442714158,-0.3790572635935696,0.3790572635935696
2.772588722239781,3.504720889621506,0.7321321673817249,0.7321321673817249
3.713572066704308,3.9324187079830093,0.21884664127870135,0.21884664127870135
4.394449154672439,4.248921979779511,-0.1455271748929281,0.1455271748929281
4.110873864173311,4.416052685093815,0.30517882092050375,0.30517882092050375
4.394449154672439,3.903152284223774,-0.4912968704486653,0.4912968704486653
4.330733340286331,4.163685333717246,-0.16704800656908514,0.16704800656908514
3.258096538021482,3.2024479532426344,-0.05564858477884771,0.05564858477884771
3.9318256327243257,3.697353865031288,-0.23447176769303768,0.23447176769303768
3.9318256327243257,3.5794375238662,-0.35238810885812555,0.35238810885812555
3.9318256327243257,3.5615366266388326,-0.3702890060854931,0.3702890060854931
3.9318256327243257,3.978944461257951,0.04711882853362548,0.04711882853362548
3.4011973816621555,3.9894150697143873,0.5882176880522318,0.5882176880522318
4.110873864173311,3.974192741436519,-0.13668112273679256,0.13668112273679256
4.532599493153256,4.159766475947133,-0.3728330172061236,0.3728330172061236
4.2626798770413155,3.874359630674694,-0.38832024636662155,0.38832024636662155
4.51085950651685,3.964569830925207,-0.5462896755916429,0.5462896755916429
3.713572066704308,3.9669387896239567,0.2533667229196488,0.2533667229196488
4.465908118654584,4.1578709935717235,-0.3080371250828602,0.3080371250828602
3.5263605246161616,3.930967273731133,0.40460674911497163,0.40460674911497163
4.189654742026425,3.938235896516213,-0.2514188455102122,0.2514188455102122
4.330733340286331,4.142931484446358,-0.18780185583997344,0.18780185583997344
4.454347296253507,4.041898258084431,-0.4124490381690764,0.4124490381690764
4.454347296253507,4.002864241388996,-0.4514830548645117,0.4514830548645117
3.044522437723423,3.538633609199975,0.4941111714765518,0.4941111714765518
4.30406509320417,4.249589605859679,-0.054475487344491036,0.054475487344491036
3.9318256327243257,3.5397437048187297,-0.39208192790559604,0.39208192790559604
3.044522437723423,3.427438644920527,0.3829162071971042,0.3829162071971042
3.951243718581427,4.095094541509484,0.14385082292805684,0.14385082292805684
3.4339872044851463,3.9471115026194745,0.5131242981343282,0.5131242981343282
3.258096538021482,3.617531842486909,0.35943530446542704,0.35943530446542704
3.5263605246161616,3.976582250828502,0.45022172621234047,0.45022172621234047
3.9318256327243257,4.025286827413972,0.09346119468964664,0.09346119468964664
3.044522437723423,3.2774601658545146,0.2329377281310916,0.2329377281310916
3.044522437723423,4.069697077621898,1.025174639898475,1.025174639898475
4.110873864173311,3.996709572289604,-0.11416429188370714,0.11416429188370714
4.2626798770413155,4.131408066520715,-0.13127181052060077,0.13127181052060077
4.430816798843313,4.069160828746933,-0.36165597009637995,0.36165597009637995
3.9318256327243257,4.160446903381347,0.2286212706570212,0.2286212706570212
3.951243718581427,4.022528944816671,0.07128522623524347,0.07128522623524347
4.454347296253507,4.0647249259237,-0.38962237032980696,0.38962237032980696
3.4339872044851463,3.5368379120425573,0.10285070755741099,0.10285070755741099
4.394449154672439,4.039345525081877,-0.3551036295905625,0.3551036295905625
3.4339872044851463,3.797224580699872,0.36323737621472585,0.36323737621472585
3.9318256327243257,3.650878335423756,-0.2809472973005698,0.2809472973005698
3.5263605246161616,3.750197249829643,0.22383672521348164,0.22383672521348164
4.394449154672439,3.999430156478282,-0.395018998194157,0.395018998194157
3.4339872044851463,3.52551940482705,0.0915322003419039,0.0915322003419039
4.48863636973214,4.3903166266987235,-0.09831974303341617,0.09831974303341617
3.951243718581427,4.145355137839026,0.19411141925759878,0.19411141925759878
3.9318256327243257,3.8084042390815873,-0.12342139364273841,0.12342139364273841
3.4339872044851463,3.644227039489386,0.2102398350042396,0.2102398350042396
4.110873864173311,4.036907909719415,-0.07396595445389664,0.07396595445389664
3.9318256327243257,3.717525459836004,-0.2143001728883216,0.2143001728883216
3.713572066704308,3.8787267675408534,0.1651547008365455,0.1651547008365455
3.9318256327243257,3.979661357511441,0.047835724787115286,0.047835724787115286
3.9318256327243257,3.657800836041341,-0.27402479668298474,0.27402479668298474
2.772588722239781,3.8139900736113055,1.0414013513715243,1.0414013513715243
3.951243718581427,4.014748422184678,0.06350470360325122,0.06350470360325122
4.330733340286331,4.015383192033027,-0.3153501482533043,0.3153501482533043
4.110873864173311,3.6942787079832646,-0.4165951561900467,0.4165951561900467
3.9318256327243257,3.6832794790458356,-0.2485461536784901,0.2485461536784901
2.3978952727983707,3.856005703081597,1.4581104302832264,1.4581104302832264
3.713572066704308,3.5697695315042575,-0.14380253520005049,0.14380253520005049
4.110873864173311,4.024422429412235,-0.0864514347610763,0.0864514347610763
4.110873864173311,4.25346724679776,0.14259338262444832,0.14259338262444832
3.713572066704308,3.7733125581407787,0.059740491436470755,0.059740491436470755
3.951243718581427,4.1192346646140745,0.16799094603264741,0.16799094603264741
3.713572066704308,3.743646677157475,0.03007461045316706,0.03007461045316706
4.394449154672439,4.265106696252692,-0.1293424584197469,0.1293424584197469
3.58351893845611,3.7474189861736242,0.16390004771751432,0.16390004771751432
4.110873864173311,3.939235665415602,-0.17163819875770914,0.17163819875770914
4.51085950651685,4.081354134269554,-0.4295053722472959,0.4295053722472959
3.258096538021482,3.2929216849363145,0.034825146914832406,0.034825146914832406
4.394449154672439,3.9701141460067637,-0.4243350086656754,0.4243350086656754
4.290459441148391,4.201275294501482,-0.08918414664690921,0.08918414664690921
3.9318256327243257,3.6341180547063074,-0.2977075780180183,0.2977075780180183
3.9318256327243257,3.9013766559758993,-0.030448976748426393,0.030448976748426393
4.2626798770413155,3.68106233565603,-0.5816175413852855,0.5816175413852855
4.330733340286331,3.9034104699882404,-0.4273228702980907,0.4273228702980907
3.9318256327243257,3.886879528967993,-0.04494610375633279,0.04494610375633279
3.713572066704308,3.8975888070185856,0.18401674031427762,0.18401674031427762
3.4339872044851463,3.529421070782793,0.09543386629764683,0.09543386629764683
4.330733340286331,3.9497737565993973,-0.3809595836869337,0.3809595836869337
3.258096538021482,3.964615476418594,0.706518938397112,0.706518938397112
4.110873864173311,3.900342494984632,-0.2105313691886792,0.2105313691886792
3.9318256327243257,4.1048104544138715,0.17298482168954576,0.17298482168954576
4.2626798770413155,3.847952135590796,-0.41472774145051927,0.41472774145051927
3.58351893845611,4.0323054831826575,0.44878654472654755,0.44878654472654755
3.044522437723423,3.6639957420224016,0.6194733042989786,0.6194733042989786
3.4339872044851463,3.6563686121760783,0.22238140769093206,0.22238140769093206
3.951243718581427,4.0188649037595425,0.06762118517811544,0.06762118517811544
4.394449154672439,3.943048140366595,-0.45140101430584423,0.45140101430584423
3.713572066704308,3.9420366294464038,0.2284645627420958,0.2284645627420958
3.951243718581427,4.074024405252023,0.1227806866705956,0.1227806866705956
4.2626798770413155,4.05187396343906,-0.21080591360225576,0.21080591360225576
3.044522437723423,3.8756306022694664,0.8311081645460434,0.8311081645460434
4.454347296253507,4.03111970646773,-0.42322758978577735,0.42322758978577735
3.9318256327243257,3.7222385844151544,-0.2095870483091713,0.2095870483091713
3.9318256327243257,3.9528421909396187,0.021016558215293024,0.021016558215293024
4.61512051684126,4.174128987247244,-0.4409915295940161,0.4409915295940161
3.9318256327243257,3.8025618095213956,-0.12926382320293017,0.12926382320293017
3.951243718581427,4.036814378870313,0.08557066028888549,0.08557066028888549
4.110873864173311,4.007436478098675,-0.1034373860746367,0.1034373860746367
4.394449154672439,4.05856542825358,-0.3358837264188592,0.3358837264188592
2.772588722239781,3.285297144856215,0.5127084226164338,0.5127084226164338
4.418840607796598,3.9989712943896984,-0.4198693134068998,0.4198693134068998
4.394449154672439,4.100314616086724,-0.29413453858571526,0.29413453858571526
3.9318256327243257,3.4809886557405365,-0.4508369769837892,0.4508369769837892
3.9318256327243257,3.911718784017026,-0.02010684870729973,0.02010684870729973
3.4339872044851463,3.856696760306708,0.4227095558215619,0.4227095558215619
3.9318256327243257,4.022215335979101,0.09038970325477491,0.09038970325477491
3.044522437723423,3.6025557282294844,0.5580332905060614,0.5580332905060614
3.9318256327243257,3.4980472341438578,-0.43377839858046796,0.43377839858046796
3.951243718581427,3.5439876976639257,-0.40725602091750135,0.40725602091750135
4.2626798770413155,4.011666858144052,-0.2510130188972637,0.2510130188972637
4.394449154672439,3.9086907569502607,-0.48575839772217844,0.48575839772217844
4.394449154672439,4.240456632111727,-0.15399252256071172,0.15399252256071172
4.394449154672439,4.126109821164764,-0.2683393335076749,0.2683393335076749
4.2626798770413155,4.037266527330209,-0.22541334971110683,0.22541334971110683
3.951243718581427,4.094420114800453,0.143176396219026,0.143176396219026
3.9318256327243257,3.5869962924949084,-0.34482934022941736,0.34482934022941736
4.110873864173311,3.9901078119905518,-0.1207660521827596,0.1207660521827596
3.4339872044851463,3.668268753687513,0.23428154920236688,0.23428154920236688
4.2626798770413155,4.189548910741111,-0.07313096630020421,0.07313096630020421
4.2626798770413155,4.0924053843889885,-0.17027449265232697,0.17027449265232697
3.4339872044851463,3.825818225506519,0.3918310210213729,0.3918310210213729
2.3978952727983707,3.813153685799173,1.4152584130008021,1.4152584130008021
3.258096538021482,3.4782626329855306,0.2201660949640485,0.2201660949640485
3.044522437723423,3.087763663932929,0.04324122620950588,0.04324122620950588
3.9318256327243257,3.391450776633523,-0.5403748560908026,0.5403748560908026
3.9318256327243257,3.8696233177383292,-0.06220231498599649,0.06220231498599649
4.394449154672439,3.9292421310811547,-0.4652070235912844,0.4652070235912844
4.394449154672439,4.293632647834453,-0.10081650683798582,0.10081650683798582
4.2626798770413155,4.087979861771705,-0.1747000152696101,0.1747000152696101
4.330733340286331,4.242936512344878,-0.08779682794145316,0.08779682794145316
3.4339872044851463,3.9955960924235603,0.561608887938414,0.561608887938414
3.713572066704308,3.8255044947034693,0.11193242799916137,0.11193242799916137
4.110873864173311,4.065516746629514,-0.04535711754379701,0.04535711754379701
3.258096538021482,4.005916161087966,0.747819623066484,0.747819623066484
3.713572066704308,3.8951523073837047,0.1815802406793967,0.1815802406793967
4.532599493153256,4.124816597632346,-0.40778289552090996,0.40778289552090996
3.713572066704308,3.5771112359444315,-0.13646083075987647,0.13646083075987647
3.951243718581427,4.003863235900093,0.0526195173186661,0.0526195173186661
3.713572066704308,3.871778518542154,0.1582064518378461,0.1582064518378461
4.394449154672439,4.178762790287626,-0.2156863643848128,0.2156863643848128
4.2626798770413155,4.0649538252592885,-0.19772605178202696,0.19772605178202696
4.110873864173311,3.8405935410878995,-0.27028032308541183,0.27028032308541183
3.4339872044851463,3.951203569581307,0.5172163650961608,0.5172163650961608
3.9318256327243257,3.958306881799896,0.026481249075570368,0.026481249075570368
4.454347296253507,4.449485840634859,-0.004861455618648591,0.004861455618648591
4.110873864173311,4.016083788801954,-0.09479007537135775,0.09479007537135775
4.51085950651685,4.010574122742975,-0.5002853837738748,0.5002853837738748
3.58351893845611,3.5761567806906536,-0.007362157765456345,0.007362157765456345
3.9318256327243257,3.3516274914251802,-0.5801981412991455,0.5801981412991455
4.330733340286331,3.789848996766483,-0.5408843435198483,0.5408843435198483
4.51085950651685,4.394623404371282,-0.11623610214556734,0.11623610214556734
4.290459441148391,4.091626203250334,-0.1988332378980573,0.1988332378980573
4.553876891600541,4.2319599889722594,-0.3219169026282813,0.3219169026282813
3.9318256327243257,3.701859316767372,-0.2299663159569536,0.2299663159569536
3.951243718581427,4.313390263193634,0.36214654461220697,0.36214654461220697
3.951243718581427,4.149825683129998,0.1985819645485707,0.1985819645485707
4.110873864173311,3.797264571383561,-0.31360929278975025,0.31360929278975025
4.394449154672439,4.042103551294216,-0.3523456033782235,0.3523456033782235
3.9318256327243257,3.760570665189519,-0.17125496753480673,0.17125496753480673
4.330733340286331,4.0584154199043425,-0.27231792038198854,0.27231792038198854
4.330733340286331,3.9346312289958925,-0.3961021112904386,0.3961021112904386
4.454347296253507,4.578339388818439,0.12399209256493204,0.12399209256493204
3.4339872044851463,3.9323191013194485,0.49833189683430223,0.49833189683430223
4.465908118654584,4.010910194684176,-0.4549979239704074,0.4549979239704074
3.9318256327243257,3.7221081969602294,-0.2097174357640963,0.2097174357640963
4.48863636973214,4.004851523166488,-0.48378484656565135,0.48378484656565135
4.394449154672439,4.259065865045618,-0.13538328962682122,0.13538328962682122
4.330733340286331,4.09033697363297,-0.24039636665336062,0.24039636665336062
4.564348191467836,4.0973364130507335,-0.4670117784171026,0.4670117784171026
3.258096538021482,3.9261922758133574,0.6680957377918753,0.6680957377918753
4.290459441148391,4.171438085165068,-0.11902135598332286,0.11902135598332286
3.9318256327243257,3.4312385392905607,-0.5005870934337651,0.5005870934337651
4.48863636973214,4.043537119598618,-0.4450992501335218,0.4450992501335218
2.772588722239781,3.2975474207720525,0.5249586985322714,0.5249586985322714
4.219507705176107,3.8706038771075266,-0.34890382806858034,0.34890382806858034
4.110873864173311,3.6488772327355488,-0.4619966314377626,0.4619966314377626
3.5553480614894135,3.8312892172338935,0.27594115574447997,0.27594115574447997
4.564348191467836,4.159174928580094,-0.40517326288774225,0.40517326288774225
4.110873864173311,4.139008118533684,0.028134254360372424,0.028134254360372424
3.713572066704308,3.65284183580604,-0.06073023089826801,0.06073023089826801
4.394449154672439,4.142170748064568,-0.2522784066078714,0.2522784066078714
4.110873864173311,4.0393992657236995,-0.0714745984496119,0.0714745984496119
3.9318256327243257,3.7316870117171574,-0.20013862100716828,0.20013862100716828
3.951243718581427,4.1293775696954915,0.17813385111406443,0.17813385111406443
4.330733340286331,4.101800196486224,-0.22893314380010743,0.22893314380010743
3.9318256327243257,4.098525561197461,0.16669992847313564,0.16669992847313564
3.9318256327243257,3.765563909511716,-0.1662617232126098,0.1662617232126098
4.394449154672439,4.270310497769181,-0.12413865690325832,0.12413865690325832
3.9318256327243257,3.7250004659319043,-0.20682516679242147,0.20682516679242147
4.2626798770413155,4.0184481660517894,-0.244231710989526,0.244231710989526
4.189654742026425,3.974319992814243,-0.215334749212182,0.215334749212182
3.9318256327243257,4.278166002369056,0.34634036964473003,0.34634036964473003
3.8918202981106265,4.1747780915582675,0.28295779344764105,0.28295779344764105
3.9318256327243257,4.03507096938905,0.10324533666472435,0.10324533666472435
4.330733340286331,4.136236403263703,-0.19449693702262838,0.19449693702262838
4.454347296253507,4.229093967711837,-0.22525332854167068,0.22525332854167068
4.356708826689592,4.112698571610822,-0.24401025507876994,0.24401025507876994
3.9318256327243257,3.802000591674254,-0.12982504105007164,0.12982504105007164
4.290459441148391,3.5909127549826874,-0.6995466861657036,0.6995466861657036
3.9318256327243257,4.083168581241035,0.1513429485167097,0.1513429485167097
4.290459441148391,4.016245724341295,-0.27421371680709594,0.27421371680709594
4.110873864173311,3.8979933538470855,-0.2128805103262259,0.2128805103262259
4.465908118654584,4.231510297593266,-0.234397821061318,0.234397821061318
4.51085950651685,4.429181374593819,-0.08167813192303086,0.08167813192303086
3.258096538021482,3.5167299895137236,0.2586334514922415,0.2586334514922415
3.258096538021482,4.010228482073896,0.7521319440524139,0.7521319440524139
3.9318256327243257,3.715736248001141,-0.21608938472318462,0.21608938472318462
4.394449154672439,4.24418933465483,-0.1502598200176095,0.1502598200176095
3.951243718581427,4.097823198415078,0.14657947983365105,0.14657947983365105
4.110873864173311,4.183483348364425,0.0726094841911138,0.0726094841911138
4.2626798770413155,4.043544029758583,-0.2191358472827325,0.2191358472827325
3.258096538021482,3.6399087271879105,0.38181218916642834,0.38181218916642834
4.143134726391533,4.1176829751699655,-0.025451751221567065,0.025451751221567065
3.044522437723423,3.9196830926460837,0.8751606549226607,0.8751606549226607
3.9318256327243257,3.837831832292206,-0.09399380043211991,0.09399380043211991
4.394449154672439,3.7250004659319043,-0.6694486887405349,0.6694486887405349
4.2626798770413155,4.286303898723588,0.023624021682272733,0.023624021682272733
3.713572066704308,3.594628755966606,-0.11894331073770203,0.11894331073770203
3.1354942159291497,3.7927447947252215,0.6572505787960718,0.6572505787960718
4.394449154672439,4.0091021331570165,-0.38534702151542266,0.38534702151542266
2.3978952727983707,3.7701295645218926,1.372234291723522,1.372234291723522
3.044522437723423,3.072723689289856,0.02820125156643316,0.02820125156643316
3.9318256327243257,3.9859025304358795,0.05407689771155377,0.05407689771155377
3.9318256327243257,4.027725671855503,0.09590003913117728,0.09590003913117728
3.044522437723423,3.8992008429089786,0.8546784051855556,0.8546784051855556
4.330733340286331,3.903361261579022,-0.4273720787073092,0.4273720787073092
3.044522437723423,3.983915799455576,0.939393361732153,0.939393361732153
3.9318256327243257,3.82734288816437,-0.10448274455995588,0.10448274455995588
3.951243718581427,4.165327890983479,0.21408417240205235,0.21408417240205235
3.713572066704308,3.7398024307724764,0.026230364068168477,0.026230364068168477
4.330733340286331,3.9058056516786266,-0.42492768860770447,0.42492768860770447
3.044522437723423,4.048255115283742,1.0037326775603188,1.0037326775603188
3.9318256327243257,3.718407924888366,-0.2134177078359598,0.2134177078359598
3.9318256327243257,3.5920537844008793,-0.3397718483234464,0.3397718483234464
3.9318256327243257,4.159545402552085,0.22771976982775888,0.22771976982775888
3.4339872044851463,3.0579231304584233,-0.3760640740267229,0.3760640740267229
3.9318256327243257,4.158489446420458,0.22666381369613253,0.22666381369613253
3.951243718581427,3.902250784334898,-0.048992934246529174,0.048992934246529174
3.951243718581427,4.184607657634488,0.23336393905306085,0.23336393905306085
4.2626798770413155,3.86203701566732,-0.40064286137399563,0.40064286137399563
3.9318256327243257,3.5380424182872043,-0.3937832144371214,0.3937832144371214
3.4339872044851463,3.6518006017235614,0.21781339723841509,0.21781339723841509
4.564348191467836,4.16103402082943,-0.40331417063840647,0.40331417063840647
4.394449154672439,4.521764101358467,0.1273149466860275,0.1273149466860275
4.394449154672439,4.080787178815817,-0.3136619758566219,0.3136619758566219
2.772588722239781,3.548206750056023,0.7756180278162419,0.7756180278162419
3.713572066704308,3.2633755659421353,-0.45019650076217266,0.45019650076217266
4.330733340286331,4.196040529213751,-0.13469281107258002,0.13469281107258002
4.07753744390572,4.087828604745385,0.010291160839665636,0.010291160839665636
3.951243718581427,4.164389080894583,0.21314536231315628,0.21314536231315628
4.219507705176107,3.8210901741948997,-0.39841753098120725,0.39841753098120725
4.394449154672439,3.9335555679616854,-0.46089358671075376,0.46089358671075376
3.4339872044851463,3.562016226674831,0.12802902218968493,0.12802902218968493
3.258096538021482,3.061392967922257,-0.196703570099225,0.196703570099225
4.330733340286331,4.407893826154298,0.07716048586796731,0.07716048586796731
3.258096538021482,2.870668297462421,-0.387428240559061,0.387428240559061
3.9318256327243257,4.181196160200291,0.24937052747596544,0.24937052747596544
4.2626798770413155,4.043544029758583,-0.2191358472827325,0.2191358472827325
3.9318256327243257,3.529135911217258,-0.40268972150706794,0.40268972150706794
4.330733340286331,4.415471008743295,0.08473766845696407,0.08473766845696407
3.9318256327243257,3.967439302781177,0.035613670056851454,0.035613670056851454
4.51085950651685,3.7873408299459452,-0.7235186765709045,0.7235186765709045
3.951243718581427,4.075748333913895,0.1245046153324676,0.1245046153324676
4.330733340286331,3.6399087271879105,-0.6908246130984206,0.6908246130984206
3.713572066704308,3.8174211482973415,0.10384908159303352,0.10384908159303352
3.9318256327243257,3.6935621981889484,-0.23826343453537735,0.23826343453537735
4.394449154672439,4.065480249421319,-0.32896890525112,0.32896890525112
4.394449154672439,4.3333588843637365,-0.06109027030870262,0.06109027030870262
3.258096538021482,3.595302395839869,0.33720585781838697,0.33720585781838697
3.044522437723423,3.9156244174770682,0.8711019797536452,0.8711019797536452
3.044522437723423,3.4068593862811243,0.36233694855770127,0.36233694855770127
3.258096538021482,3.438754152290832,0.18065761426934968,0.18065761426934968
3.9318256327243257,3.668268753687513,-0.2635568790368126,0.2635568790368126
3.9318256327243257,3.955242880662275,0.02341724793794908,0.02341724793794908
3.4339872044851463,3.663016368771897,0.22902916428675058,0.22902916428675058
4.110873864173311,3.8281410670781426,-0.28273279709516874,0.28273279709516874
4.330733340286331,4.036209352142968,-0.29452398814336345,0.29452398814336345
3.4339872044851463,4.174999687312952,0.7410124828278057,0.7410124828278057
3.4339872044851463,3.3263021355099096,-0.10768506897523666,0.10768506897523666
4.394449154672439,4.313594281982201,-0.08085487269023783,0.08085487269023783
3.9318256327243257,4.039004688303541,0.10717905557921492,0.10717905557921492
3.9318256327243257,4.124658688823654,0.19283305609932855,0.19283305609932855
3.044522437723423,3.8378425792153505,0.7933201414919275,0.7933201414919275
3.713572066704308,3.7633825595246067,0.0498104928202987,0.0498104928202987
4.394449154672439,4.078739530728226,-0.31570962394421276,0.31570962394421276
4.430816798843313,4.475721226731865,0.04490442788855198,0.04490442788855198
4.330733340286331,4.226483757982337,-0.10424958230399373,0.10424958230399373
3.9318256327243257,3.780889277835556,-0.15093635488876966,0.15093635488876966
4.394449154672439,4.057834975754303,-0.3366141789181363,0.3366141789181363
4.51085950651685,4.1962827991790315,-0.3145767073378183,0.3145767073378183
3.9318256327243257,3.236449141843673,-0.6953764908806526,0.6953764908806526
4.465908118654584,4.100824282821927,-0.3650838358326567,0.3650838358326567
3.951243718581427,4.014748422184678,0.06350470360325122,0.06350470360325122
3.044522437723423,4.157714392416745,1.1131919546933218,1.1131919546933218
4.553876891600541,4.048733206039732,-0.5051436855608085,0.5051436855608085
4.110873864173311,4.0416210066327265,-0.06925285754058486,0.06925285754058486
4.330733340286331,4.044788923629214,-0.28594441665711745,0.28594441665711745
4.394449154672439,4.0576905025475725,-0.33675865212486666,0.33675865212486666
4.454347296253507,4.155039222700051,-0.29930807355345657,0.29930807355345657
3.4339872044851463,3.4502762321833647,0.016289027698218383,0.016289027698218383
3.713572066704308,4.0061047536703525,0.2925326869660445,0.2925326869660445
3.951243718581427,4.121534696221011,0.170290977639584,0.170290977639584
3.4339872044851463,4.1301305807721835,0.6961433762870373,0.6961433762870373
4.02535169073515,3.984293060234429,-0.04105863050072056,0.04105863050072056
4.394449154672439,4.0627359909270915,-0.33171316374534765,0.33171316374534765
3.044522437723423,3.0920070951508247,0.04748465742740171,0.04748465742740171
3.5263605246161616,3.7006923661709044,0.1743318415547428,0.1743318415547428
3.9318256327243257,3.895569954730698,-0.03625567799362761,0.03625567799362761
3.5263605246161616,4.004498573971359,0.47813804935519766,0.47813804935519766
3.4339872044851463,3.2977481436773397,-0.13623906080780657,0.13623906080780657
4.532599493153256,4.11021456610358,-0.42238492704967623,0.42238492704967623
3.044522437723423,3.7173558129551423,0.6728333752317193,0.6728333752317193
3.9318256327243257,3.757531178194643,-0.1742944545296825,0.1742944545296825
3.9318256327243257,3.7268032337418933,-0.20502239898243246,0.20502239898243246
2.772588722239781,3.597953613786954,0.825364891547173,0.825364891547173
4.394449154672439,3.6157151741977867,-0.7787339804746525,0.7787339804746525
4.51085950651685,4.185529690531503,-0.3253298159853468,0.3253298159853468
3.951243718581427,4.190354798972486,0.23911108039105855,0.23911108039105855
3.58351893845611,3.7999549639225445,0.2164360254664346,0.2164360254664346
4.2626798770413155,4.055713420330661,-0.2069664567106546,0.2069664567106546
3.951243718581427,4.165625079224218,0.21438136064279067,0.21438136064279067
3.4339872044851463,3.85277723101733,0.41879002653218356,0.41879002653218356
4.219507705176107,3.6360902705910934,-0.5834174345850136,0.5834174345850136
3.9318256327243257,3.9125722273307812,-0.019253405393544476,0.019253405393544476
3.258096538021482,3.2868838642249205,0.02878732620343838,0.02878732620343838
4.330733340286331,4.0070223040277595,-0.32371103625857156,0.32371103625857156
4.2626798770413155,4.101492094884963,-0.1611877821563521,0.1611877821563521
3.9318256327243257,3.5786674207473603,-0.3531582119769654,0.3531582119769654
3.9318256327243257,3.668612039219149,-0.2632135935051769,0.2632135935051769
3.5263605246161616,4.063403023222238,0.537042498606076,0.537042498606076
4.2626798770413155,3.9165176921952067,-0.3461621848461087,0.3461621848461087
3.4339872044851463,2.874266889746608,-0.5597203147385383,0.5597203147385383
4.394449154672439,4.356110571840052,-0.038338582832387225,0.038338582832387225
4.219507705176107,4.269384502750549,0.0498767975744423,0.0498767975744423
3.044522437723423,3.7782347927414444,0.7337123550180213,0.7337123550180213
4.330733340286331,3.876879487262828,-0.453853853023503,0.453853853023503
3.713572066704308,4.190817891846359,0.4772458251420506,0.4772458251420506
4.394449154672439,4.194442240297667,-0.20000691437477247,0.20000691437477247
3.9318256327243257,3.855564796219006,-0.07626083650531967,0.07626083650531967
4.51085950651685,4.20409076419626,-0.3067687423205898,0.3067687423205898
3.713572066704308,4.125166189809962,0.4115941231056537,0.4115941231056537
3.258096538021482,3.5442318508539996,0.2861353128325175,0.2861353128325175
4.330733340286331,4.0734645085089,-0.25726883177743076,0.25726883177743076
3.9318256327243257,3.79144694687254,-0.1403786858517857,0.1403786858517857
4.290459441148391,4.138364912263116,-0.15209452888527508,0.15209452888527508
3.9318256327243257,3.844280026862827,-0.08754560586149873,0.08754560586149873
4.219507705176107,4.02116406814596,-0.19834363703014724,0.19834363703014724
3.9318256327243257,3.716180263825082,-0.2156453688992439,0.2156453688992439
4.189654742026425,4.245545979727026,0.05589123770060045,0.05589123770060045
4.110873864173311,3.570116182009497,-0.5407576821638145,0.5407576821638145
3.9318256327243257,3.7014799784790555,-0.2303456542452702,0.2303456542452702
4.290459441148391,4.194312041573529,-0.09614739957486229,0.09614739957486229
4.394449154672439,4.2364348516932075,-0.15801430297923158,0.15801430297923158
3.4339872044851463,3.529405035031874,0.0954178305467277,0.0954178305467277
4.219507705176107,4.262244010548098,0.04273630537199136,0.04273630537199136
3.951243718581427,4.1490640517067945,0.1978203331253674,0.1978203331253674
4.110873864173311,3.952303314791111,-0.15857054938220028,0.15857054938220028
3.9318256327243257,3.8237656323849567,-0.10806000033936902,0.10806000033936902
4.290459441148391,4.125201354153591,-0.16525808699480038,0.16525808699480038
4.2626798770413155,4.060761173972288,-0.20191870306902704,0.20191870306902704
3.9318256327243257,4.150192152514055,0.21836651978972954,0.21836651978972954
3.258096538021482,3.992331828714413,0.734235290692931,0.734235290692931
3.9318256327243257,3.858318798978456,-0.07350683374586975,0.07350683374586975
4.343805421853684,3.9752131712298606,-0.3685922506238235,0.3685922506238235
4.5217885770490405,4.10275888963583,-0.4190296874132109,0.4190296874132109
3.713572066704308,3.90237304505331,0.1888009783490019,0.1888009783490019
3.828641396489095,3.497672774301046,-0.330968622188049,0.330968622188049
4.110873864173311,3.9667321307633165,-0.1441417334099948,0.1441417334099948
3.951243718581427,4.317281678636033,0.366037960054606,0.366037960054606
4.110873864173311,3.65859399950347,-0.4522798646698414,0.4522798646698414
3.9318256327243257,3.798275056940504,-0.13355057578382157,0.13355057578382157
3.713572066704308,3.938252472595921,0.22468040589161298,0.22468040589161298
4.2626798770413155,3.9801241993901786,-0.28255567765113687,0.28255567765113687
4.330733340286331,3.721147837251701,-0.60958550303463,0.60958550303463
4.330733340286331,4.3615091323423085,0.03077579205597747,0.03077579205597747
4.110873864173311,3.7865855689838295,-0.3242882951894819,0.3242882951894819
4.330733340286331,4.3154843057647065,-0.015249034521624516,0.015249034521624516
4.465908118654584,4.477466075557308,0.011557956902723987,0.011557956902723987
3.713572066704308,3.701404875035143,-0.0121671916691648,0.0121671916691648
4.219507705176107,3.880774645007682,-0.33873306016842486,0.33873306016842486
4.330733340286331,3.965211346978105,-0.3655219933082261,0.3655219933082261
3.9318256327243257,3.7839638602921486,-0.14786177243217713,0.14786177243217713
4.394449154672439,4.495379728864187,0.10093057419174745,0.10093057419174745
3.4339872044851463,3.7735125037415855,0.33952529925643926,0.33952529925643926
4.51085950651685,4.01426150115925,-0.49659800535759935,0.49659800535759935
4.51085950651685,4.01237989904949,-0.49847960746735964,0.49847960746735964
4.2626798770413155,4.136759831293869,-0.12592004574744653,0.12592004574744653
4.2626798770413155,3.758721729224601,-0.5039581478167143,0.5039581478167143
4.454347296253507,4.4786949938022,0.02434769754869226,0.02434769754869226
4.330733340286331,4.025584550522275,-0.3051487897640559,0.3051487897640559
3.713572066704308,3.8608267564985637,0.1472546897942557,0.1472546897942557
4.394449154672439,4.1639237442198365,-0.23052541045260266,0.23052541045260266
4.394449154672439,4.184326409326095,-0.2101227453463439,0.2101227453463439
4.51085950651685,4.090160567123497,-0.4206989393933531,0.4206989393933531
4.330733340286331,4.0508412754517975,-0.27989206483453355,0.27989206483453355
4.394449154672439,3.970890248315698,-0.4235589063567411,0.4235589063567411
3.4339872044851463,4.055724725949595,0.6217375214644489,0.6217375214644489
2.3978952727983707,3.4525180933618436,1.054622820563473,1.054622820563473
3.9318256327243257,4.1350138382910115,0.20318820556668582,0.20318820556668582
3.9318256327243257,4.402532408326662,0.4707067756023364,0.4707067756023364
3.258096538021482,3.839617115353337,0.581520577331855,0.581520577331855
4.394449154672439,4.099508931053755,-0.294940223618684,0.294940223618684
4.51085950651685,4.1291052392280445,-0.38175426728880524,0.38175426728880524
3.951243718581427,4.200005588444969,0.2487618698635421,0.2487618698635421
3.258096538021482,3.6546948185811745,0.3965982805596924,0.3965982805596924
3.5263605246161616,3.6283468089633555,0.10198628434719392,0.10198628434719392
4.2626798770413155,4.011974033297682,-0.25070584374363314,0.25070584374363314
4.51085950651685,4.367029127081981,-0.14383037943486876,0.14383037943486876
3.713572066704308,3.4557799116402,-0.257792155064108,0.257792155064108
4.110873864173311,3.78196754292005,-0.32890632125326125,0.32890632125326125
4.330733340286331,4.129295887210313,-0.2014374530760179,0.2014374530760179
4.2626798770413155,3.889465417713553,-0.3732144593277624,0.3732144593277624
3.713572066704308,4.033042123867551,0.31947005716324295,0.31947005716324295
3.9318256327243257,3.7089145680466697,-0.22291106467765598,0.22291106467765598
3.58351893845611,3.685943106240086,0.10242416778397612,0.10242416778397612
2.772588722239781,3.9900016051747,1.217412882934919,1.217412882934919
4.2626798770413155,4.04522060974865,-0.21745926729266518,0.21745926729266518
4.330733340286331,3.925388980613507,-0.4053443596728239,0.4053443596728239
3.951243718581427,4.021527998713122,0.07028428013169474,0.07028428013169474
3.044522437723423,4.035850651884563,0.9913282141611401,0.9913282141611401
3.951243718581427,4.2986383871924225,0.34739466861099544,0.34739466861099544
4.532599493153256,4.160694996056346,-0.3719044970969101,0.3719044970969101
2.772588722239781,3.104671889465588,0.3320831672258069,0.3320831672258069
3.4339872044851463,3.4783070439117987,0.04431983942665241,0.04431983942665241
3.9318256327243257,3.6157151741977867,-0.3161104585265391,0.3161104585265391
3.9318256327243257,3.9099942788922086,-0.021831353832117095,0.021831353832117095
3.4339872044851463,3.501215120601545,0.06722791611639867,0.06722791611639867
3.713572066704308,3.688031592450053,-0.025540474254254875,0.025540474254254875
4.2626798770413155,3.709815093291689,-0.5528647837496266,0.5528647837496266
3.9318256327243257,3.900998412189229,-0.03082722053509679,0.03082722053509679
3.9318256327243257,3.4918214043961417,-0.440004228328184,0.440004228328184
3.9318256327243257,3.9059545122686163,-0.025871120455709384,0.025871120455709384
3.713572066704308,4.054942390922399,0.341370324218091,0.341370324218091
4.454347296253507,4.120568825352264,-0.333778470901243,0.333778470901243
3.4339872044851463,3.8173892757364216,0.38340207125127534,0.38340207125127534
3.9318256327243257,3.438754152290832,-0.4930714804334939,0.4930714804334939
3.4339872044851463,3.927754893840396,0.49376768935524984,0.49376768935524984
4.330733340286331,4.014073185971559,-0.31666015431477224,0.31666015431477224
3.258096538021482,3.976792363333962,0.71869582531248,0.71869582531248
4.330733340286331,4.184310375196864,-0.14642296508946728,0.14642296508946728
3.9318256327243257,3.6414777312133984,-0.2903479015109274,0.2903479015109274
4.127134385045092,3.622603129796607,-0.5045312552484846,0.5045312552484846
4.02535169073515,4.012005679326476,-0.01334601140867342,0.01334601140867342
3.9318256327243257,3.853447729591451,-0.07837790313287485,0.07837790313287485
4.477336814478207,4.077147788685047,-0.40018902579315974,0.40018902579315974
4.394449154672439,4.223822201628076,-0.17062695304436293,0.17062695304436293
4.394449154672439,4.602795154525852,0.20834599985341296,0.20834599985341296
4.499809670330265,4.168632233773054,-0.3311774365572111,0.3311774365572111
3.5263605246161616,3.7203261573884125,0.19396563277225098,0.19396563277225098
3.713572066704308,3.2172451545549583,-0.49632691214934965,0.49632691214934965
3.951243718581427,4.183647218301153,0.23240349971972574,0.23240349971972574
4.248495242049359,4.05745462359249,-0.19104061845686893,0.19104061845686893
3.9318256327243257,3.910763052248344,-0.02106258047598164,0.02106258047598164
4.51085950651685,4.18799342746484,-0.3228660790520097,0.3228660790520097
4.330733340286331,4.144197660224494,-0.18653568006183718,0.18653568006183718
4.51085950651685,4.464494523264503,-0.046364983252346725,0.046364983252346725
4.5217885770490405,4.253088184520609,-0.26870039252843103,0.26870039252843103
3.951243718581427,3.9807690591745843,0.029525340593157257,0.029525340593157257
4.454347296253507,4.456525069435748,0.00217777318224055,0.00217777318224055
4.499809670330265,4.266689718920423,-0.23311995140984187,0.23311995140984187
3.9318256327243257,4.0425574231892005,0.1107317904648748,0.1107317904648748
4.394449154672439,4.200461225882676,-0.19398792878976323,0.19398792878976323
4.110873864173311,3.9840140746228023,-0.12685978955050903,0.12685978955050903
4.2626798770413155,4.237593901420295,-0.025085975621020218,0.025085975621020218
4.51085950651685,4.413026454929492,-0.097833051587358,0.097833051587358
4.564348191467836,4.040259620301385,-0.5240885711664509,0.5240885711664509
3.951243718581427,4.16511655978398,0.21387284120255323,0.21387284120255323
3.951243718581427,4.1393703446658705,0.18812662608444342,0.18812662608444342
3.9318256327243257,3.595184405021145,-0.33664122770318095,0.33664122770318095
4.51085950651685,4.126234193794491,-0.3846253127223589,0.3846253127223589
3.9318256327243257,3.597799411106605,-0.3340262216177208,0.3340262216177208
4.5217885770490405,4.1725826289378665,-0.349205948111174,0.349205948111174
4.2626798770413155,4.029686759334256,-0.23299311770705966,0.23299311770705966
3.044522437723423,3.555145706594785,0.5106232688713619,0.5106232688713619
3.044522437723423,3.8791259517085175,0.8346035139850945,0.8346035139850945
4.330733340286331,4.0290122629104195,-0.3017210773759116,0.3017210773759116
4.51085950651685,3.992692478383497,-0.5181670281333526,0.5181670281333526
4.465908118654584,4.339196137143888,-0.12671198151069607,0.12671198151069607
3.58351893845611,3.497963970515915,-0.08555496794019479,0.08555496794019479
3.044522437723423,3.6816494329854637,0.6371269952620406,0.6371269952620406
3.951243718581427,4.122499197122682,0.171255478541255,0.171255478541255
4.110873864173311,4.255968989258376,0.1450951250850645,0.1450951250850645
4.51085950651685,4.129444747668454,-0.38141475884839604,0.38141475884839604
4.356708826689592,4.133198227737836,-0.22351059895175585,0.22351059895175585
3.828641396489095,4.028567960735493,0.19992656424639765,0.19992656424639765
4.110873864173311,3.982356644054141,-0.12851722011917044,0.12851722011917044
4.110873864173311,4.05968807345228,-0.05118579072103113,0.05118579072103113
3.5553480614894135,3.7783890198779133,0.2230409583884998,0.2230409583884998
2.772588722239781,3.7896331297888617,1.0170444075490805,1.0170444075490805
4.51085950651685,4.179432711538534,-0.3314267949783156,0.3314267949783156
4.330733340286331,4.255423999383792,-0.07530934090253893,0.07530934090253893
3.044522437723423,4.081039921052354,1.036517483328931,1.036517483328931
4.330733340286331,4.3267129268177955,-0.004020413468535544,0.004020413468535544
4.394449154672439,4.174911250296595,-0.2195379043758443,0.2195379043758443
4.394449154672439,4.034083114692389,-0.36036603998005035,0.36036603998005035
3.9318256327243257,3.6751672152204353,-0.2566584175038904,0.2566584175038904
4.110873864173311,3.8862105578639476,-0.2246633063093637,0.2246633063093637
2.3978952727983707,4.077150035866227,1.6792547630678563,1.6792547630678563
4.2626798770413155,4.080972093167096,-0.18170778387421915,0.18170778387421915
3.258096538021482,3.438754152290832,0.18065761426934968,0.18065761426934968
4.189654742026425,4.189292612992748,-0.00036212903367704996,0.00036212903367704996
3.258096538021482,3.7055826590607976,0.4474861210393155,0.4474861210393155
4.110873864173311,3.7244469566039795,-0.38642690756933185,0.38642690756933185
4.204692619390966,3.995268683311844,-0.2094239360791219,0.2094239360791219
3.4339872044851463,3.589873394977896,0.15588619049274977,0.15588619049274977
4.3694478524670215,3.9604229778519766,-0.4090248746150449,0.4090248746150449
4.330733340286331,3.9498110053199316,-0.3809223349663995,0.3809223349663995
3.258096538021482,3.271135629219886,0.013039091198403963,0.013039091198403963
3.9318256327243257,3.694226577774676,-0.2375990549496496,0.2375990549496496
4.564348191467836,4.080523854815164,-0.4838243366526722,0.4838243366526722
4.110873864173311,4.4163610409551755,0.3054871767818641,0.3054871767818641
4.189654742026425,4.081681320611024,-0.10797342141540156,0.10797342141540156
4.2626798770413155,4.203187230040312,-0.05949264700100354,0.05949264700100354
3.258096538021482,4.154633384743622,0.8965368467221402,0.8965368467221402
4.430816798843313,4.379026794023555,-0.05179000481975837,0.05179000481975837
3.4339872044851463,3.51759106027889,0.08360385579374352,0.08360385579374352
4.189654742026425,3.936827718638408,-0.2528270233880172,0.2528270233880172
4.2626798770413155,4.037266527330209,-0.22541334971110683,0.22541334971110683
3.951243718581427,4.062863776933212,0.11162005835178501,0.11162005835178501
3.951243718581427,4.095953016756156,0.1447092981747291,0.1447092981747291
2.3978952727983707,4.102907527582834,1.7050122547844637,1.7050122547844637
3.58351893845611,3.763215496176811,0.17969655772070103,0.17969655772070103
4.330733340286331,4.358353775720421,0.027620435434090318,0.027620435434090318
4.51085950651685,4.3112064788897,-0.19965302762714998,0.19965302762714998
4.330733340286331,4.060107123267045,-0.27062621701928613,0.27062621701928613
4.330733340286331,3.9058056516786266,-0.42492768860770447,0.42492768860770447
4.110873864173311,3.880974500118957,-0.2298993640543543,0.2298993640543543
3.9318256327243257,3.913124482586027,-0.01870115013829876,0.01870115013829876
3.9318256327243257,4.183204807900559,0.2513791751762331,0.2513791751762331
3.713572066704308,4.0428781939640475,0.3293061272597395,0.3293061272597395
4.330733340286331,3.9058056516786266,-0.42492768860770447,0.42492768860770447
4.110873864173311,4.213565665506341,0.10269180133302935,0.10269180133302935
4.394449154672439,3.936618208468161,-0.457830946204278,0.457830946204278
3.9318256327243257,3.6174317465564227,-0.314393886167903,0.314393886167903
3.713572066704308,3.8828646736120973,0.16929260690778936,0.16929260690778936
3.9318256327243257,4.045233939393848,0.11340830666952195,0.11340830666952195
3.4339872044851463,3.973536968702949,0.5395497642178029,0.5395497642178029
4.499809670330265,4.13555807900822,-0.364251591322045,0.364251591322045
3.828641396489095,3.899097693299035,0.07045629680993981,0.07045629680993981
3.4339872044851463,3.8732301467722516,0.43924294228710536,0.43924294228710536
2.772588722239781,3.392412868674818,0.6198241464350369,0.6198241464350369
4.110873864173311,3.8926537148615727,-0.2182201493117386,0.2182201493117386
3.9318256327243257,3.702453887562661,-0.2293717451616648,0.2293717451616648
4.51085950651685,4.142950761753058,-0.3679087447637919,0.3679087447637919
3.4339872044851463,3.622802214898521,0.18881501041337456,0.18881501041337456
4.394449154672439,4.130251397778673,-0.26419775689376657,0.26419775689376657
4.394449154672439,3.9828614456620746,-0.41158770901036457,0.41158770901036457
4.394449154672439,4.332305447220637,-0.062143707451801866,0.062143707451801866
4.394449154672439,4.151021449589136,-0.24342770508330336,0.24342770508330336
4.477336814478207,4.240203056850271,-0.23713375762793554,0.23713375762793554
3.044522437723423,3.476420012451206,0.4318975747277829,0.4318975747277829
3.4339872044851463,3.312291674537126,-0.12169552994802046,0.12169552994802046
3.4339872044851463,3.944098527273106,0.5101113227879597,0.5101113227879597
4.553876891600541,4.26911362604108,-0.2847632655594605,0.2847632655594605
3.044522437723423,3.644503786547415,0.599981348823992,0.599981348823992
4.394449154672439,4.284050966508739,-0.11039818816369973,0.11039818816369973
4.189654742026425,4.022771621835215,-0.1668831201912102,0.1668831201912102
4.110873864173311,4.147277936253522,0.03640407208021035,0.03640407208021035
4.2626798770413155,3.7919799530065523,-0.47069992403476313,0.47069992403476313
4.189654742026425,3.6329384890902405,-0.5567162529361847,0.5567162529361847
3.4339872044851463,3.516837813137699,0.08285060865255289,0.08285060865255289
4.2626798770413155,4.0644550316788175,-0.19822484536249796,0.19822484536249796
3.713572066704308,3.3225711994372444,-0.3910008672670635,0.3910008672670635
3.713572066704308,3.7250004659319043,0.011428399227596309,0.011428399227596309
4.394449154672439,4.26074430131247,-0.13370485335996918,0.13370485335996918
3.044522437723423,3.6761578183491443,0.6316353806257213,0.6316353806257213
4.2626798770413155,3.7776847297145646,-0.48499514732675086,0.48499514732675086
3.9318256327243257,3.8405234871124994,-0.09130214561182637,0.09130214561182637
4.394449154672439,3.9719798966599926,-0.4224692580124465,0.4224692580124465
3.4339872044851463,3.4446472722855326,0.010660067800386308,0.010660067800386308
3.4339872044851463,3.924026750721503,0.4900395462363569,0.4900395462363569
3.713572066704308,3.8578935752917705,0.1443215085874625,0.1443215085874625
3.4339872044851463,3.6090672619028954,0.17508005741774912,0.17508005741774912
3.9318256327243257,3.803667202329895,-0.12815843039443076,0.12815843039443076
4.2626798770413155,4.21072159778033,-0.05195827926098584,0.05195827926098584
3.4339872044851463,3.881439689752969,0.44745248526782255,0.44745248526782255
3.4339872044851463,4.19348437721941,0.7594971727342639,0.7594971727342639
4.382026634673881,4.117523265779428,-0.26450336889445314,0.26450336889445314
4.51085950651685,4.183725622097441,-0.3271338844194087,0.3271338844194087
4.330733340286331,3.9361132059190687,-0.3946201343672624,0.3946201343672624
4.51085950651685,4.181523080657602,-0.32933642585924794,0.32933642585924794
3.9318256327243257,3.8752767915568915,-0.056548841167434194,0.056548841167434194
4.51085950651685,4.513625848760647,0.0027663422437971263,0.0027663422437971263
3.828641396489095,4.057637899932024,0.22899650344292866,0.22899650344292866
2.772588722239781,3.721688422739793,0.9490997005000117,0.9490997005000117
4.330733340286331,4.017088796946761,-0.3136445433395698,0.3136445433395698
3.044522437723423,3.478459084712664,0.43393664698924095,0.43393664698924095
3.9318256327243257,4.300320019550668,0.36849438682634217,0.36849438682634217
3.9318256327243257,3.881746235902919,-0.05007939682140661,0.05007939682140661
3.951243718581427,4.059621666487802,0.10837794790637467,0.10837794790637467
3.5553480614894135,3.82502915767384,0.2696810961844265,0.2696810961844265
4.2626798770413155,4.0252979083573655,-0.23738196868395,0.23738196868395
3.258096538021482,3.7665807648857457,0.5084842268642635,0.5084842268642635
4.2626798770413155,4.090520462652385,-0.1721594143889309,0.1721594143889309
4.51085950651685,3.9901078119905518,-0.520751694526298,0.520751694526298
4.290459441148391,4.212676558628439,-0.07778288251995225,0.07778288251995225
4.204692619390966,4.218284994182261,0.013592374791294937,0.013592374791294937
3.258096538021482,3.4486926454285296,0.19059610740704747,0.19059610740704747
4.330733340286331,3.88111700339155,-0.4496163368947812,0.4496163368947812
4.110873864173311,4.140636721327628,0.029762857154316258,0.029762857154316258
3.4339872044851463,3.361373715303743,-0.07261348918140342,0.07261348918140342
3.9318256327243257,3.479398691580538,-0.4524269411437878,0.4524269411437878
3.9318256327243257,3.8820871562279784,-0.04973847649634733,0.04973847649634733
3.951243718581427,4.009778721113037,0.05853500253160959,0.05853500253160959
4.189654742026425,4.040586390638286,-0.1490683513881388,0.1490683513881388
3.044522437723423,3.271492251804099,0.22696981408067618,0.22696981408067618
4.454347296253507,4.523615947408041,0.06926865115453396,0.06926865115453396
3.4339872044851463,3.105753960607233,-0.3282332438779134,0.3282332438779134
4.394449154672439,4.079963019492156,-0.31448613518028345,0.31448613518028345
3.58351893845611,3.625771897071779,0.04225295861566902,0.04225295861566902
3.044522437723423,3.91211465683089,0.867592219107467,0.867592219107467
3.9318256327243257,3.9645451332523165,0.032719500527990775,0.032719500527990775
4.189654742026425,3.7762061787506402,-0.41344856327578494,0.41344856327578494
3.258096538021482,3.3687011977752492,0.1106046597537671,0.1106046597537671
4.51085950651685,4.233076681988726,-0.2777828245281233,0.2777828245281233
4.51085950651685,4.120936041303499,-0.389923465213351,0.389923465213351
3.044522437723423,3.95330440202289,0.9087819642994668,0.9087819642994668
3.9318256327243257,3.744820527452661,-0.1870051052716648,0.1870051052716648
4.51085950651685,4.112359140180842,-0.39850036633600805,0.39850036633600805
3.9318256327243257,4.00180056785912,0.06997493513479425,0.06997493513479425
4.454347296253507,4.145466510721468,-0.3088807855320397,0.3088807855320397
4.564348191467836,4.110202809205261,-0.45414538226257495,0.45414538226257495
4.330733340286331,3.9028581995028664,-0.42787514078346467,0.42787514078346467
4.51085950651685,4.185106802198694,-0.3257527043181554,0.3257527043181554
4.394449154672439,3.8870525539602436,-0.5073966007121955,0.5073966007121955
3.951243718581427,4.087876841252104,0.13663312267067695,0.13663312267067695
4.394449154672439,4.128007220270937,-0.2664419344015023,0.2664419344015023
4.219507705176107,3.628855909347017,-0.59065179582909,0.59065179582909
3.332204510175204,3.787311564905133,0.4551070547299294,0.4551070547299294
4.204692619390966,4.035057162548056,-0.1696354568429097,0.1696354568429097
3.4339872044851463,3.5815920153009113,0.14760481081576504,0.14760481081576504
4.330733340286331,4.05771186084522,-0.27302147944111077,0.27302147944111077
4.330733340286331,3.9780683031286577,-0.3526650371576734,0.3526650371576734
4.394449154672439,4.163548270807381,-0.2309008838650577,0.2309008838650577
3.688879454113936,4.144082091909989,0.4552026377960532,0.4552026377960532
3.9318256327243257,3.928707989558128,-0.00311764316619767,0.00311764316619767
3.951243718581427,4.025382881605994,0.07413916302456691,0.07413916302456691
4.219507705176107,4.13061735549989,-0.088890349676217,0.088890349676217
3.951243718581427,4.176540486221986,0.22529676764055928,0.22529676764055928
3.713572066704308,3.90230121155332,0.18872914484901226,0.18872914484901226
4.2626798770413155,4.150657407954057,-0.11202246908725844,0.11202246908725844
3.044522437723423,4.1360460187235795,1.0915235810001565,1.0915235810001565
3.951243718581427,4.022528944816671,0.07128522623524347,0.07128522623524347
4.02535169073515,3.7260099194716876,-0.29934177126346206,0.29934177126346206
4.110873864173311,3.970231241437068,-0.14064262273624317,0.14064262273624317
3.4339872044851463,3.7776690616789708,0.3436818571938245,0.3436818571938245
3.951243718581427,4.157032181553815,0.20578846297238762,0.20578846297238762
3.9318256327243257,4.017837174920951,0.08601154219662499,0.08601154219662499
3.258096538021482,3.797979110071808,0.5398825720503257,0.5398825720503257
3.9318256327243257,3.69001229493539,-0.24181333778893555,0.24181333778893555
3.9318256327243257,3.8432295364952926,-0.08859609622903308,0.08859609622903308
4.330733340286331,4.240809289090339,-0.08992405119599223,0.08992405119599223
3.9318256327243257,3.9832570309320463,0.05143139820772058,0.05143139820772058
3.044522437723423,3.913850449171477,0.8693280114480539,0.8693280114480539
3.58351893845611,3.9929628339433916,0.40944389548728166,0.40944389548728166
4.110873864173311,3.9423004682738942,-0.1685733958994171,0.1685733958994171
4.189654742026425,3.9629461801980805,-0.22670856182834465,0.22670856182834465
3.9318256327243257,4.076260697734309,0.14443506500998327,0.14443506500998327
4.330733340286331,4.037838378038007,-0.2928949622483241,0.2928949622483241
4.2626798770413155,3.9822698823923948,-0.2804099946489207,0.2804099946489207
3.9318256327243257,3.997413048601372,0.06558741587704642,0.06558741587704642
3.9318256327243257,4.121554621872441,0.18972898914811553,0.18972898914811553
4.51085950651685,4.318585218330959,-0.19227428818589054,0.19227428818589054
4.110873864173311,4.19780298059539,0.08692911642207868,0.08692911642207868
4.454347296253507,4.214597387130586,-0.2397499091229216,0.2397499091229216
3.218875824868201,4.10163156836312,0.8827557434949194,0.8827557434949194
4.2626798770413155,4.318494457245116,0.05581458020380037,0.05581458020380037
4.394449154672439,4.101955484893576,-0.29249366977886293,0.29249366977886293
4.2626798770413155,3.8531283311343523,-0.4095515459069632,0.4095515459069632
3.4339872044851463,4.027158944660876,0.5931717401757295,0.5931717401757295
4.110873864173311,3.6657357382167612,-0.4451381259565501,0.4451381259565501
3.6375861597263857,3.9427658929475013,0.3051797332211157,0.3051797332211157
3.951243718581427,4.123204633468572,0.17196091488714504,0.17196091488714504
3.9318256327243257,3.9623668945750463,0.03054126185072059,0.03054126185072059
4.394449154672439,4.394014075383404,-0.0004350792890353006,0.0004350792890353006
4.394449154672439,4.011974033297682,-0.3824751213747568,0.3824751213747568
3.713572066704308,3.737461183464548,0.023889116760240192,0.023889116760240192
4.110873864173311,4.027320196588934,-0.08355366758437732,0.08355366758437732
4.04305126783455,3.8111670978171928,-0.2318841700173575,0.2318841700173575
3.951243718581427,4.438070414099457,0.4868266955180296,0.4868266955180296
4.330733340286331,4.120790960420664,-0.20994237986566677,0.20994237986566677
3.9318256327243257,4.138117719783858,0.20629208705953195,0.20629208705953195
4.219507705176107,4.0594163656734725,-0.16009133950263443,0.16009133950263443
4.330733340286331,4.08642238277052,-0.2443109575158111,0.2443109575158111
3.9318256327243257,4.250190663053299,0.31836503032897356,0.31836503032897356
4.330733340286331,4.062928037810426,-0.26780530247590484,0.26780530247590484
3.9318256327243257,4.208495148636114,0.27666951591178846,0.27666951591178846
3.9318256327243257,3.9003725264104725,-0.03145310631385323,0.03145310631385323
4.51085950651685,4.036064978376357,-0.4747945281404924,0.4747945281404924
3.9318256327243257,3.945869877919213,0.014044245194887228,0.014044245194887228
4.394449154672439,4.0938062658163465,-0.3006428888560926,0.3006428888560926
2.772588722239781,3.430241272616148,0.6576525503763668,0.6576525503763668
4.219507705176107,4.131078022616657,-0.08842968255945038,0.08842968255945038
3.9318256327243257,4.060018368008626,0.12819273528429997,0.12819273528429997
4.454347296253507,4.117526908761086,-0.3368203874924216,0.3368203874924216
4.394449154672439,4.411691828043857,0.017242673371417716,0.017242673371417716
4.51085950651685,4.3096879472571565,-0.2011715592596932,0.2011715592596932
4.110873864173311,3.9603343922369723,-0.1505394719363391,0.1505394719363391
3.258096538021482,4.077997019421305,0.8199004813998232,0.8199004813998232
3.4339872044851463,3.8282244608954406,0.3942372564102943,0.3942372564102943
3.4339872044851463,3.9068716555743483,0.4728844510892021,0.4728844510892021
3.044522437723423,3.553784654762109,0.5092622170386858,0.5092622170386858
3.58351893845611,3.8612342333743435,0.27771529491823355,0.27771529491823355
3.4339872044851463,3.569116847860651,0.13512964337550493,0.13512964337550493
3.044522437723423,2.8429162121224816,-0.20160622560094144,0.20160622560094144
3.9318256327243257,3.9682145485249496,0.03638891580062387,0.03638891580062387
3.5263605246161616,3.705283465826751,0.1789229412105895,0.1789229412105895
4.2626798770413155,4.046252663729928,-0.2164272133113876,0.2164272133113876
3.9318256327243257,3.8312908345303347,-0.10053479819399103,0.10053479819399103
4.110873864173311,3.978965061058724,-0.13190880311458741,0.13190880311458741
3.9318256327243257,3.885041851761783,-0.046783780962542654,0.046783780962542654
4.219507705176107,3.9771068684709143,-0.24240083670519263,0.24240083670519263
3.044522437723423,3.70415911296854,0.659636675245117,0.659636675245117
3.951243718581427,4.1345000293767695,0.18325631079534244,0.18325631079534244
3.713572066704308,3.694683813147595,-0.018888253556712975,0.018888253556712975
4.110873864173311,4.0231986539590965,-0.08767521021421487,0.08767521021421487
3.713572066704308,3.9175147597871174,0.20394269308280943,0.20394269308280943
4.110873864173311,3.991962041232707,-0.11891182294060432,0.11891182294060432
4.454347296253507,4.053035670076347,-0.40131162617716054,0.40131162617716054
4.499809670330265,4.089019519615349,-0.41079015071491565,0.41079015071491565
4.564348191467836,4.13269507428689,-0.4316531171809457,0.4316531171809457
2.3978952727983707,3.3683574835132846,0.9704622107149139,0.9704622107149139
3.9318256327243257,3.87287273007962,-0.05895290264470576,0.05895290264470576
4.477336814478207,4.035819306809881,-0.4415175076683262,0.4415175076683262
4.330733340286331,4.070164745434663,-0.2605685948516685,0.2605685948516685
3.9318256327243257,4.021396490098615,0.08957085737428949,0.08957085737428949
3.9318256327243257,3.956701510532433,0.024875877808107294,0.024875877808107294
3.044522437723423,3.7116068493648506,0.6670844116414276,0.6670844116414276
4.51085950651685,4.3370664082025865,-0.17379309831426326,0.17379309831426326
3.9318256327243257,3.978935185075387,0.04710955235106118,0.04710955235106118
4.2626798770413155,4.043544029758583,-0.2191358472827325,0.2191358472827325
4.2626798770413155,3.9522293059590576,-0.3104505710822578,0.3104505710822578
3.4339872044851463,3.342645314142653,-0.0913418903424934,0.0913418903424934
4.2626798770413155,4.039279746144121,-0.22340013089719424,0.22340013089719424
4.110873864173311,3.870390333679729,-0.24048353049358218,0.24048353049358218
4.394449154672439,4.228805621562104,-0.16564353311033475,0.16564353311033475
3.9318256327243257,3.7776196763147056,-0.1542059564096201,0.1542059564096201
4.454347296253507,4.2929161942251435,-0.16143110202836386,0.16143110202836386
4.51085950651685,4.180887680485552,-0.32997182603129804,0.32997182603129804
4.330733340286331,3.995676519272793,-0.33505682101353784,0.33505682101353784
3.044522437723423,3.5689097488950643,0.5243873111716413,0.5243873111716413
3.9318256327243257,3.752220870238692,-0.17960476248563362,0.17960476248563362
3.713572066704308,4.126289980906932,0.4127179142026245,0.4127179142026245
4.110873864173311,3.597743784051887,-0.5131300801214245,0.5131300801214245
4.394449154672439,4.220711836476721,-0.1737373181957178,0.1737373181957178
3.044522437723423,3.697157012101549,0.6526345743781259,0.6526345743781259
3.713572066704308,3.838708070060096,0.125136003355788,0.125136003355788
4.290459441148391,4.106533169252736,-0.1839262718956549,0.1839262718956549
3.9318256327243257,3.810031911525111,-0.12179372119921483,0.12179372119921483
4.2626798770413155,4.0816553299327545,-0.18102454710856097,0.18102454710856097
3.951243718581427,4.022528944816671,0.07128522623524347,0.07128522623524347
4.248495242049359,4.0059831599902695,-0.2425120820590898,0.2425120820590898
3.9318256327243257,3.748264003450684,-0.18356162927364172,0.18356162927364172
4.394449154672439,3.9759452319069712,-0.4185039227654679,0.4185039227654679
4.394449154672439,3.98139794356978,-0.4130512111026592,0.4130512111026592
4.51085950651685,3.9549926972147302,-0.5558668093021195,0.5558668093021195
4.394449154672439,4.103285578318438,-0.29116357635400103,0.29116357635400103
3.9318256327243257,4.077356133100742,0.14553050037641624,0.14553050037641624
3.713572066704308,3.8161950579649053,0.10262299126059737,0.10262299126059737
3.9318256327243257,3.581383904086244,-0.3504417286380819,0.3504417286380819
3.9318256327243257,3.582691686280165,-0.3491339464441605,0.3491339464441605
4.290459441148391,4.118466267128643,-0.17199317401974756,0.17199317401974756
4.51085950651685,4.173666284151732,-0.3371932223651175,0.3371932223651175
4.394449154672439,4.154376618288684,-0.2400725363837548,0.2400725363837548
4.219507705176107,3.6665703810075394,-0.5529373241685676,0.5529373241685676
4.290459441148391,4.068645464983167,-0.22181397616522425,0.22181397616522425
4.110873864173311,3.9707507988500317,-0.14012306532327967,0.14012306532327967
3.044522437723423,3.6876068890289124,0.6430844513054894,0.6430844513054894
3.9318256327243257,3.9494596353623543,0.017634002638028612,0.017634002638028612
3.713572066704308,3.8985549971600815,0.18498293045577352,0.18498293045577352
4.394449154672439,4.01548909622472,-0.37896005844771885,0.37896005844771885
3.044522437723423,3.4352124638793993,0.39069002615597626,0.39069002615597626
3.9318256327243257,3.8962814800994447,-0.035544152624880976,0.035544152624880976
3.044522437723423,3.907535934779166,0.8630134970557428,0.8630134970557428
4.110873864173311,3.9582403727139845,-0.1526334914593268,0.1526334914593268
4.2626798770413155,4.001764458727025,-0.26091541831429055,0.26091541831429055
4.394449154672439,4.343614407566853,-0.05083474710558633,0.05083474710558633
4.2626798770413155,4.291432725909151,0.028752848867835468,0.028752848867835468
2.3978952727983707,3.5129831499666526,1.115087877168282,1.115087877168282
3.044522437723423,3.9465770368707824,0.9020545991473594,0.9020545991473594
4.394449154672439,3.9144117569991703,-0.4800373976732688,0.4800373976732688
4.219507705176107,3.917000588995351,-0.302507116180756,0.302507116180756
4.330733340286331,3.8234908211038574,-0.5072425191824737,0.5072425191824737
3.4339872044851463,3.688002001730267,0.25401479724512077,0.25401479724512077
3.044522437723423,3.2801533990464424,0.23563096132301942,0.23563096132301942
3.4011973816621555,3.8479333634089063,0.4467359817467509,0.4467359817467509
4.2626798770413155,4.150544325070501,-0.11213555197081426,0.11213555197081426
3.9318256327243257,4.0302032666831344,0.09837763395880872,0.09837763395880872
3.58351893845611,3.645503822213831,0.06198488375772104,0.06198488375772104
4.189654742026425,4.156570072588138,-0.033084669438287584,0.033084669438287584
3.9318256327243257,3.7468750281383887,-0.18495060458593704,0.18495060458593704
4.330733340286331,4.257330977055247,-0.07340236323108407,0.07340236323108407
4.110873864173311,4.045949135194357,-0.06492472897895407,0.06492472897895407
4.110873864173311,3.726108367890639,-0.38476549628267254,0.38476549628267254
3.4339872044851463,3.551402132608777,0.11741492812363052,0.11741492812363052
4.48863636973214,4.116046911241067,-0.3725894584910723,0.3725894584910723
3.044522437723423,3.9939037909891764,0.9493813532657533,0.9493813532657533
3.9318256327243257,3.6022303900861616,-0.3295952426381641,0.3295952426381641
3.9318256327243257,3.861199228211368,-0.07062640451295765,0.07062640451295765
4.290459441148391,3.9503432948684893,-0.3401161462799016,0.3401161462799016
4.330733340286331,4.027725671855503,-0.30300766843082805,0.30300766843082805
4.330733340286331,4.368428692852977,0.037695352566646356,0.037695352566646356
4.330733340286331,4.494233655912458,0.163500315626127,0.163500315626127
4.394449154672439,4.2532473859919335,-0.1412017686805056,0.1412017686805056
3.044522437723423,3.7919799530065523,0.7474575152831293,0.7474575152831293
4.110873864173311,3.9347266603419198,-0.1761472038313916,0.1761472038313916
3.58351893845611,3.179905208376891,-0.40361373007921886,0.40361373007921886
3.951243718581427,4.148100271060406,0.19685655247897849,0.19685655247897849
3.713572066704308,3.85136972421535,0.137797657511042,0.137797657511042
3.4339872044851463,3.8894950911151813,0.45550788663003505,0.45550788663003505
3.713572066704308,3.8326618219781183,0.11908975527381038,0.11908975527381038
4.2626798770413155,3.861316306236312,-0.4013635708050036,0.4013635708050036
3.610917912644224,3.701067480756166,0.09014956811194219,0.09014956811194219
3.951243718581427,4.190889005408404,0.23964528682697672,0.23964528682697672
3.044522437723423,3.5087586528500108,0.46423621512658775,0.46423621512658775
4.51085950651685,4.292208307694545,-0.21865119882230477,0.21865119882230477
4.330733340286331,4.100693368595658,-0.23003997169067336,0.23003997169067336
4.51085950651685,4.021255162706668,-0.48960434381018203,0.48960434381018203
3.9318256327243257,3.3980709065738557,-0.53375472615047,0.53375472615047
3.713572066704308,3.6502400333628553,-0.06333203334145265,0.06333203334145265
3.4339872044851463,3.483364926059999,0.04937772157485254,0.04937772157485254
3.713572066704308,4.100719573712046,0.3871475070077377,0.3871475070077377
3.713572066704308,4.055294510469712,0.34172244376540384,0.34172244376540384
4.394449154672439,3.9754192501680072,-0.4190299045044319,0.4190299045044319
3.951243718581427,4.079400955718691,0.12815723713726435,0.12815723713726435
4.2626798770413155,4.153043152165243,-0.10963672487607212,0.10963672487607212
3.9318256327243257,4.012845607576176,0.08101997485184986,0.08101997485184986
4.394449154672439,3.931478556220529,-0.46297059845191013,0.46297059845191013
4.110873864173311,3.2495173972363673,-0.861356466936944,0.861356466936944
4.290459441148391,4.102779112107673,-0.18768032904071763,0.18768032904071763
3.9318256327243257,3.8318471436358115,-0.09997848908851426,0.09997848908851426
4.394449154672439,4.005488934431885,-0.38896022024055377,0.38896022024055377
4.51085950651685,4.2334239778843425,-0.2774355286325072,0.2774355286325072
3.951243718581427,4.014748422184678,0.06350470360325122,0.06350470360325122
4.2626798770413155,4.086835199348965,-0.1758446776923508,0.1758446776923508
4.330733340286331,3.780889277835556,-0.549844062450775,0.549844062450775
3.713572066704308,3.3937335813210368,-0.3198384853832712,0.3198384853832712
3.4339872044851463,3.5870828151732495,0.15309561068810318,0.15309561068810318
4.2626798770413155,4.183112334232763,-0.07956754280855272,0.07956754280855272
4.110873864173311,4.056578597954549,-0.05429526621876235,0.05429526621876235
4.110873864173311,3.865482287127051,-0.24539157704626025,0.24539157704626025
4.248495242049359,3.8451891587313662,-0.4033060833179931,0.4033060833179931
3.9318256327243257,3.8165980113192473,-0.11522762140507847,0.11522762140507847
4.248495242049359,4.005482117365283,-0.24301312468407676,0.24301312468407676
3.713572066704308,3.4029090271366,-0.31066303956770813,0.31066303956770813
4.394449154672439,4.1231113911918955,-0.2713377634805436,0.2713377634805436
3.9318256327243257,3.4307518195897453,-0.5010738131345804,0.5010738131345804
3.58351893845611,3.985302039162341,0.4017831007062309,0.4017831007062309
2.3978952727983707,4.0383101335601514,1.6404148607617808,1.6404148607617808
3.951243718581427,4.175314584252951,0.224070865671524,0.224070865671524
3.713572066704308,3.8009235434322473,0.0873514767279393,0.0873514767279393
4.290459441148391,4.204388508911023,-0.08607093223736761,0.08607093223736761
3.4339872044851463,4.106316393627133,0.6723291891419869,0.6723291891419869
3.9318256327243257,3.760802514254547,-0.1710231184697788,0.1710231184697788
3.713572066704308,3.503537342413277,-0.21003472429103098,0.21003472429103098
4.394449154672439,4.146949892762502,-0.24749926190993676,0.24749926190993676
4.2626798770413155,4.10033463455332,-0.1623452424879952,0.1623452424879952
3.9318256327243257,3.900998412189229,-0.03082722053509679,0.03082722053509679
2.3978952727983707,3.8329237260349416,1.435028453236571,1.435028453236571
3.713572066704308,3.291817078185909,-0.4217549885183991,0.4217549885183991
4.290459441148391,4.091626203250334,-0.1988332378980573,0.1988332378980573
3.9318256327243257,3.5071281649706334,-0.4246974677536923,0.4246974677536923
3.9318256327243257,3.5574716361247676,-0.37435399659955815,0.37435399659955815
3.713572066704308,3.6147509478740485,-0.09882111883025946,0.09882111883025946
3.258096538021482,3.539559446318357,0.2814629082968749,0.2814629082968749
3.4339872044851463,3.8389414920993823,0.404954287614236,0.404954287614236
4.330733340286331,4.083210878490997,-0.24752246179533444,0.24752246179533444
3.951243718581427,4.019280743909748,0.06803702532832112,0.06803702532832112
3.9318256327243257,3.7268489524899815,-0.20497668023434423,0.20497668023434423
4.330733340286331,4.012912087552269,-0.3178212527340625,0.3178212527340625
4.110873864173311,3.9921949741331977,-0.11867889004011367,0.11867889004011367
4.51085950651685,3.983855963017709,-0.5270035434991409,0.5270035434991409
3.713572066704308,3.5857225804855344,-0.12784948621877357,0.12784948621877357
4.110873864173311,4.093099879780443,-0.01777398439286859,0.01777398439286859
4.51085950651685,4.428837837319497,-0.08202166919735276,0.08202166919735276
2.3978952727983707,3.790530348928277,1.3926350761299062,1.3926350761299062
3.4339872044851463,3.5691877438493407,0.1352005393641944,0.1352005393641944
3.951243718581427,4.18705368647188,0.23580996789045283,0.23580996789045283
4.454347296253507,3.995556536413384,-0.4587907598401233,0.4587907598401233
3.58351893845611,3.7989083369500403,0.21538939849393035,0.21538939849393035
4.394449154672439,4.214053536404992,-0.18039561826744688,0.18039561826744688
3.044522437723423,3.7874252137318365,0.7429027760084135,0.7429027760084135
3.9318256327243257,4.145727618218366,0.2139019854940405,0.2139019854940405
3.258096538021482,3.9946700240862016,0.7365734860647195,0.7365734860647195
4.060443010546419,4.100348952037706,0.03990594149128679,0.03990594149128679
4.110873864173311,4.0697595752247935,-0.041114288948517874,0.041114288948517874
4.02535169073515,3.7986242999836612,-0.2267273907514884,0.2267273907514884
4.143134726391533,3.8691165165041754,-0.27401820988735714,0.27401820988735714
3.4339872044851463,4.117467430008119,0.683480225522973,0.683480225522973
4.290459441148391,4.009373235230258,-0.2810862059181334,0.2810862059181334
4.110873864173311,3.747034766235047,-0.3638390979382642,0.3638390979382642
3.9318256327243257,3.9368426568226553,0.005017024098329603,0.005017024098329603
3.4339872044851463,3.946855894867617,0.5128686903824708,0.5128686903824708
3.713572066704308,3.5297460099940094,-0.1838260567102985,0.1838260567102985
3.9318256327243257,3.414283800994931,-0.5175418317293947,0.5175418317293947
4.51085950651685,4.227656086667609,-0.283203419849241,0.283203419849241
4.2626798770413155,3.899771086470442,-0.36290879057087366,0.36290879057087366
3.951243718581427,3.7176378958391236,-0.23360582274230346,0.23360582274230346
3.4339872044851463,3.5319994479374657,0.0980122434523194,0.0980122434523194
4.51085950651685,4.114757194421883,-0.3961023120949667,0.3961023120949667
4.189654742026425,4.045780524900037,-0.14387421712638826,0.14387421712638826
3.258096538021482,3.6747164330087054,0.4166198949872233,0.4166198949872233
4.51085950651685,4.0431966504970545,-0.4676628560197953,0.4676628560197953
3.58351893845611,3.5367631464348266,-0.04675579202128333,0.04675579202128333
4.330733340286331,3.760437629552003,-0.570295710734328,0.570295710734328
3.9318256327243257,3.918955322877887,-0.012870309846438666,0.012870309846438666
4.442651256490317,4.2538571796257125,-0.18879407686460414,0.18879407686460414
3.9318256327243257,3.4313303901365875,-0.5004952425877383,0.5004952425877383
3.044522437723423,3.421251164971723,0.3767287272483002,0.3767287272483002
4.330733340286331,4.060354458737713,-0.2703788815486181,0.2703788815486181
3.9318256327243257,3.3969632432410686,-0.5348623894832572,0.5348623894832572
4.2626798770413155,3.794083467862774,-0.4685964091785415,0.4685964091785415
3.951243718581427,3.922729020667366,-0.028514697914061138,0.028514697914061138
4.02535169073515,3.978965061058724,-0.046386629676425706,0.046386629676425706
3.5263605246161616,3.9752325603481236,0.448872035731962,0.448872035731962
4.189654742026425,3.9144117569991703,-0.27524298502725486,0.27524298502725486
3.044522437723423,3.699719585230774,0.655197147507351,0.655197147507351
3.828641396489095,3.92898330755257,0.10034191106347512,0.10034191106347512
4.2626798770413155,4.0970379962131975,-0.16564188082811793,0.16564188082811793
3.4339872044851463,3.6453100810649905,0.21132287657984428,0.21132287657984428
3.044522437723423,3.9851228497343136,0.9406004120108906,0.9406004120108906
3.4339872044851463,3.862737844646907,0.4287506401617609,0.4287506401617609
4.330733340286331,4.054687697694315,-0.2760456425920159,0.2760456425920159
3.9318256327243257,3.4769978034117983,-0.4548278293125274,0.4548278293125274
4.442651256490317,4.126893846487416,-0.3157574100029006,0.3157574100029006
2.772588722239781,3.619513522546318,0.846924800306537,0.846924800306537
3.713572066704308,3.737536753094629,0.0239646863903209,0.0239646863903209
4.110873864173311,3.8546665978861383,-0.25620726628717305,0.25620726628717305
4.532599493153256,4.291314014013823,-0.24128547913943343,0.24128547913943343
3.9318256327243257,3.678267946834027,-0.2535576858902986,0.2535576858902986
4.454347296253507,3.9924528911494983,-0.46189440510400903,0.46189440510400903
3.951243718581427,4.022528944816671,0.07128522623524347,0.07128522623524347
4.454347296253507,4.1796170408787345,-0.2747302553747728,0.2747302553747728
3.951243718581427,4.17500519583707,0.22376147725564266,0.22376147725564266
3.044522437723423,3.6242025224288517,0.5796800847054286,0.5796800847054286
4.465908118654584,4.260413352040804,-0.2054947666137794,0.2054947666137794
4.23410650459726,4.120310298794826,-0.11379620580243355,0.11379620580243355
3.912023005428146,3.8906587661135243,-0.021364239314621614,0.021364239314621614
3.9318256327243257,3.9293768168939454,-0.0024488158303803687,0.0024488158303803687
3.258096538021482,3.749964899619482,0.49186836159799974,0.49186836159799974
4.5217885770490405,4.180778991852216,-0.3410095851968249,0.3410095851968249
3.9318256327243257,3.9576211393340293,0.025795506609703533,0.025795506609703533
4.394449154672439,4.0518448415004125,-0.34260431317202666,0.34260431317202666
3.9318256327243257,3.953885917317034,0.022060284592708257,0.022060284592708257
3.951243718581427,4.033396027944159,0.08215230936273166,0.08215230936273166
4.454347296253507,4.40959575945383,-0.04475153679967736,0.04475153679967736
3.58351893845611,3.8438831281359844,0.2603641896798745,0.2603641896798745
4.189654742026425,3.7824781615647955,-0.40717658046162963,0.40717658046162963
2.772588722239781,3.7355460101986724,0.9629572879588912,0.9629572879588912
3.951243718581427,4.153650277558693,0.20240655897726612,0.20240655897726612
4.2626798770413155,4.138459469428245,-0.12422040761307063,0.12422040761307063
4.189654742026425,4.29946637279294,0.10981163076651512,0.10981163076651512
4.1588830833596715,3.9460958133669988,-0.21278726999267272,0.21278726999267272
4.330733340286331,4.283798179407144,-0.04693516087918681,0.04693516087918681
4.465908118654584,4.593471387707966,0.12756326905338256,0.12756326905338256
4.330733340286331,3.772322676916593,-0.5584106633697381,0.5584106633697381
4.110873864173311,3.9521763739902998,-0.1586974901830116,0.1586974901830116
3.044522437723423,3.7362071515367687,0.6916847138133457,0.6916847138133457
4.330733340286331,4.323773955674707,-0.006959384611624486,0.006959384611624486
4.394449154672439,3.9124772379739707,-0.4819719166984684,0.4819719166984684
3.951243718581427,4.205199275731955,0.25395555715052787,0.25395555715052787
4.330733340286331,3.9593315325458374,-0.3714018077404937,0.3714018077404937
4.382026634673881,4.088530952861194,-0.29349568181268726,0.29349568181268726
4.2626798770413155,4.157348595710317,-0.10533128133099812,0.10533128133099812
4.2626798770413155,3.8498662525231118,-0.4128136245182037,0.4128136245182037
3.951243718581427,4.028125598827135,0.07688188024570763,0.07688188024570763
3.9318256327243257,3.8125727156368674,-0.11925291708745833,0.11925291708745833
3.4339872044851463,3.8597151013779714,0.4257278968928251,0.4257278968928251
3.044522437723423,3.4594637765224503,0.4149413387990273,0.4149413387990273
4.110873864173311,3.9901078119905518,-0.1207660521827596,0.1207660521827596
3.044522437723423,3.790108902740105,0.7455864650166819,0.7455864650166819
4.2626798770413155,4.012761101745207,-0.2499187752961083,0.2499187752961083
4.51085950651685,4.146287208152967,-0.36457229836388283,0.36457229836388283
4.330733340286331,4.163307299734917,-0.16742604055141364,0.16742604055141364
3.9318256327243257,4.0305625137303975,0.09873688100607181,0.09873688100607181
3.4339872044851463,3.657988396831219,0.22400119234607274,0.22400119234607274
3.688879454113936,3.5965326889540874,-0.09234676515984841,0.09234676515984841
4.2626798770413155,3.74126226385988,-0.5214176131814354,0.5214176131814354
4.51085950651685,4.202611271639142,-0.30824823487770736,0.30824823487770736
4.51085950651685,4.221390901636189,-0.2894686048806605,0.2894686048806605
4.51085950651685,4.127149244416882,-0.38371026209996817,0.38371026209996817
3.9318256327243257,4.282775812102471,0.3509501793781449,0.3509501793781449
3.9318256327243257,3.933710104931802,0.0018844722074762288,0.0018844722074762288
3.713572066704308,4.0412098694122,0.32763780270789233,0.32763780270789233
4.2626798770413155,4.052054750262072,-0.2106251267792434,0.2106251267792434
3.713572066704308,2.8453367830807075,-0.8682352836236005,0.8682352836236005
4.189654742026425,4.196095680394831,0.0064409383684056465,0.0064409383684056465
3.9318256327243257,3.711765742867522,-0.2200598898568038,0.2200598898568038
3.5263605246161616,3.7803960471281455,0.2540355225119839,0.2540355225119839
4.382026634673881,3.976237980922697,-0.4057886537511841,0.4057886537511841
3.9318256327243257,4.186037854231701,0.25421222150737544,0.25421222150737544
3.9318256327243257,3.8415302450645195,-0.09029538765980627,0.09029538765980627
3.6635616461296463,3.2535745333864448,-0.40998711274320154,0.40998711274320154
4.110873864173311,4.162531696809306,0.05165783263599444,0.05165783263599444
4.465908118654584,4.0698422088509565,-0.3960659098036272,0.3960659098036272
3.4339872044851463,3.3569952853403517,-0.07699191914479453,0.07699191914479453
4.330733340286331,3.9708245172162693,-0.3599088230700618,0.3599088230700618
4.454347296253507,4.097370800748894,-0.35697649550461374,0.35697649550461374
4.51085950651685,4.251485284919996,-0.25937422159685397,0.25937422159685397
3.258096538021482,3.6890334251765324,0.4309368871550503,0.4309368871550503
3.9318256327243257,3.9541262113529276,0.022300578628601908,0.022300578628601908
4.110873864173311,4.169140763528081,0.05826689935476992,0.05826689935476992
4.394449154672439,4.4625896043407725,0.06814044966833332,0.06814044966833332
3.9318256327243257,3.8463427005053283,-0.08548293221899739,0.08548293221899739
4.51085950651685,3.8016270513,-0.7092324552168496,0.7092324552168496
4.110873864173311,3.621317222847516,-0.48955664132579546,0.48955664132579546
4.2626798770413155,4.253163650214866,-0.009516226826449703,0.009516226826449703
4.060443010546419,3.5193102034217776,-0.5411328071246415,0.5411328071246415
3.951243718581427,4.014903369053816,0.0636596504723892,0.0636596504723892
3.9318256327243257,3.9505510371416888,0.018725404417363034,0.018725404417363034
3.9318256327243257,3.6951161669761876,-0.23670946574813811,0.23670946574813811
3.258096538021482,3.399079894501675,0.14098335648019278,0.14098335648019278
4.189654742026425,4.329258855472528,0.13960411344610257,0.13960411344610257
3.4339872044851463,3.5381955263571947,0.10420832187204843,0.10420832187204843
4.51085950651685,4.252064675503927,-0.25879483101292244,0.25879483101292244
4.330733340286331,4.100693368595658,-0.23003997169067336,0.23003997169067336
4.394449154672439,4.154977502075639,-0.2394716525967997,0.2394716525967997
4.532599493153256,4.429121170353692,-0.10347832279956393,0.10347832279956393
4.330733340286331,4.087248767404358,-0.24348457288197345,0.24348457288197345
4.330733340286331,4.169923143393907,-0.16081019689242382,0.16081019689242382
4.110873864173311,3.5201486620794165,-0.5907252020938949,0.5907252020938949
3.4339872044851463,3.992171755848701,0.5581845513635546,0.5581845513635546
3.4339872044851463,3.5752244034441403,0.141237198958994,0.141237198958994
4.330733340286331,4.281383801591746,-0.04934953869458525,0.04934953869458525
3.044522437723423,3.6479284678706545,0.6034060301472315,0.6034060301472315
3.9318256327243257,3.5891088969499183,-0.3427167357744074,0.3427167357744074
3.912023005428146,3.9442339550056875,0.03221094957754156,0.03221094957754156
4.2626798770413155,3.723180293076267,-0.5394995839650485,0.5394995839650485
3.044522437723423,3.5243872281808803,0.47986479045745734,0.47986479045745734
3.713572066704308,3.8093025783680483,0.09573051166374036,0.09573051166374036
4.51085950651685,4.4994072910250225,-0.011452215491827289,0.011452215491827289
3.4339872044851463,3.28707492662618,-0.14691227785896643,0.14691227785896643
3.258096538021482,3.7475696370736173,0.4894730990521352,0.4894730990521352
3.9318256327243257,3.733787158448822,-0.1980384742755037,0.1980384742755037
4.2626798770413155,3.999289404075615,-0.2633904729657006,0.2633904729657006
4.51085950651685,4.167571207789149,-0.3432882987277006,0.3432882987277006
4.110873864173311,4.245867173338342,0.13499330916503105,0.13499330916503105
3.9318256327243257,3.8098726385874135,-0.12195299413691219,0.12195299413691219
3.58351893845611,4.152204755227793,0.5686858167716835,0.5686858167716835
4.2626798770413155,4.2084373461216895,-0.05424253091962594,0.05424253091962594
3.4339872044851463,3.9693992300164305,0.5354120255312842,0.5354120255312842
4.330733340286331,4.069444574684976,-0.26128876560135517,0.26128876560135517
4.290459441148391,4.131743607117055,-0.15871583403133638,0.15871583403133638
4.394449154672439,4.2621109329196365,-0.13233822175280263,0.13233822175280263
4.110873864173311,3.9942126970523892,-0.11666116712092212,0.11666116712092212
3.4339872044851463,3.440542723829012,0.006555519343865779,0.006555519343865779
2.3978952727983707,3.081841605063564,0.6839463322651933,0.6839463322651933
3.9318256327243257,4.028431136510082,0.09660550378575605,0.09660550378575605
3.258096538021482,3.6399087271879105,0.38181218916642834,0.38181218916642834
4.2626798770413155,3.8971006397071166,-0.36557923733419884,0.36557923733419884
4.2626798770413155,4.161405905742769,-0.10127397129854643,0.10127397129854643
3.9318256327243257,3.9364619340999987,0.0046363013756729465,0.0046363013756729465
4.110873864173311,3.5263037085876654,-0.584570155585646,0.584570155585646
4.51085950651685,4.574586113756683,0.06372660723983348,0.06372660723983348
4.454347296253507,4.342104247807758,-0.11224304844574906,0.11224304844574906
3.044522437723423,3.8725977160848926,0.8280752783614695,0.8280752783614695
4.110873864173311,3.4559036532759038,-0.6549702108974076,0.6549702108974076
3.9318256327243257,3.590459415154842,-0.3413662175694836,0.3413662175694836
3.4339872044851463,4.013471517560932,0.5794843130757856,0.5794843130757856
4.330733340286331,4.223218725450536,-0.10751461483579483,0.10751461483579483
3.044522437723423,3.835771765757122,0.791249328033699,0.791249328033699
3.258096538021482,3.7250004659319043,0.4669039279104221,0.4669039279104221
3.4339872044851463,4.086026295527875,0.6520390910427292,0.6520390910427292
3.713572066704308,3.8917747783114254,0.17820271160711743,0.17820271160711743
3.044522437723423,3.6659959425609663,0.6214735048375433,0.6214735048375433
4.330733340286331,4.5490061018722034,0.2182727615858724,0.2182727615858724
3.951243718581427,4.022528944816671,0.07128522623524347,0.07128522623524347
4.330733340286331,3.588304756718483,-0.7424285835678481,0.7424285835678481
4.2626798770413155,4.14021596012561,-0.1224639169157058,0.1224639169157058
4.110873864173311,3.9508128168958008,-0.16006104727751058,0.16006104727751058
3.9318256327243257,3.9514883607398215,0.019662728015495734,0.019662728015495734
4.2626798770413155,4.086934125201327,-0.17574575183998853,0.17574575183998853
4.454347296253507,4.3110069069755195,-0.14334038927798787,0.14334038927798787
4.394449154672439,4.491529220177987,0.09708006550554771,0.09708006550554771
3.044522437723423,4.046495626639902,1.001973188916479,1.001973188916479
4.204692619390966,4.319590595967851,0.11489797657688516,0.11489797657688516
3.713572066704308,3.845764725067182,0.13219265836287386,0.13219265836287386
3.713572066704308,4.050129971537646,0.33655790483333803,0.33655790483333803
3.4339872044851463,3.926559017013923,0.4925718125287766,0.4925718125287766
4.394449154672439,3.548805521390726,-0.8456436332817132,0.8456436332817132
3.828641396489095,3.7414947704896147,-0.08714662599948042,0.08714662599948042
4.394449154672439,4.191470209198144,-0.20297894547429518,0.20297894547429518
4.2626798770413155,4.182625887259322,-0.08005398978199363,0.08005398978199363
3.258096538021482,3.223241178188828,-0.0348553598326542,0.0348553598326542
3.9318256327243257,4.098091958803551,0.16626632607922565,0.16626632607922565
4.2626798770413155,3.899771086470442,-0.36290879057087366,0.36290879057087366
4.394449154672439,4.067070998737301,-0.3273781559351381,0.3273781559351381
3.9318256327243257,3.806521139169627,-0.12530449355469875,0.12530449355469875
4.454347296253507,4.06898707137596,-0.3853602248775472,0.3853602248775472
3.4339872044851463,3.85566905844602,0.42168185396087354,0.42168185396087354
4.394449154672439,4.3269407601797685,-0.06750839449267065,0.06750839449267065
3.951243718581427,4.189963274251427,0.23871955566999947,0.23871955566999947
3.9318256327243257,4.012845607576176,0.08101997485184986,0.08101997485184986
3.044522437723423,4.024520860220268,0.9799984224968452,0.9799984224968452
4.330733340286331,4.499546094663009,0.16881275437667753,0.16881275437667753
3.4339872044851463,3.9144117569991703,0.48042455251402405,0.48042455251402405
3.258096538021482,3.9530695221083127,0.6949729840868306,0.6949729840868306
3.713572066704308,3.5185550198636624,-0.19501704684064558,0.19501704684064558
4.394449154672439,3.9837830820154636,-0.4106660726569755,0.4106660726569755
3.58351893845611,3.9119880019862956,0.3284690635301857,0.3284690635301857
4.394449154672439,4.140236164210373,-0.254212990462066,0.254212990462066
3.9318256327243257,4.169516756635269,0.23769112391094316,0.23769112391094316
4.394449154672439,4.379806757807405,-0.014642396865034435,0.014642396865034435
4.189654742026425,4.330691354163097,0.14103661213667174,0.14103661213667174
3.4339872044851463,3.931683108695261,0.49769590421011456,0.49769590421011456
4.110873864173311,3.79062753897648,-0.32024632519683127,0.32024632519683127
4.454347296253507,3.9030509621027827,-0.5512963341507247,0.5512963341507247
4.477336814478207,3.5744593982128388,-0.9028774162653681,0.9028774162653681
4.290459441148391,4.122821286737616,-0.167638154410775,0.167638154410775
3.951243718581427,4.0842080380975085,0.13296431951608145,0.13296431951608145
4.110873864173311,3.706674480077088,-0.40419938409622347,0.40419938409622347
3.713572066704308,3.727415571121042,0.01384350441673421,0.01384350441673421
3.951243718581427,4.284736996889944,0.3334932783085165,0.3334932783085165
3.713572066704308,4.220947983792727,0.5073759170884191,0.5073759170884191
3.9318256327243257,3.9113512124006053,-0.020474420323720377,0.020474420323720377
4.02535169073515,3.740759248226919,-0.28459244250823046,0.28459244250823046
4.204692619390966,4.184870845755795,-0.01982177363517046,0.01982177363517046
4.394449154672439,4.307224744406307,-0.08722441026613215,0.08722441026613215
3.9318256327243257,3.7037662098054818,-0.22805942291884396,0.22805942291884396
3.828641396489095,4.028981239980397,0.20033984349130218,0.20033984349130218
4.394449154672439,3.5282452474884534,-0.8662039071839858,0.8662039071839858
4.2626798770413155,3.7107963525711734,-0.5518835244701421,0.5518835244701421
3.9318256327243257,3.7029170629408044,-0.22890856978352137,0.22890856978352137
4.02535169073515,3.7793230439721714,-0.2460286467629782,0.2460286467629782
4.330733340286331,4.259211669062142,-0.07152167122418884,0.07152167122418884
3.258096538021482,3.553285797235141,0.2951892592136587,0.2951892592136587
3.258096538021482,3.982853370144777,0.7247568321232949,0.7247568321232949
3.044522437723423,3.315963264107207,0.2714408263837842,0.2714408263837842
4.51085950651685,4.173998866502183,-0.33686064001466676,0.33686064001466676
4.110873864173311,3.9365734109869015,-0.17430045318640985,0.17430045318640985
3.58351893845611,3.9733156465607133,0.38979670810460343,0.38979670810460343
4.2626798770413155,3.9724439749271454,-0.29023590211417005,0.29023590211417005
4.394449154672439,3.9552164662774643,-0.43923268839497487,0.43923268839497487
3.9318256327243257,3.9068356521808325,-0.024989980543493218,0.024989980543493218
3.5263605246161616,3.936722343672472,0.4103618190563103,0.4103618190563103
4.454347296253507,4.224129050002522,-0.23021824625098564,0.23021824625098564
2.772588722239781,3.3164059606603487,0.5438172384205675,0.5438172384205675
3.4339872044851463,3.9368674579042957,0.5028802534191494,0.5028802534191494
3.5263605246161616,3.7394892981327024,0.2131287735165408,0.2131287735165408
3.951243718581427,4.241663762842437,0.2904200442610101,0.2904200442610101
4.48863636973214,3.9738247154605517,-0.5148116542715879,0.5148116542715879
4.394449154672439,4.129445545053884,-0.26500360961855485,0.26500360961855485
4.110873864173311,3.883485318162937,-0.22738854601037417,0.22738854601037417
4.394449154672439,4.313502964637636,-0.08094619003480297,0.08094619003480297
4.110873864173311,3.843135176643737,-0.2677386875295742,0.2677386875295742
3.58351893845611,3.3748324010557633,-0.2086865374003466,0.2086865374003466
4.394449154672439,3.9956420334652014,-0.3988071212072377,0.3988071212072377
4.290459441148391,4.200971431752478,-0.08948800939591273,0.08948800939591273
3.258096538021482,3.791283628656422,0.5331870906349399,0.5331870906349399
4.394449154672439,4.167105242477975,-0.22734391219446426,0.22734391219446426
4.2626798770413155,4.215136760219097,-0.04754311682221868,0.04754311682221868
3.713572066704308,3.9707543572401045,0.25718229053579655,0.25718229053579655
3.9318256327243257,3.8645189782342984,-0.06730665449002737,0.06730665449002737
3.9318256327243257,3.7440315146584364,-0.1877941180658893,0.1877941180658893
3.951243718581427,4.014748422184678,0.06350470360325122,0.06350470360325122
4.454347296253507,4.270759081469081,-0.1835882147844261,0.1835882147844261
3.713572066704308,3.665227014897058,-0.048345051807249906,0.048345051807249906
3.9318256327243257,3.9400132301154915,0.008187597391165813,0.008187597391165813
4.394449154672439,3.837831832292206,-0.5566173223802333,0.5566173223802333
4.430816798843313,4.325353533344765,-0.10546326549854879,0.10546326549854879
4.330733340286331,4.466966540437379,0.13623320015104756,0.13623320015104756
4.394449154672439,4.25512178475987,-0.13932736991256878,0.13932736991256878
3.9318256327243257,4.167051161394497,0.235225528670171,0.235225528670171
3.951243718581427,4.059242240919884,0.10799852233845719,0.10799852233845719
4.2626798770413155,4.087115905984634,-0.17556397105668164,0.17556397105668164
3.044522437723423,4.044045152661356,0.9995227149379331,0.9995227149379331
4.330733340286331,4.5641386871354905,0.23340534684915948,0.23340534684915948
4.189654742026425,4.042730055383887,-0.14692468664253777,0.14692468664253777
4.330733340286331,4.212062834527846,-0.1186705057584847,0.1186705057584847
3.58351893845611,3.7437131454718635,0.1601942070157536,0.1601942070157536
4.2626798770413155,3.926293074178281,-0.33638680286303435,0.33638680286303435
3.258096538021482,3.462161759779523,0.20406522175804076,0.20406522175804076
4.110873864173311,3.863618471167157,-0.2472553930061543,0.2472553930061543
4.330733340286331,3.992755994708589,-0.33797734557774195,0.33797734557774195
3.044522437723423,4.032289853466311,0.9877674157428884,0.9877674157428884
4.51085950651685,4.411824408673399,-0.09903509784345044,0.09903509784345044
3.9318256327243257,3.9360381976405536,0.004212564916227901,0.004212564916227901
3.9318256327243257,3.812315076361929,-0.1195105563623966,0.1195105563623966
4.394449154672439,4.486381846898311,0.09193269222587208,0.09193269222587208
4.330733340286331,3.839197501958613,-0.4915358383277182,0.4915358383277182
3.713572066704308,3.779578699026402,0.06600663232209403,0.06600663232209403
3.9318256327243257,3.4974820352252762,-0.4343435974990495,0.4343435974990495
4.2626798770413155,3.947646962189542,-0.3150329148517734,0.3150329148517734
3.4339872044851463,3.4547310439422514,0.020743839457105118,0.020743839457105118
3.713572066704308,3.856623030891935,0.1430509641876272,0.1430509641876272
4.330733340286331,3.9346312289958925,-0.3961021112904386,0.3961021112904386
4.330733340286331,4.407308401095175,0.07657506080884424,0.07657506080884424
4.189654742026425,4.030951969276014,-0.15870277275041111,0.15870277275041111
3.9318256327243257,3.8944622662137816,-0.03736336651054417,0.03736336651054417
4.110873864173311,3.6607851012246932,-0.4500887629486181,0.4500887629486181
3.951243718581427,3.4522706632291373,-0.49897305535228975,0.49897305535228975
4.110873864173311,3.93603086695577,-0.17484299721754137,0.17484299721754137
4.394449154672439,4.091514339076043,-0.30293481559639623,0.30293481559639623
4.51085950651685,4.245229106168831,-0.26563040034801855,0.26563040034801855
4.394449154672439,4.123898764297455,-0.27055039037498396,0.27055039037498396
3.9318256327243257,3.7143748308272757,-0.21745080189705002,0.21745080189705002
3.4339872044851463,3.327533585343078,-0.10645361914206841,0.10645361914206841
4.2626798770413155,3.8505273273976433,-0.4121525496436722,0.4121525496436722
3.258096538021482,3.5736026024234873,0.3155060644020051,0.3155060644020051
4.465908118654584,4.205231939036574,-0.2606761796180095,0.2606761796180095
3.4339872044851463,3.578427166048387,0.1444399615632408,0.1444399615632408
4.330733340286331,4.2740643879726,-0.05666895231373115,0.05666895231373115
3.4339872044851463,3.467379988530751,0.03339278404560453,0.03339278404560453
3.9318256327243257,3.9902188955953517,0.058393262871025975,0.058393262871025975
3.044522437723423,3.940698826426628,0.8961763887032048,0.8961763887032048
3.258096538021482,3.3207922220312156,0.06269568400973347,0.06269568400973347
3.044522437723423,4.060177085529999,1.0156546478065756,1.0156546478065756
4.394449154672439,4.34933710119894,-0.045112053473499,0.045112053473499
3.5553480614894135,3.547608749250056,-0.007739312239357421,0.007739312239357421
3.258096538021482,3.8040077869226088,0.5459112489011266,0.5459112489011266
3.9318256327243257,3.7420481734054944,-0.18977745931883128,0.18977745931883128
3.9318256327243257,3.838066588084198,-0.09375904464012752,0.09375904464012752
2.3978952727983707,3.702854458670172,1.3049591858718013,1.3049591858718013
3.951243718581427,4.0821370069874225,0.13089328840599546,0.13089328840599546
4.394449154672439,3.983049295106775,-0.41139985956566427,0.41139985956566427
3.9318256327243257,3.892508799123182,-0.039316833601143575,0.039316833601143575
3.044522437723423,3.2277781460567265,0.1832557083333035,0.1832557083333035
3.9318256327243257,3.978819576857929,0.04699394413360336,0.04699394413360336
4.290459441148391,3.537944680099566,-0.752514761048825,0.752514761048825
4.189654742026425,3.9873045531442877,-0.20235018888213752,0.20235018888213752
4.189654742026425,3.768034947904333,-0.4216197941220923,0.4216197941220923
3.9318256327243257,4.104456704746786,0.17263107202246042,0.17263107202246042
4.330733340286331,3.8478421828675,-0.48289115741883126,0.48289115741883126
3.258096538021482,3.551245495557051,0.293148957535569,0.293148957535569
4.51085950651685,4.163200338592552,-0.34765916792429774,0.34765916792429774
4.394449154672439,4.1170268633217795,-0.27742229135065966,0.27742229135065966
3.9318256327243257,3.8350705412909534,-0.09675509143337235,0.09675509143337235
3.044522437723423,3.8099992075066247,0.7654767697832017,0.7654767697832017
3.258096538021482,3.767174664742438,0.5090781267209556,0.5090781267209556
3.044522437723423,3.888212707953098,0.8436902702296751,0.8436902702296751
3.9318256327243257,3.8376442816690535,-0.09418135105527226,0.09418135105527226
3.044522437723423,3.7837814456988976,0.7392590079754746,0.7392590079754746
3.4339872044851463,3.6713982026394865,0.2374109981543402,0.2374109981543402
3.258096538021482,3.995939421097735,0.7378428830762527,0.7378428830762527
4.394449154672439,3.9144117569991703,-0.4800373976732688,0.4800373976732688
4.356708826689592,4.124346327194926,-0.23236249949466536,0.23236249949466536
3.58351893845611,3.3286143020033023,-0.2549046364528076,0.2549046364528076
3.713572066704308,3.2047558039319184,-0.5088162627723896,0.5088162627723896
3.4339872044851463,3.8153988509457246,0.38141164646057835,0.38141164646057835
3.9318256327243257,4.155475391525226,0.22364975880089988,0.22364975880089988
4.394449154672439,4.017239049122564,-0.37721010554987533,0.37721010554987533
3.5263605246161616,3.7789353313251124,0.2525748067089508,0.2525748067089508
4.110873864173311,4.117870411487143,0.0069965473138315915,0.0069965473138315915
4.110873864173311,3.9530049859376657,-0.15786887823564566,0.15786887823564566
3.9318256327243257,4.012845607576176,0.08101997485184986,0.08101997485184986
3.9318256327243257,3.9374517226759425,0.005626089951616731,0.005626089951616731
3.5263605246161616,3.557440920636008,0.031080396019846468,0.031080396019846468
4.51085950651685,4.088070837900071,-0.42278866861677855,0.42278866861677855
4.442651256490317,4.118138525063585,-0.324512731426732,0.324512731426732
4.394449154672439,3.963219429029079,-0.43122972564336015,0.43122972564336015
3.49650756146648,3.6541692129779095,0.15766165151142975,0.15766165151142975
4.454347296253507,4.391058260086331,-0.06328903616717607,0.06328903616717607
3.044522437723423,3.8304767109804563,0.7859542732570333,0.7859542732570333
4.394449154672439,4.411910667628483,0.017461512956043812,0.017461512956043812
4.394449154672439,3.753612019488945,-0.640837135183494,0.640837135183494
4.30406509320417,4.09602928388027,-0.2080358093239001,0.2080358093239001
4.110873864173311,3.888238847057642,-0.22263501711566924,0.22263501711566924
4.2626798770413155,3.6406315370403264,-0.6220483400009891,0.6220483400009891
4.330733340286331,4.165928689822583,-0.16480465046374793,0.16480465046374793
4.394449154672439,4.20201811418004,-0.19243104049239879,0.19243104049239879
4.394449154672439,4.221337008429686,-0.17311214624275273,0.17311214624275273
4.330733340286331,4.151916076610548,-0.178817263675783,0.178817263675783
3.713572066704308,3.40407200624007,-0.30950006046423795,0.30950006046423795
4.2626798770413155,3.8221584684237815,-0.44052140861753397,0.44052140861753397
3.951243718581427,4.279055852036371,0.32781213345494375,0.32781213345494375
3.951243718581427,4.115215234779797,0.16397151619836947,0.16397151619836947
3.044522437723423,4.052121994360916,1.007599556637493,1.007599556637493
4.454347296253507,4.145579937440587,-0.3087673588129203,0.3087673588129203
3.258096538021482,3.569519449934336,0.311422911912854,0.311422911912854
4.110873864173311,3.8060218213338994,-0.3048520428394119,0.3048520428394119
4.2626798770413155,4.0736377395911765,-0.18904213745013898,0.18904213745013898
4.51085950651685,4.172170497162299,-0.3386890093545505,0.3386890093545505
3.713572066704308,3.3548797726145385,-0.35869229408976944,0.35869229408976944
4.51085950651685,4.286560113788894,-0.22429939272795618,0.22429939272795618
4.454347296253507,3.9051639931816013,-0.549183303071906,0.549183303071906
3.9318256327243257,3.960771531823146,0.02894589909882006,0.02894589909882006
4.499809670330265,4.150056977383219,-0.34975269294704603,0.34975269294704603
3.4339872044851463,3.5306831182677616,0.09669591378261533,0.09669591378261533
3.9318256327243257,3.6873138159094214,-0.2445118168149043,0.2445118168149043
4.110873864173311,3.489879950919823,-0.6209939132534883,0.6209939132534883
4.394449154672439,4.461530977867268,0.0670818231948287,0.0670818231948287
3.9318256327243257,3.953504674736382,0.021679042012056282,0.021679042012056282
3.044522437723423,3.5407721482239705,0.49624971050054745,0.49624971050054745
3.9318256327243257,4.096252305292589,0.1644266725682635,0.1644266725682635
3.9318256327243257,3.3215920865056416,-0.6102335462186841,0.6102335462186841
3.713572066704308,3.943546953011639,0.22997488630733098,0.22997488630733098
3.9318256327243257,4.123220204755186,0.1913945720308603,0.1913945720308603
3.4339872044851463,3.835118997888039,0.4011317934028926,0.4011317934028926
4.2626798770413155,3.9771050286772525,-0.285574848364063,0.285574848364063
3.9318256327243257,3.7277956799830334,-0.20402995274129232,0.20402995274129232
3.044522437723423,3.565651878744198,0.5211294410207752,0.5211294410207752
3.9318256327243257,4.001829315904186,0.0700036831798605,0.0700036831798605
3.951243718581427,4.133636763415439,0.1823930448340123,0.1823930448340123
4.330733340286331,4.01558868910841,-0.31514465117792145,0.31514465117792145
3.9318256327243257,3.7666143018019267,-0.16521133092239904,0.16521133092239904
4.2626798770413155,3.911660129201584,-0.35101974783973144,0.35101974783973144
4.110873864173311,4.093254661137192,-0.017619203036119302,0.017619203036119302
3.713572066704308,3.861186517883385,0.14761445117907712,0.14761445117907712
3.044522437723423,3.7258099362486896,0.6812874985252666,0.6812874985252666
4.394449154672439,3.8802108662520727,-0.5142382884203665,0.5142382884203665
3.951243718581427,4.178906357013474,0.22766263843204726,0.22766263843204726
4.2626798770413155,4.056770947998247,-0.20590892904306823,0.20590892904306823
3.044522437723423,3.8272495092770282,0.7827270715536052,0.7827270715536052
2.772588722239781,3.7812837300895206,1.0086950078497394,1.0086950078497394
3.044522437723423,3.879933615510729,0.8354111777873059,0.8354111777873059
4.394449154672439,4.086210352325157,-0.3082388023472822,0.3082388023472822
4.51085950651685,4.32209903553629,-0.1887604709805597,0.1887604709805597
4.2626798770413155,3.687400861849678,-0.5752790151916374,0.5752790151916374
4.418840607796598,4.062562869204202,-0.35627773859239653,0.35627773859239653
4.51085950651685,4.608133125120288,0.0972736186034382,0.0972736186034382
4.51085950651685,3.395274267525663,-1.1155852389911867,1.1155852389911867
4.394449154672439,3.8237565840442636,-0.5706925706281756,0.5706925706281756
4.454347296253507,4.052007922167967,-0.40233937408554077,0.40233937408554077
3.9318256327243257,4.13721310925282,0.20538747652849443,0.20538747652849443
4.51085950651685,4.123917442930356,-0.38694206358649375,0.38694206358649375
4.553876891600541,4.073499029523127,-0.48037786207741373,0.48037786207741373
3.713572066704308,3.7776079477332143,0.06403588102890634,0.06403588102890634
4.394449154672439,4.004498707197771,-0.3899504474746678,0.3899504474746678
3.9318256327243257,3.872387109376347,-0.05943852334797883,0.05943852334797883
3.5263605246161616,3.546717397881067,0.020356873264905317,0.020356873264905317
4.394449154672439,4.057185272669158,-0.33726388200328117,0.33726388200328117
4.394449154672439,4.05314572255132,-0.34130343212111924,0.34130343212111924
3.9318256327243257,3.95032944373041,0.018503811006084447,0.018503811006084447
3.044522437723423,3.553784654762109,0.5092622170386858,0.5092622170386858
3.044522437723423,3.537019439420246,0.49249700169682287,0.49249700169682287
3.8918202981106265,3.8195994958603157,-0.0722208022503108,0.0722208022503108
3.4339872044851463,3.6935072854033333,0.259520080918187,0.259520080918187
3.713572066704308,4.150773727020632,0.43720166031632424,0.43720166031632424
3.9318256327243257,3.837831832292206,-0.09399380043211991,0.09399380043211991
3.9318256327243257,3.8111174358631006,-0.12070819686122514,0.12070819686122514
4.394449154672439,4.2559994631640965,-0.13844969150834263,0.13844969150834263
3.258096538021482,3.900998412189229,0.6429018741677468,0.6429018741677468
4.23410650459726,4.076363931180956,-0.1577425734163036,0.1577425734163036
4.2626798770413155,4.1793638247225315,-0.08331605231878392,0.08331605231878392
4.110873864173311,4.116537315330707,0.005663451157396082,0.005663451157396082
3.713572066704308,3.899239938211429,0.18566787150712116,0.18566787150712116
2.3978952727983707,4.062060213716129,1.6641649409177584,1.6641649409177584
4.2626798770413155,3.8919057736073066,-0.37077410343400885,0.37077410343400885
3.044522437723423,3.580990611299673,0.53646817357625,0.53646817357625
4.189654742026425,4.115535713960275,-0.0741190280661499,0.0741190280661499
4.189654742026425,4.104155147886353,-0.0854995941400718,0.0854995941400718
4.394449154672439,4.155145599162716,-0.23930355550972315,0.23930355550972315
3.332204510175204,3.77973997953387,0.4475354693586664,0.4475354693586664
4.110873864173311,4.147824435624476,0.03695057145116465,0.03695057145116465
4.394449154672439,4.038059675684848,-0.356389478987591,0.356389478987591
4.330733340286331,3.9837167944233647,-0.3470165458629664,0.3470165458629664
3.091042453358316,3.449904476511883,0.35886202315356686,0.35886202315356686
4.532599493153256,4.329366714169765,-0.2032327789834909,0.2032327789834909
4.51085950651685,4.1134582797484205,-0.39740122676842926,0.39740122676842926
4.110873864173311,3.508057836329323,-0.6028160278439882,0.6028160278439882
3.9318256327243257,3.8062297177371343,-0.12559591498719147,0.12559591498719147
3.9318256327243257,3.698911037234976,-0.2329145954893499,0.2329145954893499
4.219507705176107,4.074883659693995,-0.14462404548211172,0.14462404548211172
3.044522437723423,3.1068780381941767,0.062355600470753725,0.062355600470753725
4.454347296253507,4.297981508041472,-0.15636578821203528,0.15636578821203528
3.9318256327243257,3.9461493463271538,0.014323713602828025,0.014323713602828025
2.3978952727983707,3.5061576102334198,1.108262337435049,1.108262337435049
3.9318256327243257,4.015872412463838,0.08404677973951236,0.08404677973951236
3.4339872044851463,3.3478103303295708,-0.08617687415557551,0.08617687415557551
3.4339872044851463,3.452226416102871,0.01823921161772457,0.01823921161772457
3.9318256327243257,4.115567808680623,0.1837421759562976,0.1837421759562976
3.9318256327243257,3.6433287882805927,-0.288496844443733,0.288496844443733
3.951243718581427,4.129060606050226,0.17781688746879887,0.17781688746879887
3.9318256327243257,3.9951039477400703,0.06327831501574455,0.06327831501574455
3.4339872044851463,3.747689370562012,0.31370216607686574,0.31370216607686574
3.9318256327243257,3.9610050227721247,0.029179390047799014,0.029179390047799014
3.044522437723423,4.171816048060751,1.1272936103373277,1.1272936103373277
3.258096538021482,3.488727577470306,0.23063103944882402,0.23063103944882402
3.9318256327243257,3.935976433269043,0.004150800544717281,0.004150800544717281
3.9318256327243257,3.786214425145521,-0.14561120757880452,0.14561120757880452
4.330733340286331,3.8216646274204704,-0.5090687128658606,0.5090687128658606
3.951243718581427,4.0842080380975085,0.13296431951608145,0.13296431951608145
4.477336814478207,4.217238591247392,-0.26009822323081444,0.26009822323081444
3.951243718581427,4.1058192990307845,0.15457558044935737,0.15457558044935737
3.951243718581427,4.118186750342136,0.16694303176070857,0.16694303176070857
3.258096538021482,2.920650283269069,-0.3374462547524133,0.3374462547524133
3.9318256327243257,3.9142550611735816,-0.017570571550744152,0.017570571550744152
3.58351893845611,4.161331745222211,0.5778128067661008,0.5778128067661008
3.4339872044851463,3.6812802743648865,0.2472930698797402,0.2472930698797402
4.330733340286331,3.9940797194389734,-0.3366536208473576,0.3366536208473576
2.3978952727983707,3.5821188888023947,1.184223616004024,1.184223616004024
4.2626798770413155,4.206942266493121,-0.055737610548194816,0.055737610548194816
4.454347296253507,4.060985659387164,-0.3933616368663433,0.3933616368663433
4.454347296253507,4.1320857585249735,-0.32226153772853383,0.32226153772853383
3.9318256327243257,4.041013154872404,0.10918752214807848,0.10918752214807848
3.4339872044851463,3.915641380075308,0.48165417559016177,0.48165417559016177
3.713572066704308,3.9209173942879563,0.20734532758364832,0.20734532758364832
3.258096538021482,3.895151247946392,0.63705470992491,0.63705470992491
3.9318256327243257,3.9270428381880556,-0.004782794536270174,0.004782794536270174
4.2626798770413155,4.06916571881847,-0.1935141582228459,0.1935141582228459
3.258096538021482,3.366082767850079,0.10798622982859696,0.10798622982859696
3.8501476017100584,3.5867414845368586,-0.26340611717319984,0.26340611717319984
4.48863636973214,4.102942644411078,-0.3856937253210617,0.3856937253210617
3.258096538021482,3.2144216942533195,-0.04367484376816266,0.04367484376816266
4.394449154672439,4.146218710416499,-0.24823044425593999,0.24823044425593999
4.110873864173311,3.9180693957322115,-0.19280446844109989,0.19280446844109989
3.044522437723423,3.370172080234622,0.32564964251119877,0.32564964251119877
4.110873864173311,3.9901078119905518,-0.1207660521827596,0.1207660521827596
4.454347296253507,4.003519767484094,-0.45082752876941345,0.45082752876941345
3.4339872044851463,3.668268753687513,0.23428154920236688,0.23428154920236688
3.9318256327243257,3.841628379874142,-0.09019725285018376,0.09019725285018376
4.330733340286331,4.100104826522041,-0.23062851376429006,0.23062851376429006
4.394449154672439,4.236048341791983,-0.1584008128804557,0.1584008128804557
4.51085950651685,4.312948665989111,-0.19791084052773833,0.19791084052773833
4.394449154672439,3.8680741971701718,-0.5263749575022674,0.5263749575022674
3.5263605246161616,3.6699863776851345,0.1436258530689729,0.1436258530689729
3.713572066704308,3.3482988746911886,-0.36527319201311936,0.36527319201311936
4.189654742026425,4.063098976032865,-0.1265557659935599,0.1265557659935599
4.394449154672439,4.205829582929346,-0.18861957174309296,0.18861957174309296
4.356708826689592,4.2925958174005725,-0.0641130092890192,0.0641130092890192
3.9318256327243257,3.9747490900021614,0.04292345727783564,0.04292345727783564
4.51085950651685,4.255919650293625,-0.254939856223225,0.254939856223225
4.2626798770413155,4.032728106823425,-0.22995177021789015,0.22995177021789015
4.2626798770413155,4.522072714340725,0.25939283729940943,0.25939283729940943
4.189654742026425,4.21342830490064,0.02377356287421506,0.02377356287421506
4.454347296253507,4.462305151194508,0.007957854941000875,0.007957854941000875
3.9318256327243257,3.720630626664237,-0.2111950060600889,0.2111950060600889
4.51085950651685,4.225819040768698,-0.28504046574815156,0.28504046574815156
3.044522437723423,3.1685155532400735,0.12399311551665049,0.12399311551665049
3.258096538021482,3.899851661912192,0.64175512389071,0.64175512389071
4.2626798770413155,4.152342112000434,-0.11033776504088166,0.11033776504088166
4.2626798770413155,3.9561281188178907,-0.30655175822342473,0.30655175822342473
4.189654742026425,4.037105378887742,-0.15254936313868317,0.15254936313868317
4.454347296253507,4.097498706919255,-0.3568485893342519,0.3568485893342519
3.4339872044851463,3.664304752382896,0.23031754789774972,0.23031754789774972
4.219507705176107,4.142284521252559,-0.07722318392354754,0.07722318392354754
4.204692619390966,4.228469632322809,0.02377701293184309,0.02377701293184309
3.4339872044851463,3.539159630367827,0.10517242588268072,0.10517242588268072
4.51085950651685,4.256288370145258,-0.2545711363715917,0.2545711363715917
3.828641396489095,3.7615418982345328,-0.0670994982545623,0.0670994982545623
3.9318256327243257,4.016274633890569,0.08444900116624288,0.08444900116624288
3.9318256327243257,3.6534017038246676,-0.27842392889965817,0.27842392889965817
3.044522437723423,3.3577837221212525,0.3132612843978295,0.3132612843978295
3.951243718581427,4.020592164855135,0.06934844627370751,0.06934844627370751
3.9318256327243257,4.000475267876915,0.06864963515258937,0.06864963515258937
3.58351893845611,3.7136782583387413,0.1301593198826314,0.1301593198826314
4.2626798770413155,3.9890004690249397,-0.2736794080163758,0.2736794080163758
4.454347296253507,4.127187417858946,-0.3271598783945615,0.3271598783945615
4.330733340286331,3.9640810466689094,-0.3666522936174217,0.3666522936174217
3.713572066704308,3.2832268978308323,-0.4303451688734756,0.4303451688734756
3.9318256327243257,3.847654115080502,-0.0841715176438238,0.0841715176438238
3.4339872044851463,3.4668983898097996,0.032911185324653314,0.032911185324653314
4.5217885770490405,4.056329058771718,-0.46545951827732246,0.46545951827732246
3.951243718581427,4.1746812904912804,0.22343757190985336,0.22343757190985336
4.394449154672439,4.394820223093692,0.0003710684212530069,0.0003710684212530069
3.9318256327243257,4.466910700764411,0.5350850680400856,0.5350850680400856
4.189654742026425,3.8593964935982914,-0.3302582484281338,0.3302582484281338
4.189654742026425,4.038618552739772,-0.1510361892866534,0.1510361892866534
3.044522437723423,3.19304619551005,0.1485237577866272,0.1485237577866272
4.2626798770413155,4.170741045747203,-0.09193883129411251,0.09193883129411251
4.330733340286331,4.219212759613074,-0.11152058067325665,0.11152058067325665
3.044522437723423,3.6071104974803747,0.5625880597569517,0.5625880597569517
2.772588722239781,3.3554786195810147,0.5828898973412335,0.5828898973412335
3.9318256327243257,4.178706111167968,0.24688047844364247,0.24688047844364247
4.110873864173311,3.787600450400176,-0.32327341377313523,0.32327341377313523
3.9318256327243257,3.751091424270939,-0.18073420845338672,0.18073420845338672
4.110873864173311,3.8713183928988126,-0.23955547127449872,0.23955547127449872
3.4339872044851463,3.7738993265135745,0.33991212202842824,0.33991212202842824
4.110873864173311,4.627426413147953,0.5165525489746416,0.5165525489746416
4.394449154672439,3.7447323776024732,-0.6497167770699659,0.6497167770699659
4.110873864173311,4.1532002816947005,0.042326417521389104,0.042326417521389104
3.9318256327243257,4.025721353328387,0.09389572060406115,0.09389572060406115
4.110873864173311,4.017126812153009,-0.09374705202030231,0.09374705202030231
3.9318256327243257,3.8689898303814543,-0.06283580234287145,0.06283580234287145
4.2626798770413155,4.243306331274207,-0.019373545767108702,0.019373545767108702
3.713572066704308,3.732864279469173,0.019292212764864924,0.019292212764864924
3.9318256327243257,3.6405259764397027,-0.29129965628462307,0.29129965628462307
3.044522437723423,3.4011360028455817,0.3566135651221587,0.3566135651221587
3.9318256327243257,3.7185117717800296,-0.21331386094429616,0.21331386094429616
4.394449154672439,4.065428113943518,-0.3290210407289207,0.3290210407289207
2.3978952727983707,3.063542132080861,0.6656468592824902,0.6656468592824902
4.51085950651685,3.967439302781177,-0.5434202037356726,0.5434202037356726
3.58351893845611,3.500465394845158,-0.08305354361095185,0.08305354361095185
3.044522437723423,3.9933220856965796,0.9487996479731566,0.9487996479731566
4.2626798770413155,4.106576348795432,-0.15610352824588336,0.15610352824588336
4.394449154672439,4.105736957162411,-0.2887121975100282,0.2887121975100282
4.430816798843313,3.9817898776012695,-0.4490269212420439,0.4490269212420439
3.9318256327243257,3.838857470205096,-0.09296816251922957,0.09296816251922957
4.394449154672439,4.144913877022221,-0.2495352776502182,0.2495352776502182
4.189654742026425,3.8736344347260347,-0.31602030730039044,0.31602030730039044
4.248495242049359,4.066972076759508,-0.18152316528985146,0.18152316528985146
3.784189633918261,3.332802280346366,-0.45138735357189486,0.45138735357189486
3.044522437723423,3.6540254318745085,0.6095029941510854,0.6095029941510854
3.9318256327243257,3.6210252486599246,-0.31080038406440114,0.31080038406440114
4.394449154672439,4.014197076388746,-0.3802520782836929,0.3802520782836929
3.044522437723423,3.84172213254651,0.7971996948230871,0.7971996948230871
4.02535169073515,3.921136860565907,-0.10421483016924249,0.10421483016924249
4.248495242049359,3.909188159357342,-0.3393070826920175,0.3393070826920175
3.58351893845611,3.3475740319959315,-0.2359449064601784,0.2359449064601784
4.330733340286331,4.435085327747826,0.1043519874614951,0.1043519874614951
2.772588722239781,3.34645916606331,0.5738704438235289,0.5738704438235289
3.713572066704308,3.99128524489808,0.27771317819377206,0.27771317819377206
4.394449154672439,4.256893377576665,-0.13755577709577427,0.13755577709577427
3.9318256327243257,3.9771527741187853,0.04532714139445959,0.04532714139445959
3.951243718581427,4.327198167202945,0.37595444862151783,0.37595444862151783
3.4339872044851463,4.098801039481349,0.6648138349962025,0.6648138349962025
4.110873864173311,3.931159965131916,-0.17971389904139556,0.17971389904139556
3.9318256327243257,4.306217339053744,0.37439170632941865,0.37439170632941865
4.2626798770413155,4.010533853255325,-0.2521460237859907,0.2521460237859907
4.394449154672439,4.457947369815676,0.06349821514323661,0.06349821514323661
4.110873864173311,3.929669500881227,-0.18120436329208456,0.18120436329208456
3.713572066704308,4.000973714993029,0.2874016482887214,0.2874016482887214
4.290459441148391,4.214839241092407,-0.07562020005598402,0.07562020005598402
4.499809670330265,4.085490785768776,-0.4143188845614887,0.4143188845614887
3.367295829986474,3.604556958330195,0.2372611283437207,0.2372611283437207
3.9318256327243257,2.957609756111964,-0.9742158766123619,0.9742158766123619
3.951243718581427,4.2868044479022585,0.33556072932083136,0.33556072932083136
3.9318256327243257,3.9427497928289927,0.010924160104667013,0.010924160104667013
3.713572066704308,4.117044261857557,0.40347219515324895,0.40347219515324895
4.394449154672439,4.323217466123095,-0.07123168854934381,0.07123168854934381
3.4339872044851463,3.573237915894423,0.13925071140927692,0.13925071140927692
3.713572066704308,3.9022104682545926,0.18863840155028466,0.18863840155028466
3.9318256327243257,4.024399619551857,0.09257398682753104,0.09257398682753104
4.110873864173311,3.674787142954393,-0.43608672121891834,0.43608672121891834
4.394449154672439,4.1636891100177245,-0.23076004465471467,0.23076004465471467
3.58351893845611,3.3842896808372043,-0.19922925761890564,0.19922925761890564
3.951243718581427,4.2949644734475445,0.3437207548661174,0.3437207548661174
4.330733340286331,4.46274626847991,0.13201292819357935,0.13201292819357935
3.9318256327243257,3.955590436284031,0.02376480355970534,0.02376480355970534
3.4339872044851463,3.6276201561551606,0.19363295167001437,0.19363295167001437
4.110873864173311,3.974837204617642,-0.13603665955566946,0.13603665955566946
4.51085950651685,4.36761062598561,-0.14324888053123974,0.14324888053123974
3.9318256327243257,3.903613088029304,-0.02821254469502188,0.02821254469502188
3.258096538021482,3.6400341973677675,0.3819376593462853,0.3819376593462853
3.9318256327243257,3.668268753687513,-0.2635568790368126,0.2635568790368126
3.828641396489095,4.13232921770473,0.3036878212156351,0.3036878212156351
3.044522437723423,4.172770809715028,1.1282483719916052,1.1282483719916052
4.454347296253507,4.311898361374151,-0.14244893487935606,0.14244893487935606
4.23410650459726,4.0771422587169805,-0.15696424588027913,0.15696424588027913
4.330733340286331,3.8627701740149263,-0.4679631662714048,0.4679631662714048
3.9318256327243257,3.4103778867085515,-0.5214477460157743,0.5214477460157743
4.330733340286331,3.9772618680332696,-0.3534714722530614,0.3534714722530614
4.394449154672439,4.176983243301162,-0.2174659113712769,0.2174659113712769
3.970291913552122,3.6879137235436494,-0.28237819000847253,0.28237819000847253
4.564348191467836,4.072739297239127,-0.4916088942287091,0.4916088942287091
4.110873864173311,4.0970430510163744,-0.013830813156936905,0.013830813156936905
3.9318256327243257,3.7420903214267005,-0.18973531129762522,0.18973531129762522
4.454347296253507,4.24571455739295,-0.20863273886055733,0.20863273886055733
3.784189633918261,3.294130454792816,-0.49005917912544517,0.49005917912544517
3.713572066704308,4.063034928915588,0.3494628622112801,0.3494628622112801
4.51085950651685,4.356798450308497,-0.1540610562083531,0.1540610562083531
3.9318256327243257,4.006784260000771,0.07495862727644509,0.07495862727644509
4.110873864173311,3.9396637471397367,-0.1712101170335747,0.1712101170335747
4.330733340286331,4.330889147371767,0.00015580708543616595,0.00015580708543616595
4.51085950651685,4.166319268867081,-0.3445402376497686,0.3445402376497686
3.4339872044851463,3.4668983898097996,0.032911185324653314,0.032911185324653314
2.3978952727983707,3.8649889945751785,1.4670937217768079,1.4670937217768079
4.394449154672439,4.149992838466538,-0.24445631620590103,0.24445631620590103
3.9318256327243257,3.5593299936165383,-0.3724956391077874,0.3724956391077874
3.4339872044851463,4.106594659666428,0.6726074551812813,0.6726074551812813
4.290459441148391,4.016245724341295,-0.27421371680709594,0.27421371680709594
3.258096538021482,3.954206021495732,0.6961094834742498,0.6961094834742498
3.9318256327243257,3.900998412189229,-0.03082722053509679,0.03082722053509679
3.9318256327243257,4.196960825537257,0.2651351928129313,0.2651351928129313
3.4339872044851463,3.503377971179644,0.06939076669449751,0.06939076669449751
3.58351893845611,3.6303447099892283,0.0468257715331184,0.0468257715331184
3.9318256327243257,3.897338156512063,-0.03448747621226289,0.03448747621226289
3.951243718581427,4.120208170803991,0.16896445222256418,0.16896445222256418
3.9318256327243257,3.551505376514015,-0.3803202562103105,0.3803202562103105
3.9318256327243257,3.7735263544549866,-0.1582992782693391,0.1582992782693391
4.2626798770413155,3.810953621019546,-0.4517262560217694,0.4517262560217694
4.2626798770413155,4.192747741782125,-0.06993213525919018,0.06993213525919018
3.9318256327243257,3.5400283429881343,-0.39179728973619143,0.39179728973619143
4.48863636973214,4.190620797152886,-0.2980155725792537,0.2980155725792537
4.110873864173311,3.880402546352215,-0.2304713178210962,0.2304713178210962
3.9318256327243257,4.007447540911613,0.07562190818728753,0.07562190818728753
3.9318256327243257,3.872001199533382,-0.05982443319094388,0.05982443319094388
4.499809670330265,4.1027380794254995,-0.3970715909047655,0.3970715909047655
3.4339872044851463,3.875982618290668,0.44199541380552176,0.44199541380552176
4.110873864173311,3.3942658415105673,-0.716608022662744,0.716608022662744
3.58351893845611,3.9895807591081196,0.4060618206520097,0.4060618206520097
3.713572066704308,3.626031590733055,-0.0875404759712528,0.0875404759712528
2.3978952727983707,3.7498913504695324,1.3519960776711617,1.3519960776711617
3.5263605246161616,4.004498573971359,0.47813804935519766,0.47813804935519766
3.713572066704308,4.137787823529184,0.4242157568248759,0.4242157568248759
4.330733340286331,3.9468035456318273,-0.3839297946545037,0.3839297946545037
4.394449154672439,4.135336847778134,-0.25911230689430553,0.25911230689430553
3.737669618283368,3.6333019533580946,-0.10436766492527338,0.10436766492527338
3.713572066704308,3.741425549205765,0.027853482501456917,0.027853482501456917
4.454347296253507,4.162451373443458,-0.29189592281004906,0.29189592281004906
3.258096538021482,3.5704566828517743,0.3123601448302922,0.3123601448302922
2.772588722239781,3.2643326769390706,0.49174395469928944,0.49174395469928944
4.2626798770413155,4.183002912235082,-0.07967696480623321,0.07967696480623321
4.330733340286331,3.977871883672572,-0.3528614566137591,0.3528614566137591
3.9318256327243257,3.6001501539748024,-0.3316754787495233,0.3316754787495233
3.951243718581427,4.022528944816671,0.07128522623524347,0.07128522623524347
3.9318256327243257,4.301491564658279,0.36966593193395303,0.36966593193395303
4.51085950651685,4.277153414903535,-0.2337060916133149,0.2337060916133149
3.258096538021482,3.438754152290832,0.18065761426934968,0.18065761426934968
4.51085950651685,4.162635609229594,-0.348223897287256,0.348223897287256
3.7612001156935624,3.8004929691394045,0.0392928534458421,0.0392928534458421
4.219507705176107,3.2743795299212737,-0.9451281752548333,0.9451281752548333
4.394449154672439,4.378288388052881,-0.01616076661955823,0.01616076661955823
3.951243718581427,4.022528944816671,0.07128522623524347,0.07128522623524347
4.330733340286331,4.074112580439457,-0.25662075984687416,0.25662075984687416
3.4339872044851463,3.8649067794922214,0.4309195750070751,0.4309195750070751
3.610917912644224,3.7202723516149674,0.10935443897074348,0.10935443897074348
4.110873864173311,3.8284320433182994,-0.2824418208550119,0.2824418208550119
3.4339872044851463,3.997837861618521,0.5638506571333748,0.5638506571333748
3.4339872044851463,3.8044189565033504,0.3704317520182041,0.3704317520182041
4.394449154672439,4.0057897772606434,-0.3886593774117957,0.3886593774117957
3.044522437723423,4.046495626639902,1.001973188916479,1.001973188916479
3.58351893845611,3.7481501041038086,0.16463116564769864,0.16463116564769864
4.330733340286331,4.284948332833703,-0.04578500745262826,0.04578500745262826
3.9318256327243257,3.766792537525494,-0.1650330951988317,0.1650330951988317
3.4339872044851463,3.9903875318304016,0.5564003273452554,0.5564003273452554
4.330733340286331,4.065357093253026,-0.26537624703330476,0.26537624703330476
4.189654742026425,4.082215395366778,-0.10743934665964705,0.10743934665964705
3.9318256327243257,3.929349627542159,-0.0024760051821668405,0.0024760051821668405
3.58351893845611,3.4362271227829058,-0.14729181567320415,0.14729181567320415
3.4339872044851463,4.145375425243109,0.7113882207579625,0.7113882207579625
3.044522437723423,3.3434776813502785,0.29895524362685544,0.29895524362685544
4.219507705176107,4.272873892037312,0.0533661868612052,0.0533661868612052
3.713572066704308,3.794570913648288,0.08099884694397996,0.08099884694397996
4.394449154672439,4.071423323511106,-0.323025831161333,0.323025831161333
4.02535169073515,4.080997009678399,0.055645318943249755,0.055645318943249755
4.454347296253507,4.246860512118501,-0.2074867841350061,0.2074867841350061
4.454347296253507,4.025358909386202,-0.42898838686730567,0.42898838686730567
3.58351893845611,3.6608547414263657,0.07733580297025577,0.07733580297025577
4.02535169073515,3.804654126736011,-0.22069756399913842,0.22069756399913842
4.51085950651685,4.082497459714786,-0.42836204680206347,0.42836204680206347
3.4339872044851463,3.639484938829887,0.20549773434474083,0.20549773434474083
4.356708826689592,4.034051675320913,-0.3226571513686789,0.3226571513686789
4.51085950651685,4.185458382898534,-0.32540112361831586,0.32540112361831586
3.9318256327243257,3.756665415001378,-0.17516021772294765,0.17516021772294765
3.951243718581427,4.116349253122236,0.16510553454080856,0.16510553454080856
3.80666248977032,3.865000494409595,0.05833800463927474,0.05833800463927474
3.9318256327243257,3.6955367650475637,-0.23628886767676205,0.23628886767676205
3.258096538021482,4.110106947836475,0.852010409814993,0.852010409814993
4.127134385045092,4.002334329782222,-0.12480005526286941,0.12480005526286941
4.189654742026425,4.066198949699032,-0.1234557923273929,0.1234557923273929
3.713572066704308,4.1281335662924095,0.4145614995881015,0.4145614995881015
3.9318256327243257,4.098186126916947,0.16636049419262156,0.16636049419262156
3.828641396489095,3.8932468296806264,0.06460543319153134,0.06460543319153134
4.477336814478207,4.209754727399087,-0.2675820870791199,0.2675820870791199
3.4339872044851463,3.7969756380354047,0.36298843355025845,0.36298843355025845
4.330733340286331,4.196175424952016,-0.13455791533431505,0.13455791533431505
3.258096538021482,3.639388472908145,0.3812919348866628,0.3812919348866628
3.9318256327243257,3.8145198873105297,-0.11730574541379601,0.11730574541379601
4.394449154672439,4.154162100007084,-0.24028705466535527,0.24028705466535527
3.713572066704308,3.8165953621270896,0.10302329542278166,0.10302329542278166
4.189654742026425,4.225648414381618,0.03599367235519324,0.03599367235519324
3.713572066704308,3.792465463315233,0.07889339661092487,0.07889339661092487
4.189654742026425,4.018927983669575,-0.17072675835685036,0.17072675835685036
4.2626798770413155,3.8586055633621816,-0.4040743136791338,0.4040743136791338
4.2626798770413155,3.6951653556682817,-0.5675145213730337,0.5675145213730337
3.258096538021482,3.6317560638177495,0.3736595257962674,0.3736595257962674
3.9318256327243257,3.724668965205442,-0.20715666751888362,0.20715666751888362
4.290459441148391,4.122935320239189,-0.167524120909202,0.167524120909202
3.58351893845611,4.051345622859199,0.4678266844030894,0.4678266844030894
4.394449154672439,4.257635860118676,-0.1368132945537628,0.1368132945537628
4.219507705176107,3.874010953807529,-0.3454967513685778,0.3454967513685778
3.4339872044851463,3.4803176308795667,0.04633042639442042,0.04633042639442042
4.418840607796598,4.0619531361108505,-0.35688747168574775,0.35688747168574775
4.532599493153256,4.402555350828293,-0.1300441423249632,0.1300441423249632
3.951243718581427,4.187687420059571,0.23644370147814353,0.23644370147814353
3.258096538021482,3.7250004659319043,0.4669039279104221,0.4669039279104221
3.4339872044851463,3.7728717436461086,0.3388845391609623,0.3388845391609623
4.2626798770413155,3.978965061058724,-0.2837148159825915,0.2837148159825915
4.394449154672439,4.05966332445477,-0.33478583021766894,0.33478583021766894
4.394449154672439,3.9799173242058483,-0.4145318304665908,0.4145318304665908
4.2626798770413155,4.143887696027378,-0.11879218101393718,0.11879218101393718
4.51085950651685,4.29572132487486,-0.21513818164198995,0.21513818164198995
3.58351893845611,3.798522236369117,0.21500329791300699,0.21500329791300699
4.430816798843313,4.186395356802618,-0.2444214420406956,0.2444214420406956
4.51085950651685,4.277970069651052,-0.23288943686579788,0.23288943686579788
4.465908118654584,4.169122114061417,-0.29678600459316673,0.29678600459316673
3.951243718581427,4.185284550693867,0.23404083211243965,0.23404083211243965
4.02535169073515,3.897489210272751,-0.12786248046239868,0.12786248046239868
4.499809670330265,4.495846270172194,-0.00396340015807084,0.00396340015807084
4.2626798770413155,3.9247762755257316,-0.33790360151558385,0.33790360151558385
3.044522437723423,3.940920916737319,0.8963984790138961,0.8963984790138961
3.9318256327243257,3.809419139094072,-0.1224064936302538,0.1224064936302538
4.189654742026425,3.8639000066251428,-0.3257547354012824,0.3257547354012824
4.330733340286331,4.1830664356309235,-0.14766690465540755,0.14766690465540755
4.2626798770413155,3.8014926810917777,-0.4611871959495377,0.4611871959495377
4.51085950651685,4.492809071072104,-0.018050435444745716,0.018050435444745716
3.58351893845611,3.850006221563314,0.26648728310720404,0.26648728310720404
3.951243718581427,4.105855668265125,0.15461194968369796,0.15461194968369796
3.9318256327243257,3.754411941528221,-0.17741369119610484,0.17741369119610484
3.713572066704308,4.213237833974367,0.4996657672700593,0.4996657672700593
4.51085950651685,3.995147288292394,-0.5157122182244556,0.5157122182244556
3.258096538021482,3.6201126891635163,0.3620161511420341,0.3620161511420341
4.290459441148391,4.133015388329614,-0.15744405281877683,0.15744405281877683
4.430816798843313,3.951001135892688,-0.4798156629506254,0.4798156629506254
3.713572066704308,3.3790461665973766,-0.3345259001069314,0.3345259001069314
4.454347296253507,4.043250936560993,-0.41109635969251457,0.41109635969251457
3.9318256327243257,3.5615366266388326,-0.3702890060854931,0.3702890060854931
4.2626798770413155,4.123140086268707,-0.13953979077260836,0.13953979077260836
3.4339872044851463,4.041647771884776,0.6076605673996296,0.6076605673996296
3.9318256327243257,3.50887389403551,-0.42295173868881575,0.42295173868881575
3.9318256327243257,4.309630595100288,0.37780496237596184,0.37780496237596184
3.58351893845611,2.956075185715604,-0.6274437527405059,0.6274437527405059
4.394449154672439,3.916709741035864,-0.47773941363657535,0.47773941363657535
3.951243718581427,4.239299697855069,0.2880559792736417,0.2880559792736417
4.394449154672439,4.14072002709584,-0.25372912757659893,0.25372912757659893
2.3978952727983707,4.016183937315441,1.6182886645170704,1.6182886645170704
4.2626798770413155,4.0966915566343065,-0.16598832040700895,0.16598832040700895
3.9318256327243257,3.963903508034994,0.03207787531066808,0.03207787531066808
4.189654742026425,4.107165271533271,-0.08248947049315447,0.08248947049315447
3.044522437723423,4.134167371621781,1.089644933898358,1.089644933898358
4.51085950651685,4.122287668033671,-0.38857183848317867,0.38857183848317867
4.110873864173311,4.04074606712706,-0.0701277970462515,0.0701277970462515
4.465908118654584,4.129947760703817,-0.33596035795076684,0.33596035795076684
3.58351893845611,3.284761333729294,-0.2987576047268159,0.2987576047268159
3.4339872044851463,3.6628080772636955,0.22882087277854923,0.22882087277854923
3.4339872044851463,3.7083080592271696,0.2743208547420233,0.2743208547420233
3.828641396489095,3.9023218244094595,0.07368042792036444,0.07368042792036444
3.9318256327243257,3.6133800552138244,-0.3184455775105013,0.3184455775105013
3.4339872044851463,3.8153988509457246,0.38141164646057835,0.38141164646057835
3.951243718581427,3.949853569952526,-0.0013901486289009668,0.0013901486289009668
4.330733340286331,4.193057232950575,-0.1376761073357562,0.1376761073357562
4.290459441148391,4.261413546693865,-0.029045894454525545,0.029045894454525545
3.9318256327243257,3.3432372642371018,-0.588588368487224,0.588588368487224
4.110873864173311,3.6157151741977867,-0.4951586899755247,0.4951586899755247
4.394449154672439,4.286821443722815,-0.10762771094962442,0.10762771094962442
3.4339872044851463,3.4410294982637253,0.007042293778579012,0.007042293778579012
4.51085950651685,4.358433768844092,-0.15242573767275758,0.15242573767275758
3.9318256327243257,3.529913866679541,-0.4019117660447846,0.4019117660447846
3.951243718581427,4.1270668781595115,0.17582315957808436,0.17582315957808436
3.044522437723423,3.8530284954348772,0.8085060577114542,0.8085060577114542
4.394449154672439,3.9807086252027135,-0.4137405294697256,0.4137405294697256
4.2626798770413155,4.025381814894812,-0.23729806214650306,0.23729806214650306
3.9318256327243257,3.5095633436183373,-0.4222622891059884,0.4222622891059884
4.330733340286331,4.045141447464856,-0.2855918928214747,0.2855918928214747
3.9318256327243257,3.668268753687513,-0.2635568790368126,0.2635568790368126
4.394449154672439,4.11566295594232,-0.2787861987301188,0.2787861987301188
3.9318256327243257,3.8252038275061273,-0.10662180521819842,0.10662180521819842
3.951243718581427,4.0788791526037205,0.12763543402229338,0.12763543402229338
4.110873864173311,4.213717729524399,0.1028438653510877,0.1028438653510877
4.330733340286331,4.199663687775737,-0.1310696525105941,0.1310696525105941
4.394449154672439,3.99391650767153,-0.40053264700090896,0.40053264700090896
4.290459441148391,3.2590172607979464,-1.0314421803504445,1.0314421803504445
4.2626798770413155,3.952914600522048,-0.30976527651926755,0.30976527651926755
4.110873864173311,3.880515413511338,-0.23035845066197336,0.23035845066197336
4.110873864173311,3.9743444799142518,-0.13652938425905958,0.13652938425905958
3.713572066704308,3.841585960250851,0.12801389354654313,0.12801389354654313
4.394449154672439,4.053737280451958,-0.34071187422048155,0.34071187422048155
3.9318256327243257,3.6815477834343167,-0.25027784929000907,0.25027784929000907
4.51085950651685,4.075789419550171,-0.4350700869666788,0.4350700869666788
4.2626798770413155,3.800206278996103,-0.4624735980452126,0.4624735980452126
3.4339872044851463,3.9097828666948082,0.47579566220966196,0.47579566220966196
3.6375861597263857,3.626677103443881,-0.010909056282504714,0.010909056282504714
3.713572066704308,3.4988701919079688,-0.21470187479633918,0.21470187479633918
4.204692619390966,3.868726575298945,-0.3359660440920207,0.3359660440920207
3.713572066704308,3.9782633398892493,0.26469127318494134,0.26469127318494134
3.4339872044851463,3.764432263943637,0.3304450594584907,0.3304450594584907
4.110873864173311,3.8255292658050317,-0.28534459836827963,0.28534459836827963
4.219507705176107,3.8918954622907855,-0.3276122428853214,0.3276122428853214
3.713572066704308,3.8081486524497774,0.09457658574546945,0.09457658574546945
3.49650756146648,3.497773405709525,0.001265844243045322,0.001265844243045322
4.110873864173311,4.109881304592679,-0.0009925595806326015,0.0009925595806326015
2.70805020110221,3.932399972503867,1.224349771401657,1.224349771401657
3.258096538021482,3.7510481523646977,0.49295161434321555,0.49295161434321555
4.51085950651685,4.277666280132422,-0.23319322638442763,0.23319322638442763
4.394449154672439,4.166960583692015,-0.22748857098042397,0.22748857098042397
3.713572066704308,3.6160856338246363,-0.09748643287967163,0.09748643287967163
4.394449154672439,4.072918794267576,-0.3215303604048634,0.3215303604048634
3.713572066704308,4.154078571389282,0.4405065046849739,0.4405065046849739
3.713572066704308,3.648597808689082,-0.06497425801522594,0.06497425801522594
4.51085950651685,4.025751605991409,-0.48510790052544106,0.48510790052544106
4.189654742026425,3.914133253818921,-0.2755214882075041,0.2755214882075041
3.044522437723423,3.63134355328298,0.5868211155595571,0.5868211155595571
3.828641396489095,3.8899916488862805,0.06135025239718539,0.06135025239718539
3.9318256327243257,4.013946510918591,0.08212087819426506,0.08212087819426506
4.2626798770413155,3.930448287444325,-0.3322315895969905,0.3322315895969905
4.330733340286331,4.172092214675354,-0.15864112561097699,0.15864112561097699
3.713572066704308,3.7737031433198203,0.06013107661551231,0.06013107661551231
4.394449154672439,4.102469889105003,-0.29197926556743603,0.29197926556743603
3.044522437723423,3.5653221299098865,0.5207996921864635,0.5207996921864635
4.2626798770413155,3.6237116059225083,-0.6389682711188072,0.6389682711188072
3.9318256327243257,3.9132750138364125,-0.018550618887913206,0.018550618887913206
3.9318256327243257,3.498788440349018,-0.4330371923753078,0.4330371923753078
2.3978952727983707,3.156342658403922,0.7584473856055514,0.7584473856055514
4.110873864173311,4.104021763372193,-0.006852100801117977,0.006852100801117977
4.110873864173311,4.045964802094166,-0.06490906207914549,0.06490906207914549
4.2626798770413155,4.113578291233324,-0.14910158580799138,0.14910158580799138
3.951243718581427,4.283785409464152,0.3325416908827252,0.3325416908827252
3.713572066704308,3.6784697979397776,-0.035102268764530375,0.035102268764530375
3.9318256327243257,3.8482964457215174,-0.08352918700280831,0.08352918700280831
3.951243718581427,4.079922758833662,0.1286790402522353,0.1286790402522353
3.9318256327243257,3.96216957268043,0.030343939956104293,0.030343939956104293
3.9318256327243257,3.877371402161164,-0.054454230563161676,0.054454230563161676
4.394449154672439,4.220542690079482,-0.17390646459295755,0.17390646459295755
4.110873864173311,4.055661142080259,-0.05521272209305206,0.05521272209305206
3.5263605246161616,3.551841538682937,0.025481014066775387,0.025481014066775387
4.204692619390966,3.715985754317968,-0.48870686507299776,0.48870686507299776
3.951243718581427,4.144896074404818,0.19365235582339135,0.19365235582339135
4.330733340286331,4.056204853182047,-0.2745284871042841,0.2745284871042841
3.951243718581427,4.1786846268429825,0.22744090826155539,0.22744090826155539
4.394449154672439,3.7682258795116335,-0.6262232751608057,0.6262232751608057
4.2626798770413155,4.152944554989441,-0.10973532205187464,0.10973532205187464
3.9318256327243257,3.768979345631141,-0.16284628709318483,0.16284628709318483
2.3978952727983707,3.4557799116402,1.0578846388418293,1.0578846388418293
4.189654742026425,3.7456720747391232,-0.44398266728730196,0.44398266728730196
3.9318256327243257,3.5620115399477834,-0.3698140927765423,0.3698140927765423
3.9318256327243257,3.890033148133251,-0.041792484591074874,0.041792484591074874
4.394449154672439,4.106248543609832,-0.2882006110626074,0.2882006110626074
4.394449154672439,4.139354526006309,-0.2550946286661304,0.2550946286661304
3.9318256327243257,4.2969110740948775,0.36508544137055177,0.36508544137055177
3.9318256327243257,3.5598890892472905,-0.3719365434770352,0.3719365434770352
3.044522437723423,3.3866548501128806,0.3421324123894576,0.3421324123894576
4.394449154672439,4.231847338497694,-0.16260181617474512,0.16260181617474512
4.2626798770413155,4.107461683191064,-0.15521819385025104,0.15521819385025104
4.330733340286331,4.037838378038007,-0.2928949622483241,0.2928949622483241
3.713572066704308,3.52399543860086,-0.1895766281034481,0.1895766281034481
3.044522437723423,3.8875850673792893,0.8430626296558663,0.8430626296558663
3.9318256327243257,3.892527770328837,-0.039297862395488714,0.039297862395488714
4.02535169073515,3.837295849924585,-0.1880558408105646,0.1880558408105646
3.367295829986474,3.6970010438088647,0.3297052138223906,0.3297052138223906
4.394449154672439,4.119583948558021,-0.2748652061144181,0.2748652061144181
3.58351893845611,3.605359473942089,0.021840535485979196,0.021840535485979196
3.713572066704308,3.455770888532181,-0.257801178172127,0.257801178172127
3.4339872044851463,3.850077311065318,0.41609010658017187,0.41609010658017187
4.189654742026425,4.035060295677059,-0.1545944463493658,0.1545944463493658
2.3978952727983707,3.5252438616152553,1.1273485888168846,1.1273485888168846
3.80666248977032,3.686678634904448,-0.11998385486587226,0.11998385486587226
4.330733340286331,3.7603875402971765,-0.5703457999891546,0.5703457999891546
3.951243718581427,4.11128542282259,0.16004170424116282,0.16004170424116282
3.6375861597263857,3.6450540906578492,0.0074679309314635844,0.0074679309314635844
3.044522437723423,3.6142936562191137,0.5697712184956907,0.5697712184956907
4.189654742026425,3.840755747592696,-0.3488989944337293,0.3488989944337293
4.2626798770413155,4.150264775946831,-0.11241510109448427,0.11241510109448427
3.951243718581427,3.9654422952541704,0.014198576672743268,0.014198576672743268
4.2626798770413155,4.270225322796738,0.007545445755422264,0.007545445755422264
3.951243718581427,4.023617921981915,0.0723742034004875,0.0723742034004875
3.9318256327243257,3.618852270656246,-0.3129733620680799,0.3129733620680799
3.713572066704308,3.934494992390967,0.22092292568665917,0.22092292568665917
3.4339872044851463,3.836474108217722,0.40248690373257556,0.40248690373257556
3.258096538021482,3.627725146901887,0.36962860888040483,0.36962860888040483
4.465908118654584,4.37513112552108,-0.0907769931335034,0.0907769931335034
3.951243718581427,4.090229367627817,0.13898564904638988,0.13898564904638988
3.58351893845611,4.03713827157563,0.4536193331195202,0.4536193331195202
4.110873864173311,4.228501765174054,0.11762790100074305,0.11762790100074305
3.044522437723423,3.130821063660324,0.08629862593690119,0.08629862593690119
4.394449154672439,4.395672512400861,0.0012233577284215258,0.0012233577284215258
3.044522437723423,4.116089113416151,1.0715666756927278,1.0715666756927278
3.9318256327243257,4.082578629618093,0.15075299689376687,0.15075299689376687
3.9318256327243257,4.078997369420249,0.14717173669592354,0.14717173669592354
3.044522437723423,3.719815793814915,0.6752933560914918,0.6752933560914918
3.4339872044851463,3.9320148884598964,0.49802768397475017,0.49802768397475017
4.110873864173311,4.086530520474031,-0.024343343699280595,0.024343343699280595
4.394449154672439,4.435954853369074,0.041505698696634674,0.041505698696634674
4.330733340286331,4.037539094366332,-0.29319424591999876,0.29319424591999876
3.9318256327243257,3.9393903187337003,0.007564686009374544,0.007564686009374544
3.044522437723423,3.678688261284035,0.634165823560612,0.634165823560612
3.951243718581427,4.195180047688707,0.2439363291072798,0.2439363291072798
3.9318256327243257,3.5213710662979825,-0.41045456642634326,0.41045456642634326
3.4339872044851463,3.9612851417777977,0.5272979372926514,0.5272979372926514
4.330733340286331,4.129041453459513,-0.2016918868268185,0.2016918868268185
3.044522437723423,3.7659589143169545,0.7214364765935315,0.7214364765935315
4.477336814478207,4.024016793212422,-0.4533200212657853,0.4533200212657853
4.330733340286331,4.150057239579074,-0.18067610070725681,0.18067610070725681
3.044522437723423,3.3350637377250747,0.2905413000016517,0.2905413000016517
3.713572066704308,3.4557799116402,-0.257792155064108,0.257792155064108
3.713572066704308,3.7183395241997985,0.004767457495490568,0.004767457495490568
4.2626798770413155,3.9231816425363917,-0.3394982345049238,0.3394982345049238
4.394449154672439,4.11027715882513,-0.28417199584730923,0.28417199584730923
4.2626798770413155,4.195257158483165,-0.06742271855815041,0.06742271855815041
3.688879454113936,3.386677008536976,-0.30220244557695963,0.30220244557695963
4.330733340286331,3.9004580975442056,-0.4302752427421255,0.4302752427421255
4.110873864173311,4.097459656829982,-0.01341420734332921,0.01341420734332921
4.290459441148391,4.122266100928443,-0.1681933402199478,0.1681933402199478
4.2626798770413155,3.841120599214939,-0.42155927782637637,0.42155927782637637
4.2626798770413155,4.107471243314985,-0.1552086337263301,0.1552086337263301
4.454347296253507,3.6382722542192503,-0.8160750420342571,0.8160750420342571
3.258096538021482,3.2349248112516182,-0.0231717267698639,0.0231717267698639
4.2626798770413155,4.065893182776243,-0.19678669426507245,0.19678669426507245
4.394449154672439,4.09893363644552,-0.2955155182269191,0.2955155182269191
4.330733340286331,4.007007168163526,-0.32372617212280463,0.32372617212280463
3.688879454113936,4.116615864930004,0.4277364108160686,0.4277364108160686
4.477336814478207,4.2466316506771715,-0.23070516380103534,0.23070516380103534
3.58351893845611,3.672655626909801,0.08913668845369127,0.08913668845369127
3.9318256327243257,4.184983486491969,0.25315785376764355,0.25315785376764355
3.9318256327243257,3.953701838778388,0.021876206054062486,0.021876206054062486
4.51085950651685,4.249191596796109,-0.2616679097207406,0.2616679097207406
3.044522437723423,3.645387651640335,0.6008652139169119,0.6008652139169119
3.9318256327243257,4.232657349387779,0.3008317166634531,0.3008317166634531
4.02535169073515,3.9953196296055227,-0.030032061129626975,0.030032061129626975
4.330733340286331,3.9844170075467122,-0.3463163327396188,0.3463163327396188
4.110873864173311,3.9879034658560837,-0.12297039831722767,0.12297039831722767
3.4339872044851463,3.591665602028759,0.1576783975436129,0.1576783975436129
4.394449154672439,4.300993398632771,-0.09345575603966783,0.09345575603966783
4.330733340286331,4.0024684506781245,-0.32826488960820654,0.32826488960820654
4.110873864173311,3.706368186661942,-0.40450567751136957,0.40450567751136957
3.713572066704308,3.5963285954206694,-0.11724347128363855,0.11724347128363855
4.2626798770413155,3.969651328035619,-0.2930285490056965,0.2930285490056965
4.394449154672439,4.080773139294405,-0.313676015378034,0.313676015378034
4.465908118654584,4.478775315631461,0.012867196976877437,0.012867196976877437
3.4339872044851463,3.3605064104287963,-0.07348079405635,0.07348079405635
4.110873864173311,3.9384841581534347,-0.1723897060198767,0.1723897060198767
4.394449154672439,4.058075534007878,-0.33637362066456156,0.33637362066456156
3.4339872044851463,3.6535415218734144,0.21955431738826814,0.21955431738826814
3.58351893845611,3.0580929105995684,-0.5254260278565415,0.5254260278565415
3.9318256327243257,3.6862429347042367,-0.24558269802008903,0.24558269802008903
4.2626798770413155,3.9846752612708802,-0.2780046157704352,0.2780046157704352
3.4339872044851463,3.743504660605634,0.30951745612048764,0.30951745612048764
3.4339872044851463,3.833460465024473,0.3994732605393265,0.3994732605393265
4.51085950651685,4.280217809126128,-0.2306416973907215,0.2306416973907215
4.2626798770413155,4.196130726728552,-0.06654915031276332,0.06654915031276332
3.9318256327243257,4.190011624535124,0.2581859918107985,0.2581859918107985
4.394449154672439,4.137548729866584,-0.2569004248058553,0.2569004248058553
4.454347296253507,4.042032701197705,-0.41231459505580226,0.41231459505580226
4.454347296253507,4.16071672128867,-0.2936305749648369,0.2936305749648369
3.713572066704308,3.7071750140407502,-0.006397052663557723,0.006397052663557723
4.51085950651685,4.4380349223157465,-0.07282458420110327,0.07282458420110327
3.713572066704308,3.8747024233081584,0.16113035660385044,0.16113035660385044
4.394449154672439,3.842737668993319,-0.5517114856791201,0.5517114856791201
4.51085950651685,4.10520367749279,-0.4056558290240595,0.4056558290240595
3.044522437723423,3.4722454725256675,0.4277230348022445,0.4277230348022445
3.7612001156935624,4.0191498780519,0.2579497623583378,0.2579497623583378
3.58351893845611,3.9044361324519308,0.32091719399582086,0.32091719399582086
3.258096538021482,3.4412988879033506,0.18320234988186845,0.18320234988186845
3.713572066704308,4.008321860641725,0.2947497939374166,0.2947497939374166
3.9318256327243257,3.6984361857525876,-0.23338944697173813,0.23338944697173813
3.58351893845611,3.4142606669513627,-0.16925827150474726,0.16925827150474726
4.51085950651685,4.250713976070439,-0.26014553044641087,0.26014553044641087
3.9318256327243257,3.791283628656422,-0.14054200406790374,0.14054200406790374
3.951243718581427,4.267462417286859,0.3162186987054323,0.3162186987054323
4.330733340286331,3.9974567388350177,-0.3332766014513133,0.3332766014513133
4.394449154672439,4.203931974277515,-0.1905171803949237,0.1905171803949237
3.044522437723423,3.772096837045299,0.7275743993218762,0.7275743993218762
3.9318256327243257,3.6073503357497483,-0.32447529697457744,0.32447529697457744
4.2626798770413155,4.055276967464366,-0.20740290957694985,0.20740290957694985
3.951243718581427,4.104830744009875,0.1535870254284477,0.1535870254284477
3.4339872044851463,3.3547927823451458,-0.0791944221400005,0.0791944221400005
3.4339872044851463,3.818052750666654,0.3840655461815077,0.3840655461815077
4.454347296253507,4.084283088241497,-0.37006420801201045,0.37006420801201045
3.258096538021482,3.8635216474868166,0.6054251094653345,0.6054251094653345
3.713572066704308,3.883391091093271,0.16981902438896324,0.16981902438896324
4.51085950651685,4.260065490560355,-0.25079401595649475,0.25079401595649475
4.394449154672439,4.176425815996636,-0.21802333867580348,0.21802333867580348
3.713572066704308,4.168470517731236,0.45489845102692783,0.45489845102692783
4.330733340286331,4.179336381620434,-0.15139695866589697,0.15139695866589697
3.9318256327243257,3.567782848918183,-0.36404278380614263,0.36404278380614263
3.9318256327243257,3.9579418308615724,0.026116198137246638,0.026116198137246638
4.51085950651685,4.199272436944626,-0.3115870695722238,0.3115870695722238
4.110873864173311,3.6834293137768697,-0.4274445503964417,0.4274445503964417
3.713572066704308,3.6556162283441314,-0.05795583836017659,0.05795583836017659
4.330733340286331,4.030946492082354,-0.2997868482039774,0.2997868482039774
3.713572066704308,3.5625606404384618,-0.15101142626584618,0.15101142626584618
3.951243718581427,3.4959255574085786,-0.4553181611728485,0.4553181611728485
3.713572066704308,3.4557799116402,-0.257792155064108,0.257792155064108
3.713572066704308,3.257007219696318,-0.45656484700799016,0.45656484700799016
4.330733340286331,3.8556520218439747,-0.47508131844235635,0.47508131844235635
4.2626798770413155,3.9781825223562057,-0.2844973546851097,0.2844973546851097
3.258096538021482,3.6698637577068776,0.4117672196853954,0.4117672196853954
4.110873864173311,4.0046039447537,-0.10626991941961172,0.10626991941961172
4.2626798770413155,4.393984687315849,0.13130481027453378,0.13130481027453378
3.9318256327243257,4.092495866102582,0.16067023337825637,0.16067023337825637
3.258096538021482,3.4452857124088343,0.18718917438735216,0.18718917438735216
4.189654742026425,4.162557261376645,-0.027097480649779904,0.027097480649779904
4.394449154672439,4.12263565966579,-0.27181349500664886,0.27181349500664886
3.6375861597263857,3.5963137732766346,-0.041272386449751064,0.041272386449751064
3.9318256327243257,3.988836320581511,0.05701068785718544,0.05701068785718544
2.3978952727983707,3.943230966843346,1.5453356940449754,1.5453356940449754
4.330733340286331,3.8483289039927078,-0.4824044362936233,0.4824044362936233
2.3978952727983707,3.5648698150953635,1.1669745422969928,1.1669745422969928
3.9318256327243257,4.132999866825393,0.20117423410106694,0.20117423410106694
4.330733340286331,4.151592525968338,-0.1791408143179929,0.1791408143179929
3.044522437723423,3.7839703383263004,0.7394479006028774,0.7394479006028774
4.454347296253507,4.4144417486427,-0.039905547610807446,0.039905547610807446
3.044522437723423,3.917480717938462,0.8729582802150389,0.8729582802150389
4.330733340286331,4.085346730340227,-0.24538660994610417,0.24538660994610417
3.044522437723423,4.06049824261622,1.0159758048927974,1.0159758048927974
4.204692619390966,4.2261763409690145,0.021483721578048787,0.021483721578048787
3.9318256327243257,4.158192296320539,0.2263666635962136,0.2263666635962136
4.394449154672439,4.341171117504147,-0.05327803716829216,0.05327803716829216
3.713572066704308,3.7400310202842637,0.026458953579955757,0.026458953579955757
4.394449154672439,4.109162789487431,-0.2852863651850077,0.2852863651850077
4.51085950651685,4.113923719879757,-0.3969357866370924,0.3969357866370924
3.951243718581427,3.9654422952541704,0.014198576672743268,0.014198576672743268
4.394449154672439,4.269492712932992,-0.12495644173944687,0.12495644173944687
2.772588722239781,3.552506460368365,0.7799177381285838,0.7799177381285838
4.2626798770413155,4.284534346996336,0.02185446995502094,0.02185446995502094
4.394449154672439,4.157452428203089,-0.23699672646935,0.23699672646935
4.2626798770413155,4.1136251911359585,-0.14905468590535698,0.14905468590535698
4.330733340286331,3.9598259875635966,-0.37090735272273445,0.37090735272273445
4.394449154672439,4.01164745397997,-0.3828017006924691,0.3828017006924691
4.394449154672439,4.477558934162198,0.08310977948975928,0.08310977948975928
4.330733340286331,4.313560499857145,-0.01717284042918621,0.01717284042918621
4.330733340286331,4.272968156591037,-0.057765183695294375,0.057765183695294375
3.5263605246161616,3.7730333933502602,0.24667286873409866,0.24667286873409866
3.9318256327243257,3.3269413090063633,-0.6048843237179624,0.6048843237179624
3.9318256327243257,3.8077035668121844,-0.12412206591214137,0.12412206591214137
3.258096538021482,3.936653505122897,0.6785569671014149,0.6785569671014149
3.4339872044851463,4.17981009084025,0.7458228863551035,0.7458228863551035
4.2626798770413155,3.9608885247410743,-0.3017913523002411,0.3017913523002411
3.4339872044851463,3.4642761490275786,0.03028894454243236,0.03028894454243236
4.2626798770413155,3.5769151436957154,-0.6857647333456001,0.6857647333456001
4.330733340286331,3.99120066229037,-0.3395326779959609,0.3395326779959609
4.394449154672439,4.034911767633059,-0.35953738703938054,0.35953738703938054
3.951243718581427,4.129009661561717,0.17776594298029025,0.17776594298029025
4.330733340286331,4.128937751576359,-0.20179558870997205,0.20179558870997205
3.9318256327243257,3.768979345631141,-0.16284628709318483,0.16284628709318483
4.330733340286331,4.002295888732069,-0.32843745155426163,0.32843745155426163
4.330733340286331,4.299378540161382,-0.031354800124948845,0.031354800124948845
3.4339872044851463,3.7491073406425763,0.31512013615743006,0.31512013615743006
4.394449154672439,4.295106189246869,-0.09934296542556975,0.09934296542556975
4.290459441148391,4.154940795066643,-0.13551864608174835,0.13551864608174835
4.394449154672439,4.204064929362415,-0.19038422531002386,0.19038422531002386
3.9318256327243257,3.5474902859894515,-0.38433534673487424,0.38433534673487424
4.394449154672439,4.088456006995227,-0.30599314767721175,0.30599314767721175
3.044522437723423,3.5580422200422017,0.5135197823187787,0.5135197823187787
3.9318256327243257,4.146883144010128,0.21505751128580242,0.21505751128580242
3.58351893845611,3.8746643761960025,0.29114543773989254,0.29114543773989254
3.9318256327243257,3.747720461421634,-0.18410517130269177,0.18410517130269177
3.9318256327243257,3.8631990181330114,-0.06862661459131436,0.06862661459131436
4.51085950651685,4.418701394956611,-0.09215811156023879,0.09215811156023879
3.951243718581427,4.126568392659804,0.17532467407837693,0.17532467407837693
3.9318256327243257,3.650878335423756,-0.2809472973005698,0.2809472973005698
4.2626798770413155,4.023850060866736,-0.23882981617457943,0.23882981617457943
3.9318256327243257,3.889057073991829,-0.04276855873249685,0.04276855873249685
3.9318256327243257,4.241571912903078,0.3097462801787523,0.3097462801787523
3.9318256327243257,4.022213765774203,0.09038813304987725,0.09038813304987725
3.713572066704308,4.2347097226927595,0.5211376559884515,0.5211376559884515
3.4339872044851463,3.9215087530389403,0.48752154855379404,0.48752154855379404
3.58351893845611,3.7693257573266923,0.18580681887058237,0.18580681887058237
3.713572066704308,3.8446739402295433,0.1311018735252354,0.1311018735252354
4.394449154672439,4.193549688830133,-0.20089946584230578,0.20089946584230578
3.9318256327243257,3.780889277835556,-0.15093635488876966,0.15093635488876966
4.02535169073515,3.944966562149161,-0.08038512858598867,0.08038512858598867
3.9318256327243257,3.917407791481573,-0.014417841242752694,0.014417841242752694
4.110873864173311,3.745988227354223,-0.36488563681908825,0.36488563681908825
3.9318256327243257,3.5631285018698913,-0.36869713085443445,0.36869713085443445
3.713572066704308,3.974350319311589,0.26077825260728105,0.26077825260728105
4.51085950651685,4.200069155931421,-0.31079035058542903,0.31079035058542903
4.2626798770413155,4.039144144968987,-0.22353573207232813,0.22353573207232813
2.3978952727983707,3.9289116845531202,1.5310164117547496,1.5310164117547496
3.9318256327243257,4.011259342199942,0.07943370947561634,0.07943370947561634
3.4339872044851463,3.704566164833574,0.2705789603484279,0.2705789603484279
3.5553480614894135,4.194362786476348,0.6390147249869345,0.6390147249869345
3.9318256327243257,3.8093449355358295,-0.12248069718849619,0.12248069718849619
3.9318256327243257,3.7195516064082703,-0.2122740263160554,0.2122740263160554
4.394449154672439,4.104622680981984,-0.28982647369045544,0.28982647369045544
3.951243718581427,4.021527998713122,0.07028428013169474,0.07028428013169474
4.394449154672439,4.436504360927293,0.042055206254853594,0.042055206254853594
3.9318256327243257,4.151677561243991,0.2198519285196654,0.2198519285196654
4.51085950651685,4.104009983276374,-0.4068495232404761,0.4068495232404761
3.9889840465642745,4.106782392864684,0.1177983463004093,0.1177983463004093
3.9318256327243257,3.7589648899791075,-0.17286074274521823,0.17286074274521823
3.4339872044851463,3.7342254078974024,0.30023820341225615,0.30023820341225615
3.4339872044851463,3.815696615430431,0.38170941094528477,0.38170941094528477
3.9318256327243257,3.891962306139966,-0.03986332658435954,0.03986332658435954
2.3978952727983707,4.081981208620172,1.684085935821801,1.684085935821801
4.51085950651685,4.076115522885879,-0.43474398363097055,0.43474398363097055
3.58351893845611,4.034152444259901,0.4506335058037907,0.4506335058037907
4.394449154672439,4.509817932175134,0.11536877750269525,0.11536877750269525
3.9318256327243257,3.6103601410272783,-0.3214654916970474,0.3214654916970474
4.394449154672439,3.974192741436519,-0.42025641323592033,0.42025641323592033
4.394449154672439,3.9191811046275125,-0.47526805004492667,0.47526805004492667
3.9318256327243257,4.275552627837578,0.343726995113252,0.343726995113252
4.51085950651685,4.171651838959415,-0.33920766755743514,0.33920766755743514
3.58351893845611,3.5303200188346135,-0.053198919621496366,0.053198919621496366
3.9318256327243257,4.1142994266153785,0.18247379389105278,0.18247379389105278
4.465908118654584,4.179671364329819,-0.28623675432476503,0.28623675432476503
4.51085950651685,4.334944033009009,-0.17591547350784076,0.17591547350784076
3.9318256327243257,3.5886044529054093,-0.3432211798189164,0.3432211798189164
3.58351893845611,4.0741689226793,0.4906499842231904,0.4906499842231904
4.430816798843313,4.246619073740411,-0.18419772510290233,0.18419772510290233
4.394449154672439,4.159189368362703,-0.23525978630973654,0.23525978630973654
3.9318256327243257,3.7577553470586293,-0.17407028566569638,0.17407028566569638
3.5263605246161616,4.004498573971359,0.47813804935519766,0.47813804935519766
3.951243718581427,4.391787211779356,0.4405434931979286,0.4405434931979286
4.394449154672439,4.081777842500521,-0.31267131217191846,0.31267131217191846
3.58351893845611,3.188938066462541,-0.39458087199356884,0.39458087199356884
3.713572066704308,3.8761631652111337,0.16259109850682574,0.16259109850682574
3.828641396489095,3.8433165526644344,0.014675156175339321,0.014675156175339321
3.258096538021482,3.8144509326785707,0.5563543946570886,0.5563543946570886
3.044522437723423,3.895706116066948,0.8511836783435252,0.8511836783435252
3.9318256327243257,3.7451163433132377,-0.186709289411088,0.186709289411088
3.58351893845611,3.5311022626822814,-0.05241667577382847,0.05241667577382847
4.394449154672439,4.114760436542058,-0.2796887181303811,0.2796887181303811
4.330733340286331,3.8256372052566343,-0.5050961350296967,0.5050961350296967
3.58351893845611,3.6383981722840772,0.05487923382796733,0.05487923382796733
3.9318256327243257,3.610132085411446,-0.3216935473128797,0.3216935473128797
4.02535169073515,4.008808221975536,-0.016543468759613766,0.016543468759613766
3.044522437723423,3.638080810937347,0.593558373213924,0.593558373213924
3.951243718581427,4.223458992000801,0.27221527341937435,0.27221527341937435
4.330733340286331,4.013935261979311,-0.3167980783070199,0.3167980783070199
4.51085950651685,4.164181926204579,-0.3466775803122708,0.3466775803122708
4.330733340286331,4.2466831845199104,-0.08405015576642061,0.08405015576642061
3.9318256327243257,4.082368962959408,0.15054333023508226,0.15054333023508226
3.951243718581427,4.052871401012743,0.10162768243131559,0.10162768243131559
4.454347296253507,4.173658741810521,-0.28068855444298624,0.28068855444298624
4.454347296253507,4.158819606440911,-0.29552768981259625,0.29552768981259625
3.713572066704308,3.7071589931144366,-0.00641307358987131,0.00641307358987131
4.394449154672439,3.815545098258103,-0.578904056414336,0.578904056414336
4.430816798843313,4.096624317521937,-0.33419248132137636,0.33419248132137636
3.828641396489095,4.108883006761295,0.28024161027220007,0.28024161027220007
3.951243718581427,4.072456239084436,0.12121252050300857,0.12121252050300857
3.951243718581427,4.022528944816671,0.07128522623524347,0.07128522623524347
4.330733340286331,3.8099049703680614,-0.5208283699182696,0.5208283699182696
4.2626798770413155,3.9484096202507333,-0.3142702567905822,0.3142702567905822
3.044522437723423,3.3492449839045513,0.30472254618112826,0.30472254618112826
4.51085950651685,4.1136972612714455,-0.3971622452454042,0.3971622452454042
3.713572066704308,3.6461975212422795,-0.06737454546202848,0.06737454546202848
3.4339872044851463,3.668268753687513,0.23428154920236688,0.23428154920236688
4.330733340286331,4.125480275175136,-0.20525306511119545,0.20525306511119545
4.2626798770413155,4.139636972437309,-0.12304290460400669,0.12304290460400669
3.9318256327243257,3.676832474873157,-0.25499315785116883,0.25499315785116883
3.9318256327243257,4.006038221708749,0.07421258898442362,0.07421258898442362
4.51085950651685,4.0690524124858225,-0.44180709403102725,0.44180709403102725
3.044522437723423,3.4469031588492327,0.4023807211258097,0.4023807211258097
3.713572066704308,4.046583951205506,0.33301188450119845,0.33301188450119845
3.951243718581427,4.184577793424013,0.23333407484258561,0.23333407484258561
3.951243718581427,4.022528944816671,0.07128522623524347,0.07128522623524347
3.9318256327243257,4.248597034355802,0.3167714016314762,0.3167714016314762
4.2626798770413155,3.689845722201295,-0.5728341548400206,0.5728341548400206
4.110873864173311,3.7042005995601825,-0.4066732646131288,0.4066732646131288
3.5553480614894135,3.802001711267322,0.2466536497779086,0.2466536497779086
4.2626798770413155,4.056717336407308,-0.20596254063400732,0.20596254063400732
4.110873864173311,3.961967791440808,-0.14890607273250334,0.14890607273250334
2.3978952727983707,2.887714242074006,0.4898189692756354,0.4898189692756354
4.51085950651685,4.120695643484786,-0.39016386303206385,0.39016386303206385
4.330733340286331,4.280062442261589,-0.050670898024741895,0.050670898024741895
4.394449154672439,4.012845607576176,-0.38160354709626354,0.38160354709626354
4.465908118654584,4.184624877372634,-0.28128324128194926,0.28128324128194926
3.4339872044851463,3.4546404336031813,0.02065322911803502,0.02065322911803502
3.951243718581427,4.067324010850172,0.1160802922687445,0.1160802922687445
3.58351893845611,3.69961032387776,0.1160913854216501,0.1160913854216501
3.951243718581427,4.022528944816671,0.07128522623524347,0.07128522623524347
4.454347296253507,4.274023266263924,-0.18032402998958297,0.18032402998958297
3.044522437723423,3.678575545358245,0.6340531076348221,0.6340531076348221
4.454347296253507,4.3918142009022105,-0.06253309535129681,0.06253309535129681
4.454347296253507,4.302438041964621,-0.15190925428888669,0.15190925428888669
4.394449154672439,4.130081520396763,-0.26436763427567644,0.26436763427567644
2.772588722239781,3.524810658782993,0.7522219365432119,0.7522219365432119
4.477336814478207,4.164125148699568,-0.31321166577863924,0.31321166577863924
2.772588722239781,3.7935416588417947,1.0209529366020136,1.0209529366020136
3.951243718581427,4.072596073426407,0.12135235484497997,0.12135235484497997
3.951243718581427,4.1804565507556,0.22921283217417265,0.22921283217417265
4.02535169073515,3.906711708766264,-0.1186399819688857,0.1186399819688857
3.951243718581427,4.120208170803991,0.16896445222256418,0.16896445222256418
4.204692619390966,4.025758774698094,-0.17893384469287188,0.17893384469287188
4.394449154672439,4.235636004297833,-0.15881315037460642,0.15881315037460642
4.2626798770413155,4.040323345989202,-0.22235653105211384,0.22235653105211384
4.394449154672439,4.197491213170652,-0.19695794150178703,0.19695794150178703
3.58351893845611,3.965924859925687,0.38240592146957697,0.38240592146957697
4.2626798770413155,3.9264511050519535,-0.33622877198936196,0.33622877198936196
4.189654742026425,4.135773857380211,-0.05388088464621443,0.05388088464621443
3.9318256327243257,3.9681061457144984,0.03628051299017265,0.03628051299017265
4.51085950651685,4.15019880097723,-0.3606607055396198,0.3606607055396198
4.2626798770413155,4.2891090621448305,0.026429185103514996,0.026429185103514996
3.9318256327243257,3.8845787260081077,-0.04724690671621801,0.04724690671621801
3.9318256327243257,4.2741284140064,0.34230278128207425,0.34230278128207425
4.2626798770413155,4.016245724341295,-0.24643415270002045,0.24643415270002045
3.9318256327243257,3.9051998309231943,-0.026625801801131388,0.026625801801131388
4.532599493153256,4.3113365115136855,-0.2212629816395708,0.2212629816395708
3.258096538021482,3.4971190598558914,0.2390225218344093,0.2390225218344093
4.51085950651685,4.220971959635652,-0.28988754688119744,0.28988754688119744
4.51085950651685,4.474070761136554,-0.03678874538029575,0.03678874538029575
3.713572066704308,3.4496632948546972,-0.2639087718496107,0.2639087718496107
4.394449154672439,4.063665956417376,-0.3307831982550633,0.3307831982550633
3.9318256327243257,3.7732491249573745,-0.1585765077669512,0.1585765077669512
3.9318256327243257,3.650878335423756,-0.2809472973005698,0.2809472973005698
4.2626798770413155,4.233868306101703,-0.028811570939612174,0.028811570939612174
3.258096538021482,3.200515381538655,-0.05758115648282702,0.05758115648282702
3.9318256327243257,4.039290678880948,0.10746504615662245,0.10746504615662245
3.9318256327243257,3.8814692802950512,-0.0503563524292745,0.0503563524292745
4.394449154672439,4.099899283944987,-0.29454987072745187,0.29454987072745187
3.091042453358316,3.9302831987243194,0.8392407453660033,0.8392407453660033
3.9318256327243257,3.585724382502136,-0.3461012502221896,0.3461012502221896
3.713572066704308,3.855033213412913,0.14146114670860488,0.14146114670860488
3.044522437723423,3.8036589173262803,0.7591364796028572,0.7591364796028572
4.51085950651685,4.081894920539487,-0.4289645859773623,0.4289645859773623
4.51085950651685,4.330910986743207,-0.17994851977364235,0.17994851977364235
3.4339872044851463,3.7295793349439412,0.29559213045879495,0.29559213045879495
4.51085950651685,3.5706296529180603,-0.9402298535987894,0.9402298535987894
2.3978952727983707,4.04168941923148,1.643794146433109,1.643794146433109
4.330733340286331,4.056748336942862,-0.2739850033434692,0.2739850033434692
4.110873864173311,3.9783624179435604,-0.13251144622975097,0.13251144622975097
4.110873864173311,4.048346350655434,-0.06252751351787733,0.06252751351787733
4.248495242049359,4.097370187327067,-0.15112505472229198,0.15112505472229198
3.9318256327243257,3.8132711630939493,-0.11855446963037641,0.11855446963037641
4.394449154672439,4.069442132609471,-0.3250070220629677,0.3250070220629677
3.044522437723423,3.57761000140345,0.5330875636800272,0.5330875636800272
3.951243718581427,3.9781368053623476,0.026893086780920505,0.026893086780920505
3.258096538021482,3.7935601371225083,0.5354635991010261,0.5354635991010261
4.2626798770413155,4.133358700354533,-0.12932117668678256,0.12932117668678256
4.394449154672439,3.8495111430044773,-0.5449380116679619,0.5449380116679619
4.454347296253507,4.09628957026343,-0.35805772599007746,0.35805772599007746
4.454347296253507,4.098985720158149,-0.35536157609535834,0.35536157609535834
4.465908118654584,4.155484468063117,-0.31042365059146704,0.31042365059146704
3.951243718581427,4.131405817575598,0.18016209899417124,0.18016209899417124
3.9318256327243257,4.092262222118367,0.16043658939404137,0.16043658939404137
3.9318256327243257,4.063732113810891,0.13190648108656555,0.13190648108656555
3.5263605246161616,4.215827411168009,0.6894668865518474,0.6894668865518474
4.454347296253507,4.169467115510949,-0.28488018074255805,0.28488018074255805
4.51085950651685,4.558418384268602,0.047558877751752604,0.047558877751752604
3.9318256327243257,4.083108962386009,0.15128332966168356,0.15128332966168356
3.258096538021482,4.095414113070326,0.8373175750488442,0.8373175750488442
4.110873864173311,3.9527365491779975,-0.1581373149953138,0.1581373149953138
3.5263605246161616,3.834537522239491,0.3081769976233293,0.3081769976233293
4.110873864173311,3.96019559631526,-0.15067826785805138,0.15067826785805138
3.9318256327243257,4.023093034369203,0.09126740164487712,0.09126740164487712
4.02535169073515,3.9422252595441982,-0.08312643119095142,0.08312643119095142
3.713572066704308,3.656924743087673,-0.05664732361663516,0.05664732361663516
3.9318256327243257,3.763135600799269,-0.1686900319250566,0.1686900319250566
4.382026634673881,4.183602037102945,-0.198424597570936,0.198424597570936
2.3978952727983707,3.505217300431699,1.1073220276333284,1.1073220276333284
4.394449154672439,4.5048455204046745,0.11039636573223532,0.11039636573223532
3.9318256327243257,3.829878290731006,-0.1019473419933199,0.1019473419933199
3.044522437723423,3.575308406676311,0.530785968952888,0.530785968952888
3.9318256327243257,3.855703657777891,-0.0761219749464348,0.0761219749464348
3.5263605246161616,3.446131981342225,-0.08022854327393647,0.08022854327393647
4.51085950651685,4.120805708703712,-0.3900537978131373,0.3900537978131373
4.330733340286331,3.9307516297593117,-0.39998171052701936,0.39998171052701936
3.713572066704308,4.053486744212617,0.3399146775083093,0.3399146775083093
4.394449154672439,4.009393466193385,-0.3850556884790537,0.3850556884790537
4.219507705176107,4.216267773827872,-0.003239931348234748,0.003239931348234748
4.290459441148391,4.181089763303258,-0.10936967784513296,0.10936967784513296
3.4339872044851463,3.591717233113054,0.15773002862790753,0.15773002862790753
4.330733340286331,4.0162367515833335,-0.31449658870299757,0.31449658870299757
3.58351893845611,4.0111957597931776,0.42767682133706764,0.42767682133706764
4.204692619390966,3.7729251245796096,-0.4317674948113561,0.4317674948113561
4.110873864173311,3.814933051852522,-0.29594081232078917,0.29594081232078917
3.7612001156935624,3.3863078292341857,-0.37489228645937667,0.37489228645937667
4.394449154672439,4.0450236508371304,-0.3494255038353087,0.3494255038353087
3.258096538021482,3.791283628656422,0.5331870906349399,0.5331870906349399
4.110873864173311,3.7443429036422655,-0.36653096053104584,0.36653096053104584
3.9318256327243257,3.9400613402020075,0.008235707477681764,0.008235707477681764
3.9318256327243257,3.861640240012232,-0.0701853927120939,0.0701853927120939
3.258096538021482,3.9223726739919864,0.6642761359705043,0.6642761359705043
4.330733340286331,4.058772686838294,-0.271960653448037,0.271960653448037
4.394449154672439,4.214797282175388,-0.17965187249705128,0.17965187249705128
4.465908118654584,4.284100708968807,-0.1818074096857769,0.1818074096857769
3.258096538021482,3.5303633994219514,0.2722668614004693,0.2722668614004693
3.9318256327243257,3.9985091173994864,0.06668348467516072,0.06668348467516072
3.9318256327243257,3.821201247905249,-0.11062438481907666,0.11062438481907666
4.110873864173311,3.8293318821928053,-0.28154198198050606,0.28154198198050606
4.2626798770413155,3.8419688049126473,-0.4207110721286682,0.4207110721286682
3.4339872044851463,3.5169367214467178,0.08294951696157149,0.08294951696157149
3.9318256327243257,3.710644801522289,-0.2211808312020369,0.2211808312020369
4.290459441148391,4.197726613731625,-0.09273282741676603,0.09273282741676603
3.332204510175204,3.993778482204287,0.6615739720290832,0.6615739720290832
4.110873864173311,3.971243762084973,-0.13963010208833815,0.13963010208833815
3.713572066704308,3.8479007041496924,0.13432863744538448,0.13432863744538448
3.258096538021482,4.189768747491094,0.9316722094696117,0.9316722094696117
3.9318256327243257,3.528665453678132,-0.4031601790461936,0.4031601790461936
3.9318256327243257,3.8481885377198397,-0.08363709500448602,0.08363709500448602
4.330733340286331,4.147092410596275,-0.18364092969005608,0.18364092969005608
3.713572066704308,3.8805048289143165,0.16693276221000852,0.16693276221000852
4.189654742026425,3.9134099786518513,-0.27624476337457393,0.27624476337457393
4.394449154672439,3.950580571665607,-0.4438685830068323,0.4438685830068323
4.356708826689592,4.0977863838173585,-0.2589224428722332,0.2589224428722332
3.9318256327243257,3.745639279056278,-0.18618635366804792,0.18618635366804792
3.9318256327243257,3.82352207384494,-0.1083035588793857,0.1083035588793857
4.330733340286331,3.940379754316916,-0.39035358596941494,0.39035358596941494
4.48863636973214,4.075455820823539,-0.4131805489086009,0.4131805489086009
4.110873864173311,3.9736951595928867,-0.1371787045804247,0.1371787045804247
4.394449154672439,4.718223979826945,0.32377482515450584,0.32377482515450584
3.713572066704308,3.81278667776807,0.09921461106376217,0.09921461106376217
3.9318256327243257,4.050386598768557,0.11856096604423128,0.11856096604423128
4.330733340286331,4.1631971727894745,-0.16753616749685651,0.16753616749685651
3.9318256327243257,3.967439302781177,0.035613670056851454,0.035613670056851454
4.330733340286331,4.295305446505422,-0.03542789378090916,0.03542789378090916
4.394449154672439,4.253925362002447,-0.14052379266999182,0.14052379266999182
3.58351893845611,3.4387860022181975,-0.1447329362379124,0.1447329362379124
3.9318256327243257,4.133018149528932,0.20119251680460648,0.20119251680460648
4.51085950651685,3.967439302781177,-0.5434202037356726,0.5434202037356726
3.9318256327243257,4.00524117222405,0.07341553949972424,0.07341553949972424
3.951243718581427,4.138873870297787,0.18763015171635988,0.18763015171635988
3.9318256327243257,3.2190572875252412,-0.7127683451990845,0.7127683451990845
3.9318256327243257,3.967439302781177,0.035613670056851454,0.035613670056851454
3.258096538021482,3.5890399076885338,0.3309433696670516,0.3309433696670516
3.295836866004329,3.9267732105587934,0.6309363445544642,0.6309363445544642
3.713572066704308,3.6720305449982664,-0.04154152170604153,0.04154152170604153
4.110873864173311,4.0913831369071225,-0.019490727266188834,0.019490727266188834
3.4339872044851463,3.819127918481123,0.3851407139959768,0.3851407139959768
3.9318256327243257,4.176693210340666,0.24486757761634026,0.24486757761634026
3.9318256327243257,4.041551015338393,0.10972538261406717,0.10972538261406717
3.9318256327243257,4.0561205090620005,0.12429487633767478,0.12429487633767478
4.2626798770413155,4.127121255537581,-0.13555862150373432,0.13555862150373432
3.951243718581427,4.14070814209138,0.18946442350995252,0.18946442350995252
3.713572066704308,3.827373702718099,0.11380163601379101,0.11380163601379101
3.044522437723423,3.7376988229650565,0.6931763852416335,0.6931763852416335
4.290459441148391,4.165203098272377,-0.12525634287601406,0.12525634287601406
4.290459441148391,4.155363278352043,-0.13509616279634784,0.13509616279634784
3.044522437723423,3.088634079971907,0.044111642248484184,0.044111642248484184
3.951243718581427,4.29014838109215,0.33890466251072304,0.33890466251072304
3.9318256327243257,4.022761346085592,0.09093571336126649,0.09093571336126649
3.9318256327243257,4.1117442583145625,0.17991862559023675,0.17991862559023675
3.951243718581427,4.114320157393526,0.16307643881209888,0.16307643881209888
4.2626798770413155,3.8341107610336795,-0.4285691160076359,0.4285691160076359
3.9318256327243257,4.351735331961461,0.41990969923713495,0.41990969923713495
4.110873864173311,3.895286192298043,-0.2155876718752685,0.2155876718752685
4.394449154672439,4.012575236623777,-0.38187391804866255,0.38187391804866255
3.4339872044851463,3.6985620823027743,0.264574877817628,0.264574877817628
2.3978952727983707,4.172401982235894,1.7745067094375235,1.7745067094375235
4.394449154672439,4.080336757819141,-0.3141123968532984,0.3141123968532984
4.465908118654584,4.246877147799024,-0.21903097085555956,0.21903097085555956
4.394449154672439,4.057515700390044,-0.33693345428239496,0.33693345428239496
4.330733340286331,3.912439201302605,-0.41829413898372625,0.41829413898372625
3.713572066704308,3.1275583205343365,-0.5860137461699715,0.5860137461699715
3.951243718581427,4.121888783896274,0.17064506531484724,0.17064506531484724
2.5649493574615367,3.252411781437213,0.6874624239756764,0.6874624239756764
3.9318256327243257,3.8030132826452077,-0.12881235007911807,0.12881235007911807
3.828641396489095,4.0160491395027345,0.18740774301363938,0.18740774301363938
3.9318256327243257,4.203129140672136,0.2713035079478101,0.2713035079478101
3.044522437723423,3.808724307602486,0.7642018698790629,0.7642018698790629
4.394449154672439,4.103859674907903,-0.2905894797645363,0.2905894797645363
3.9318256327243257,3.708858761561022,-0.22296687116330371,0.22296687116330371
4.330733340286331,4.046265943606996,-0.28446739667933496,0.28446739667933496
3.58351893845611,3.5371877503608813,-0.046331188095228626,0.046331188095228626
4.330733340286331,4.4126902281692155,0.08195688788288447,0.08195688788288447
4.51085950651685,4.4244060263117655,-0.08645348020508425,0.08645348020508425
3.9318256327243257,3.68293539606812,-0.24889023665620558,0.24889023665620558
3.713572066704308,4.075507354901585,0.3619352881972775,0.3619352881972775
4.330733340286331,3.873819902098794,-0.45691343818753705,0.45691343818753705
3.4339872044851463,3.7153658884839578,0.2813786839988115,0.2813786839988115
3.713572066704308,4.205162746562727,0.49159067985841887,0.49159067985841887
3.044522437723423,3.722389584661597,0.6778671469381741,0.6778671469381741
4.2626798770413155,3.9537797833880988,-0.3089000936532167,0.3089000936532167
4.110873864173311,3.6610270576455273,-0.4498468065277841,0.4498468065277841
3.58351893845611,3.90139857145104,0.3178796329949303,0.3178796329949303
4.2626798770413155,3.8879420136920375,-0.37473786334927794,0.37473786334927794
4.110873864173311,3.946716471592844,-0.16415739258046713,0.16415739258046713
4.127134385045092,4.0853424500598425,-0.041791934985249135,0.041791934985249135
4.406719247264253,4.709379180138468,0.30265993287421455,0.30265993287421455
3.9318256327243257,3.5749952956032085,-0.3568303371211172,0.3568303371211172
3.5553480614894135,3.7218124916160065,0.16646443012659295,0.16646443012659295
3.9318256327243257,3.8081486524497774,-0.12367698027454832,0.12367698027454832
4.51085950651685,4.175164376029227,-0.3356951304876228,0.3356951304876228
4.454347296253507,4.073354670398182,-0.3809926258553249,0.3809926258553249
4.330733340286331,4.040369902888927,-0.2903634373974038,0.2903634373974038
3.713572066704308,3.3610150712876687,-0.3525569954166392,0.3525569954166392
3.9318256327243257,4.078745123887378,0.14691949116305247,0.14691949116305247
4.2626798770413155,4.135089318285639,-0.12759055875567604,0.12759055875567604
4.394449154672439,4.008413218067272,-0.38603593660516733,0.38603593660516733
4.394449154672439,4.164525241762777,-0.22992391290966196,0.22992391290966196
4.2626798770413155,4.024635486168269,-0.2380443908730463,0.2380443908730463
4.23410650459726,4.063398856185172,-0.17070764841208774,0.17070764841208774
3.9318256327243257,3.6386531121163626,-0.29317252060796317,0.29317252060796317
3.828641396489095,3.892976467167789,0.06433507067869382,0.06433507067869382
3.044522437723423,3.0397034035062385,-0.004819034217184548,0.004819034217184548
3.9318256327243257,3.74955596029751,-0.1822696724268158,0.1822696724268158
3.258096538021482,3.6679744981243254,0.4098779601028433,0.4098779601028433
3.9318256327243257,3.7559848191045644,-0.17584081361976134,0.17584081361976134
3.4339872044851463,4.0553029571433985,0.6213157526582522,0.6213157526582522
4.189654742026425,4.000707971834439,-0.18894677019198625,0.18894677019198625
4.330733340286331,3.9591693365058998,-0.3715640037804313,0.3715640037804313
3.9318256327243257,4.16392223305252,0.23209660032819412,0.23209660032819412
2.772588722239781,3.1050444066914453,0.3324556844516642,0.3324556844516642
3.951243718581427,4.0188649037595425,0.06762118517811544,0.06762118517811544
4.110873864173311,4.067054591192488,-0.043819272980823776,0.043819272980823776
4.499809670330265,3.9328237546764333,-0.5669859156538317,0.5669859156538317
3.58351893845611,3.553303721773407,-0.030215216682702994,0.030215216682702994
4.51085950651685,4.095394269627599,-0.41546523688925063,0.41546523688925063
4.2626798770413155,4.067897289019612,-0.19478258802170334,0.19478258802170334
4.2626798770413155,3.7421468470604253,-0.5205330299808901,0.5205330299808901
4.394449154672439,4.397114464041012,0.002665309368572899,0.002665309368572899
3.713572066704308,3.8770157170541535,0.16344365034984554,0.16344365034984554
4.454347296253507,4.323579715460534,-0.13076758079297335,0.13076758079297335
3.9318256327243257,3.251097123764836,-0.6807285089594899,0.6807285089594899
4.2626798770413155,3.9627777859522086,-0.2999020910891068,0.2999020910891068
3.044522437723423,4.045518549296296,1.000996111572873,1.000996111572873
4.110873864173311,3.677049968915091,-0.4338238952582203,0.4338238952582203
3.258096538021482,3.5574055590619738,0.2993090210404916,0.2993090210404916
4.394449154672439,3.9405533611584276,-0.45389579351401155,0.45389579351401155
3.044522437723423,3.7487744932249782,0.7042520555015552,0.7042520555015552
4.2626798770413155,3.732782541095868,-0.5298973359454475,0.5298973359454475
3.9318256327243257,3.777825409758156,-0.1540002229661699,0.1540002229661699
2.772588722239781,3.4244138665322943,0.6518251442925131,0.6518251442925131
3.58351893845611,3.6040040811643292,0.020485142708219328,0.020485142708219328
4.465908118654584,4.270957387943218,-0.1949507307113656,0.1949507307113656
3.044522437723423,3.4439756424555217,0.39945320473209867,0.39945320473209867
3.9318256327243257,3.9968141852720653,0.06498855254773961,0.06498855254773961
4.290459441148391,4.14422203329774,-0.1462374078506512,0.1462374078506512
4.532599493153256,3.986972953347562,-0.5456265398056943,0.5456265398056943
3.9318256327243257,3.964689950151753,0.03286431742742746,0.03286431742742746
4.2626798770413155,4.142994804377638,-0.11968507266367734,0.11968507266367734
4.51085950651685,4.329440085841346,-0.18141942067550332,0.18141942067550332
4.394449154672439,4.065248663427076,-0.32920049124536277,0.32920049124536277
4.110873864173311,3.9307873088378473,-0.18008655533546403,0.18008655533546403
4.330733340286331,4.219794219792561,-0.11093912049376975,0.11093912049376975
3.044522437723423,3.166462166122463,0.12193972839903999,0.12193972839903999
4.189654742026425,4.222819487174704,0.033164745148278385,0.033164745148278385
4.110873864173311,3.9174285602953605,-0.1934453038779509,0.1934453038779509
2.772588722239781,3.624447501874396,0.8518587796346146,0.8518587796346146
3.4339872044851463,3.525454248777697,0.0914670442925507,0.0914670442925507
3.044522437723423,4.177510657252469,1.1329882195290462,1.1329882195290462
3.9318256327243257,3.9138871630774092,-0.017938469646916477,0.017938469646916477
3.9318256327243257,3.897590777970501,-0.034234854753824706,0.034234854753824706
3.4339872044851463,3.6015458817989,0.16755867731375362,0.16755867731375362
4.330733340286331,3.8463427005053283,-0.4843906397810027,0.4843906397810027
4.454347296253507,4.328438627978651,-0.1259086682748567,0.1259086682748567
3.044522437723423,3.984191016850594,0.9396685791271708,0.9396685791271708
3.9318256327243257,3.842309001355173,-0.08951663136915267,0.08951663136915267
3.6635616461296463,3.5795521048086347,-0.08400954132101157,0.08400954132101157
4.51085950651685,4.092313704478232,-0.4185458020386177,0.4185458020386177
3.9318256327243257,4.072508515359931,0.14068288263560502,0.14068288263560502
3.044522437723423,3.2518639130217286,0.2073414752983056,0.2073414752983056
3.9318256327243257,4.0872632750158555,0.1554376422915298,0.1554376422915298
3.4339872044851463,3.5803217473498528,0.14633454286470648,0.14633454286470648
3.828641396489095,3.9324184691381507,0.10377707264905567,0.10377707264905567
3.9318256327243257,3.993337122426686,0.06151148970236031,0.06151148970236031
4.189654742026425,3.9500741193094036,-0.23958062271702163,0.23958062271702163
2.3978952727983707,3.679345741332533,1.2814504685341621,1.2814504685341621
3.258096538021482,4.249381084123182,0.9912845461016997,0.9912845461016997
4.330733340286331,3.918899518298993,-0.41183382198733787,0.41183382198733787
3.9318256327243257,3.6593397200587265,-0.2724859126655992,0.2724859126655992
4.2626798770413155,4.1162741551581545,-0.14640572188316092,0.14640572188316092
4.110873864173311,3.5445952152809648,-0.5662786488923466,0.5662786488923466
4.204692619390966,3.9240275248000245,-0.28066509459094124,0.28066509459094124
4.454347296253507,4.17894903315941,-0.27539826309409765,0.27539826309409765
4.330733340286331,4.236056200973234,-0.09467713931309696,0.09467713931309696
3.9318256327243257,4.047748452713748,0.115922819989422,0.115922819989422
4.5217885770490405,4.054763591337704,-0.4670249857113369,0.4670249857113369
3.9318256327243257,3.957910499052111,0.02608486632778506,0.02608486632778506
4.110873864173311,4.174550544460646,0.06367668028733497,0.06367668028733497
3.828641396489095,3.4702641930503346,-0.35837720343876045,0.35837720343876045
4.189654742026425,3.9732114515938597,-0.2164432904325655,0.2164432904325655
4.394449154672439,3.986225448656282,-0.4082237060161571,0.4082237060161571
4.330733340286331,4.106616072835463,-0.22411726745086824,0.22411726745086824
4.454347296253507,4.3311963838173115,-0.1231509124361958,0.1231509124361958
4.330733340286331,3.8650022264721757,-0.46573111381415533,0.46573111381415533
3.4339872044851463,3.3027689929842317,-0.13121821150091462,0.13121821150091462
4.454347296253507,4.046917398364885,-0.4074298978886226,0.4074298978886226
3.713572066704308,4.13232980890599,0.4187577422016817,0.4187577422016817
3.9318256327243257,3.837334954066075,-0.09449067865825089,0.09449067865825089
3.58351893845611,3.842701915674346,0.25918297721823613,0.25918297721823613
3.9318256327243257,3.6445262507999816,-0.2872993819243441,0.2872993819243441
3.9318256327243257,4.177034714512113,0.24520908178778766,0.24520908178778766
4.51085950651685,4.5570285432943365,0.04616903677748674,0.04616903677748674
4.2626798770413155,3.9890575619194526,-0.27362231512186286,0.27362231512186286
4.110873864173311,3.991150068771713,-0.11972379540159839,0.11972379540159839
4.564348191467836,4.164953713337358,-0.39939447813047835,0.39939447813047835
3.951243718581427,4.1924133271594,0.2411696085779731,0.2411696085779731
4.430816798843313,4.0649000381961065,-0.3659167606472069,0.3659167606472069
4.51085950651685,4.100650609874774,-0.41020889664207605,0.41020889664207605
3.9318256327243257,3.8106607433058173,-0.12116488941850845,0.12116488941850845
4.48863636973214,4.097784156889686,-0.39085221284245364,0.39085221284245364
4.394449154672439,4.134363404556475,-0.26008575011596413,0.26008575011596413
3.5263605246161616,3.916432555086454,0.3900720304702925,0.3900720304702925
3.9318256327243257,3.7469786041958097,-0.18484702852851598,0.18484702852851598
4.5217885770490405,4.131116367082741,-0.3906722099662998,0.3906722099662998
3.4339872044851463,3.7593429468044155,0.3253557423192692,0.3253557423192692
4.477336814478207,4.268651709706878,-0.2086851047713285,0.2086851047713285
3.4339872044851463,4.008397100573854,0.5744098960887074,0.5744098960887074
4.290459441148391,4.1679663597472345,-0.12249308140115645,0.12249308140115645
3.58351893845611,3.245112486674267,-0.33840645178184303,0.33840645178184303
3.58351893845611,3.6174279601328894,0.03390902167677945,0.03390902167677945
3.044522437723423,4.188388151370135,1.1438657136467119,1.1438657136467119
2.5649493574615367,3.9811955257379243,1.4162461682763876,1.4162461682763876
4.465908118654584,4.168919924780021,-0.29698819387456243,0.29698819387456243
4.330733340286331,4.02749287569268,-0.3032404645936513,0.3032404645936513
4.330733340286331,3.896388218744722,-0.4343451215416092,0.4343451215416092
3.4339872044851463,3.430470012510491,-0.003517191974655276,0.003517191974655276
4.110873864173311,3.9529121372158613,-0.15796172695745003,0.15796172695745003
4.51085950651685,4.3574386904029225,-0.15342081611392722,0.15342081611392722
3.9318256327243257,3.593746714701386,-0.33807891802293977,0.33807891802293977
3.9318256327243257,4.116245339143566,0.1844197064192401,0.1844197064192401
4.2626798770413155,4.305734200756899,0.04305432371558382,0.04305432371558382
4.394449154672439,4.22480268194479,-0.1696464727276492,0.1696464727276492
4.110873864173311,4.0400018813003555,-0.07087198287295582,0.07087198287295582
4.51085950651685,4.0704196944849285,-0.4404398120319213,0.4404398120319213
4.394449154672439,4.026726048594218,-0.36772310607822156,0.36772310607822156
3.258096538021482,3.690559527647613,0.43246298962613094,0.43246298962613094
4.189654742026425,3.9013472075482367,-0.28830753447818847,0.28830753447818847
4.51085950651685,4.161078522632592,-0.3497809838842576,0.3497809838842576
2.772588722239781,3.597953613786954,0.825364891547173,0.825364891547173
3.4339872044851463,3.9144117569991703,0.48042455251402405,0.48042455251402405
4.465908118654584,4.041886669074726,-0.42402144957985755,0.42402144957985755
4.394449154672439,3.710625374227882,-0.6838237804445573,0.6838237804445573
3.9318256327243257,4.055170187120519,0.12334455439619285,0.12334455439619285
3.9318256327243257,3.6984361857525876,-0.23338944697173813,0.23338944697173813
4.454347296253507,4.142427732220208,-0.3119195640332997,0.3119195640332997
3.9318256327243257,3.761553855973201,-0.17027177675112481,0.17027177675112481
4.330733340286331,4.445460839412307,0.11472749912597635,0.11472749912597635
3.9318256327243257,3.899770453784895,-0.03205517893943055,0.03205517893943055
3.044522437723423,3.8875850673792893,0.8430626296558663,0.8430626296558663
3.9318256327243257,3.6878875593359957,-0.24393807338833007,0.24393807338833007
3.713572066704308,3.6730468927436677,-0.04052517396064026,0.04052517396064026
4.330733340286331,4.014289803579421,-0.3164435367069105,0.3164435367069105
4.110873864173311,4.472879893876305,0.3620060297029939,0.3620060297029939
4.394449154672439,4.029983455705668,-0.3644656989667707,0.3644656989667707
4.394449154672439,4.045627321183821,-0.3488218334886177,0.3488218334886177
4.51085950651685,4.1861466385333665,-0.3247128679834832,0.3247128679834832
4.418840607796598,4.1571094727124605,-0.2617311350841378,0.2617311350841378
3.5553480614894135,3.9079666006741256,0.3526185391847121,0.3526185391847121
4.110873864173311,3.6335611029564836,-0.47731276121682775,0.47731276121682775
3.4339872044851463,3.272979733456537,-0.16100747102860913,0.16100747102860913
3.258096538021482,3.5599280558630144,0.3018315178415323,0.3018315178415323
4.330733340286331,3.8168457004998118,-0.5138876397865193,0.5138876397865193
4.394449154672439,4.10159457465334,-0.2928545800190987,0.2928545800190987
4.330733340286331,3.96646140849911,-0.36427193178722117,0.36427193178722117
3.951243718581427,4.018908945827634,0.0676652272462066,0.0676652272462066
3.044522437723423,3.597799411106605,0.5532769733831819,0.5532769733831819
4.330733340286331,4.081053050525325,-0.24968028976100598,0.24968028976100598
4.394449154672439,4.0596314724052736,-0.3348176822671656,0.3348176822671656
4.2626798770413155,3.9413784132108844,-0.321301463830431,0.321301463830431
3.951243718581427,4.25817603378928,0.30693231520785247,0.30693231520785247
4.330733340286331,3.881090592406462,-0.449642747879869,0.449642747879869
3.9318256327243257,3.909153348781053,-0.02267228394327292,0.02267228394327292
4.394449154672439,3.9005172633233616,-0.49393189134907756,0.49393189134907756
3.4339872044851463,3.8632632749878253,0.429276070502679,0.429276070502679
3.4339872044851463,4.163791722458622,0.7298045179734753,0.7298045179734753
3.9318256327243257,3.7158901343130375,-0.21593549841128823,0.21593549841128823
4.442651256490317,4.324558007527605,-0.11809324896271178,0.11809324896271178
3.951243718581427,4.210163177978637,0.25891945939720973,0.25891945939720973
3.4339872044851463,3.7671351302866416,0.3331479258014953,0.3331479258014953
4.110873864173311,4.14745306152268,0.03657919734936854,0.03657919734936854
3.4339872044851463,3.9034988035231,0.4695115990379537,0.4695115990379537
4.465908118654584,4.187572418635268,-0.2783357000193156,0.2783357000193156
4.330733340286331,4.265111513414158,-0.06562182687217266,0.06562182687217266
4.48863636973214,4.275946180222552,-0.21269018950958785,0.21269018950958785
3.9318256327243257,3.9658878214217363,0.03406218869741062,0.03406218869741062
4.2626798770413155,4.095317165345757,-0.16736271169555827,0.16736271169555827
3.4339872044851463,3.747689370562012,0.31370216607686574,0.31370216607686574
3.044522437723423,3.2650213957397862,0.2204989580163632,0.2204989580163632
4.51085950651685,3.892252167675657,-0.6186073388411928,0.6186073388411928
4.454347296253507,4.1386924744814655,-0.31565482177204185,0.31565482177204185
4.499809670330265,4.251878995110121,-0.247930675220144,0.247930675220144
4.406719247264253,4.083960772868603,-0.3227584743956502,0.3227584743956502
3.9318256327243257,3.7775341319086566,-0.1542915008156691,0.1542915008156691
2.3978952727983707,3.627184823508273,1.2292895507099022,1.2292895507099022
3.9318256327243257,3.8066786983588545,-0.1251469343654712,0.1251469343654712
4.2626798770413155,4.056920325571267,-0.20575955147004876,0.20575955147004876
3.828641396489095,3.786328662416479,-0.04231273407261593,0.04231273407261593
3.9318256327243257,3.7680054810752677,-0.16382015164905805,0.16382015164905805
3.4339872044851463,3.513060886131697,0.07907368164655093,0.07907368164655093
4.2626798770413155,4.014128869515531,-0.2485510075257844,0.2485510075257844
4.499809670330265,4.335602086364906,-0.16420758396535895,0.16420758396535895
3.713572066704308,3.91853018059833,0.2049581138940222,0.2049581138940222
4.465908118654584,4.0187817118728155,-0.4471264067817682,0.4471264067817682
4.330733340286331,4.0417661299154855,-0.2889672103708456,0.2889672103708456
4.394449154672439,3.978863494657216,-0.415585660015223,0.415585660015223
3.9318256327243257,4.019316587422371,0.08749095469804535,0.08749095469804535
4.110873864173311,3.8115763998165564,-0.29929746435675497,0.29929746435675497
3.9318256327243257,3.7787261964199397,-0.15309943630438605,0.15309943630438605
2.772588722239781,3.328489472394428,0.5559007501546467,0.5559007501546467
3.258096538021482,3.7020577727338155,0.4439612347123334,0.4439612347123334
3.970291913552122,3.7609653673701526,-0.20932654618196933,0.20932654618196933
4.394449154672439,4.285565331191958,-0.10888382348048076,0.10888382348048076
3.828641396489095,4.025686448388574,0.19704505189947863,0.19704505189947863
4.454347296253507,4.280167084128439,-0.1741802121250684,0.1741802121250684
3.5263605246161616,3.11965315320428,-0.4067073714118816,0.4067073714118816
3.9318256327243257,3.7931848017346614,-0.1386408309896643,0.1386408309896643
3.5263605246161616,3.7215591201435956,0.19519859552743402,0.19519859552743402
3.044522437723423,3.7641624331877876,0.7196399954643646,0.7196399954643646
4.110873864173311,3.901171241074295,-0.20970262309901644,0.20970262309901644
3.58351893845611,3.423499019821379,-0.16001991863473108,0.16001991863473108
4.406719247264253,4.424918329051362,0.018199081787108717,0.018199081787108717
3.713572066704308,3.5569354091910443,-0.1566366575132636,0.1566366575132636
3.9318256327243257,4.066248130941361,0.134422498217035,0.134422498217035
3.9318256327243257,3.8465056840860488,-0.08531994863827697,0.08531994863827697
4.2626798770413155,3.839750915064592,-0.42292896197672336,0.42292896197672336
3.044522437723423,4.149619222890992,1.1050967851675693,1.1050967851675693
4.394449154672439,3.9992873373711997,-0.39516181730123945,0.39516181730123945
4.07753744390572,3.997392648632397,-0.08014479527332252,0.08014479527332252
2.3978952727983707,3.972865783831759,1.5749705110333885,1.5749705110333885
4.2626798770413155,4.050661763542126,-0.2120181134991892,0.2120181134991892
4.499809670330265,4.109567762307872,-0.3902419080223929,0.3902419080223929
3.713572066704308,3.3726163942726872,-0.3409556724316207,0.3409556724316207
3.9318256327243257,3.8683020036344633,-0.06352362908986242,0.06352362908986242
4.2626798770413155,3.59035154986958,-0.6723283271717353,0.6723283271717353
3.044522437723423,3.1420377604050582,0.09751532268163521,0.09751532268163521
3.828641396489095,3.2584272035755992,-0.5702141929134958,0.5702141929134958
4.51085950651685,4.203586446523301,-0.30727305999354915,0.30727305999354915
4.2626798770413155,4.117695095885879,-0.14498478115543634,0.14498478115543634
4.189654742026425,3.6731714309513546,-0.5164833110750706,0.5164833110750706
3.9318256327243257,3.967439302781177,0.035613670056851454,0.035613670056851454
4.189654742026425,4.044017037997278,-0.14563770402914678,0.14563770402914678
4.110873864173311,4.155742581409397,0.044868717236085764,0.044868717236085764
3.58351893845611,3.5344489567091686,-0.04906998174694133,0.04906998174694133
3.9318256327243257,3.9980530115641626,0.06622737883983687,0.06622737883983687
4.394449154672439,4.0566095645025895,-0.33783959016984966,0.33783959016984966
4.110873864173311,4.131001176761825,0.020127312588513746,0.020127312588513746
4.394449154672439,4.309912111155467,-0.08453704351697233,0.08453704351697233
3.713572066704308,3.7034451144373133,-0.010126952266994671,0.010126952266994671
4.454347296253507,4.275927088146014,-0.17842020810749304,0.17842020810749304
4.51085950651685,4.284040649575098,-0.22681885694175197,0.22681885694175197
3.044522437723423,3.7171133066439492,0.6725908689205262,0.6725908689205262
4.330733340286331,4.2942017615391315,-0.03653157874719959,0.03653157874719959
4.330733340286331,3.628711796966031,-0.7020215433203001,0.7020215433203001
3.9318256327243257,4.087407700673904,0.15558206794957785,0.15558206794957785
2.3978952727983707,4.22697566143907,1.8290803886406994,1.8290803886406994
3.58351893845611,3.93456667105602,0.35104773259990996,0.35104773259990996
3.9318256327243257,3.8709494288361745,-0.06087620388815118,0.06087620388815118
4.189654742026425,4.074857800120267,-0.11479694190615852,0.11479694190615852
4.394449154672439,4.121793953896915,-0.2726552007755245,0.2726552007755245
3.80666248977032,4.069129372013038,0.2624668822427183,0.2624668822427183
4.394449154672439,4.129513477586247,-0.2649356770861919,0.2649356770861919
4.189654742026425,3.8565485323327318,-0.3331062096936934,0.3331062096936934
4.189654742026425,4.301198881909625,0.11154413988319956,0.11154413988319956
4.110873864173311,3.9654752178132893,-0.1453986463600221,0.1453986463600221
4.23410650459726,4.048527731504826,-0.1855787730924341,0.1855787730924341
3.9318256327243257,4.155475391525226,0.22364975880089988,0.22364975880089988
4.2626798770413155,3.905884632359884,-0.35679524468143153,0.35679524468143153
2.3978952727983707,3.4738649880996224,1.0759697153012517,1.0759697153012517
4.465908118654584,4.0012454723145225,-0.46466264634006116,0.46466264634006116
3.828641396489095,3.74144815402507,-0.08719324246402493,0.08719324246402493
4.394449154672439,4.156811704994516,-0.23763744967792277,0.23763744967792277
4.51085950651685,3.9609993871430085,-0.5498601193738413,0.5498601193738413
3.713572066704308,3.5816968921566072,-0.1318751745477007,0.1318751745477007
4.51085950651685,4.153924400870582,-0.35693510564626774,0.35693510564626774
3.9318256327243257,4.311472562402901,0.3796469296785756,0.3796469296785756
4.2626798770413155,4.00665356555932,-0.2560263114819952,0.2560263114819952
3.4339872044851463,3.805630547219708,0.3716433427345618,0.3716433427345618
3.9318256327243257,3.8457200934839655,-0.08610553924036024,0.08610553924036024
4.2626798770413155,4.246543689448305,-0.01613618759301083,0.01613618759301083
3.4339872044851463,3.783748075563198,0.34976087107805176,0.34976087107805176
4.110873864173311,4.060023803966045,-0.050850060207266345,0.050850060207266345
3.258096538021482,4.173099750979834,0.9150032129583523,0.9150032129583523
3.9318256327243257,3.9627777859522086,0.030952153227882917,0.030952153227882917
4.51085950651685,4.307767792357969,-0.20309171415888105,0.20309171415888105
4.51085950651685,4.247927354151503,-0.26293215236534717,0.26293215236534717
4.394449154672439,3.650260261751522,-0.7441888929209171,0.7441888929209171
4.290459441148391,4.155569808361031,-0.13488963278735966,0.13488963278735966
3.258096538021482,3.6059564954781376,0.34785995745665543,0.34785995745665543
4.2626798770413155,4.056151595174274,-0.2065282818670413,0.2065282818670413
3.951243718581427,4.135715542991113,0.18447182440968568,0.18447182440968568
4.532599493153256,4.178678990030065,-0.35392050312319157,0.35392050312319157
3.951243718581427,4.019024930672256,0.06778121209082855,0.06778121209082855
3.4339872044851463,3.606039605229409,0.17205240074426253,0.17205240074426253
4.330733340286331,3.9058056516786266,-0.42492768860770447,0.42492768860770447
3.9318256327243257,3.9368426568226553,0.005017024098329603,0.005017024098329603
4.143134726391533,4.172954185009832,0.0298194586182996,0.0298194586182996
3.1780538303479458,3.4131369159816,0.23508308563365432,0.23508308563365432
3.713572066704308,3.836359483363447,0.12278741665913895,0.12278741665913895
3.713572066704308,3.527647371015082,-0.18592469568922576,0.18592469568922576
3.951243718581427,4.14198076445043,0.1907370458690032,0.1907370458690032
3.951243718581427,4.233737162195529,0.28249344361410156,0.28249344361410156
3.9318256327243257,3.8246175535074247,-0.10720807921690101,0.10720807921690101
3.9318256327243257,3.780889277835556,-0.15093635488876966,0.15093635488876966
3.044522437723423,3.527071516698088,0.48254907897466515,0.48254907897466515
4.110873864173311,4.080157811653969,-0.030716052519342618,0.030716052519342618
3.9318256327243257,3.7249951539237136,-0.20683047880061212,0.20683047880061212
4.48863636973214,4.225261105597599,-0.2633752641345408,0.2633752641345408
4.394449154672439,4.225098667147106,-0.16935048752533355,0.16935048752533355
3.9318256327243257,3.7008339310552736,-0.23099170166905214,0.23099170166905214
4.110873864173311,3.9800479793296346,-0.13082588484367674,0.13082588484367674
4.110873864173311,3.980110042270011,-0.1307638219033005,0.1307638219033005
3.951243718581427,4.333841566906692,0.3825978483252648,0.3825978483252648
4.394449154672439,4.4658195051580085,0.07137035048556939,0.07137035048556939
4.394449154672439,3.966148533636816,-0.42830062103562305,0.42830062103562305
3.4339872044851463,4.047423109749606,0.6134359052644598,0.6134359052644598
3.044522437723423,3.5247761489585168,0.48025371123509375,0.48025371123509375
